// Generated by tools/gen_pal_overread.py from the base ROM -- do not edit.
// The bytes each palette load copies on the GBA, including the part past
// the palette's own banks; see the script for why.
#include "global.h"
#include "graphics.h"
#include "pal_overread.h"

extern Palette arrival_pal[];
extern Palette bon_dance_bg_pal[];
extern Palette bon_dance_prologue_bg_pal[];
extern Palette bon_dance_prologue_obj_pal[];
extern Palette bon_odori_bg_pal[];
extern Palette bon_odori_prologue_bg_pal[];
extern Palette bon_odori_prologue_obj_pal[];
extern Palette bouncy_road_prologue_pal[];
extern Palette bunny_hop_prologue_pal[];
extern Palette bunny_hop_remix_3_pal[];
extern Palette cafe_bg_pal[];
extern Palette cafe_obj_pal[];
extern Palette cat_machine_pal[];
extern Palette clappy_trio_bg_pal[];
extern Palette clappy_trio_obj_pal[];
extern Palette clappy_trio_prologue_bg_pal[];
extern Palette clappy_trio_prologue_obj_pal[];
extern Palette cosmic_dance_bg_pal[];
extern Palette cosmic_dance_obj_pal[];
extern Palette cosmic_dance_prologue_bg_pal[];
extern Palette cosmic_dance_prologue_obj_pal[];
extern Palette data_room_pal[];
extern Palette drum_boys_bg_pal[];
extern Palette drum_boys_obj_pal[];
extern Palette drum_girls_bg_pal[];
extern Palette drum_girls_obj_pal[];
extern Palette drum_intro_play_pal[];
extern Palette drum_intro_talk_pal[];
extern Palette drum_lessons_bg_screen_pal[];
extern Palette drum_lessons_obj_pal[];
extern Palette drum_live_menu_pal[];
extern Palette drum_samurai_band_bg_pal[];
extern Palette drum_samurai_band_obj_pal[];
extern Palette endless_menu_pal[];
extern Palette game_select_bg_overlay_pal[];
extern Palette game_select_obj_pal[];
extern Palette karate_man_2_pal[];
extern Palette karate_man_pal[];
extern Palette karate_man_prologue_bg_pal[];
extern Palette karate_man_prologue_obj_pal[];
extern Palette lessons_menu_pal[];
extern Palette love_machine_pal[];
extern Palette main_menu_pal[];
extern Palette mannequin_factory_pal[];
extern Palette marching_orders_2_bg_pal[];
extern Palette marching_orders_2_obj_pal[];
extern Palette marching_orders_2_prologue_bg_pal[];
extern Palette marching_orders_2_prologue_obj_pal[];
extern Palette marching_orders_bg_pal[];
extern Palette marching_orders_obj_pal[];
extern Palette marching_orders_prologue_bg_pal[];
extern Palette marching_orders_prologue_obj_pal[];
extern Palette marching_orders_remix_7_bg_pal[];
extern Palette marching_orders_remix_7_obj_pal[];
extern Palette metronome_pal[];
extern Palette night_walk_prologue_pal[];
extern Palette ninja_bodyguard_bg_pal[];
extern Palette ninja_bodyguard_obj_pal[];
extern Palette ninja_bodyguard_prologue_pal[];
extern Palette ninja_reincarnate_bg_pal[];
extern Palette ninja_reincarnate_obj_pal[];
extern Palette ninja_reincarnate_prologue_pal[];
extern Palette options_pal[];
extern Palette perfect_certificate_pal[];
extern Palette power_calligraphy_prologue_pal[];
extern Palette quiz_show_bg_pal[];
extern Palette quiz_show_obj_pal[];
extern Palette quiz_show_prologue_pal[];
extern Palette rank_results_pal[];
extern Palette rap_machine_pal[];
extern Palette rap_men_bg_pal[];
extern Palette rap_men_obj_pal[];
extern Palette rap_men_prologue_pal[];
extern Palette rap_women_bg_pal[];
extern Palette rap_women_obj_pal[];
extern Palette rap_women_prologue_pal[];
extern Palette rat_race_prologue_pal[];
extern Palette reading_obj_pal[];
extern Palette reading_style_bulletin_pal[];
extern Palette reading_style_cherry_pal[];
extern Palette reading_style_classroom_pal[];
extern Palette reading_style_cooking_pal[];
extern Palette reading_style_haiku_pal[];
extern Palette reading_style_mail_pal[];
extern Palette reading_style_manzai_pal[];
extern Palette reading_style_sea_pal[];
extern Palette reading_style_train_pal[];
extern Palette remix_1_prologue_bg_pal[];
extern Palette remix_1_prologue_obj_pal[];
extern Palette remix_2_prologue_pal[];
extern Palette remix_3_prologue_pal[];
extern Palette remix_4_prologue_pal[];
extern Palette remix_5_prologue_pal[];
extern Palette remix_6_prologue_pal[];
extern Palette remix_7_prologue_pal[];
extern Palette remix_8_prologue_pal[];
extern Palette rhythm_tweezers_2_pal[];
extern Palette rhythm_tweezers_pal[];
extern Palette rhythm_tweezers_prologue_bg_pal[];
extern Palette rhythm_tweezers_prologue_obj_pal[];
extern Palette samurai_slice_prologue_pal[];
extern Palette score_results_pal[];
extern Palette showtime_bg_pal[];
extern Palette showtime_obj_pal[];
extern Palette showtime_prologue_pal[];
extern Palette showtime_remix_3_bg_pal[];
extern Palette sick_beats_prologue_pal[];
extern Palette snappy_trio_bg_pal[];
extern Palette snappy_trio_prologue_pal[];
extern Palette sneaky_spirits_prologue_pal[];
extern Palette space_dance_bg_pal[];
extern Palette space_dance_obj_pal[];
extern Palette space_dance_prologue_pal[];
extern Palette space_dance_remix_3_bg_pal[];
extern Palette spaceball_prologue_bg_pal[];
extern Palette spaceball_prologue_obj_pal[];
extern Palette studio_bg_pal[];
extern Palette tanuki_and_monkey_bg_pal[];
extern Palette tanuki_and_monkey_obj_pal[];
extern Palette tap_trial_2_bg_pal[];
extern Palette tap_trial_2_obj_pal[];
extern Palette tap_trial_2_prologue_bg_pal[];
extern Palette tap_trial_2_prologue_obj_pal[];
extern Palette tap_trial_bg_pal[];
extern Palette tap_trial_obj_pal[];
extern Palette tap_trial_prologue_bg_pal[];
extern Palette tap_trial_prologue_obj_pal[];
extern Palette tap_trial_remix_5_bg_pal[];
extern Palette tap_trial_remix_5_obj_pal[];
extern Palette tap_trial_remix_7_bg_pal[];
extern Palette tap_trial_remix_7_obj_pal[];
extern Palette tap_trial_remix_8_bg_pal[];
extern Palette tap_trial_remix_8_obj_pal[];
extern Palette title_pal[];
extern Palette toss_boys_2_prologue_bg_pal[];
extern Palette toss_boys_2_prologue_obj_pal[];
extern Palette toss_boys_prologue_bg_pal[];
extern Palette toss_boys_prologue_obj_pal[];
extern Palette toys_menu_pal[];
extern Palette tram_pauline_obj_pal[];
extern Palette tram_pauline_prologue_pal[];
extern Palette tram_pauline_remix_3_bg_pal[];
extern Palette tram_pauline_tutorial_pal[];
extern Palette wizards_waltz_prologue_pal[];

// [0890011c] arrival_pal: 0x60 bytes defined, 0x200 copied
static const u16 rom_arrival_pal[] = {
    0x4248, 0x0000, 0x003f, 0x0000, 0x0ffe, 0x0000, 0x0000, 0x0000, 0x7fff, 0x0000, 0x0000, 0x0000, 0x0000, 0x0000, 0x0000, 0x0000,
    0x5992, 0x0000, 0x0413, 0x003f, 0x0693, 0x0ffe, 0x0ac3, 0x0fe5, 0x66ec, 0x7f8f, 0x5c40, 0x7d85, 0x5998, 0x71ff, 0x56d5, 0x7fff,
    0x5992, 0x4f5f, 0x12a4, 0x0e23, 0x37bc, 0x3fff, 0x0000, 0x2d7f, 0x7774, 0x7fd5, 0x297d, 0x7d85, 0x296a, 0x4651, 0x6759, 0x7fff,
    0x0001, 0x00f8, 0x41f8, 0x0004, 0x0001, 0x00d8, 0x41c2, 0x0000, 0x0001, 0x00d8, 0x41c1, 0x0000, 0x0001, 0x00d8, 0x41c0, 0x0000,
    0x0001, 0x00e8, 0x41c2, 0x0000, 0x0001, 0x00e8, 0x41c1, 0x0000, 0x0001, 0x00e8, 0x41c0, 0x0000, 0x0001, 0x00f8, 0x41f8, 0x0002,
    0x0001, 0x00fa, 0x41f8, 0x0002, 0x0001, 0x00f9, 0x41f8, 0x0002, 0x017c, 0x0890, 0x0004, 0x0000, 0x0000, 0x0000, 0x0000, 0x0000,
    0x0184, 0x0890, 0x0004, 0x0000, 0x018c, 0x0890, 0x0004, 0x0000, 0x0194, 0x0890, 0x001e, 0x0000, 0x0000, 0x0000, 0x0000, 0x0000,
    0x019c, 0x0890, 0x0004, 0x0000, 0x01a4, 0x0890, 0x0004, 0x0000, 0x01ac, 0x0890, 0x001e, 0x0000, 0x0000, 0x0000, 0x0000, 0x0000,
    0x01bc, 0x0890, 0x0003, 0x0000, 0x01c4, 0x0890, 0x0003, 0x0000, 0x01b4, 0x0890, 0x0028, 0x0000, 0x0000, 0x0000, 0x0000, 0x0000,
    0x252a, 0x0000, 0x1df6, 0x252a, 0x6b5b, 0x14df, 0x54c4, 0x6a3f, 0x7e4d, 0x0bff, 0x06a0, 0x0fe0, 0x7fa0, 0x001f, 0x4a53, 0x7fff,
    0x3ec7, 0x0000, 0x3417, 0x4a53, 0x6b5b, 0x0bff, 0x4100, 0x7f20, 0x6600, 0x169e, 0x01c6, 0x1d9f, 0x3f3f, 0x7d3e, 0x5adf, 0x7fff,
    0x0000, 0x54c4, 0x0000, 0x0000, 0x0000, 0x0000, 0x0000, 0x7f8e, 0x7ee9, 0x0000, 0x0000, 0x0000, 0x0000, 0x0000, 0x0000, 0x0000,
    0x0000, 0x0000, 0x0000, 0x0000, 0x0000, 0x0000, 0x0000, 0x0000, 0x0000, 0x0000, 0x0000, 0x0000, 0x0000, 0x0000, 0x0000, 0x0000,
    0x0000, 0x0000, 0x0000, 0x0000, 0x0000, 0x0000, 0x0000, 0x0000, 0x0000, 0x0000, 0x0000, 0x0000, 0x0000, 0x0000, 0x0000, 0x0000,
    0x0000, 0x0000, 0x0000, 0x0000, 0x0000, 0x0000, 0x0000, 0x0000, 0x0000, 0x0000, 0x0000, 0x0000, 0x0000, 0x0000, 0x0000, 0x0000,
    0x0000, 0x0000, 0x0000, 0x0000, 0x0000, 0x0000, 0x0000, 0x0000, 0x0000, 0x0000, 0x0000, 0x0000, 0x0000, 0x0000, 0x0000, 0x0000,
};

// [088a7c18] bon_dance_bg_pal: 0xc0 bytes defined, 0x140 copied
static const u16 rom_bon_dance_bg_pal[] = {
    0x7fff, 0x4420, 0x6739, 0x23fe, 0x730b, 0x7f4c, 0x0015, 0x001e, 0x0000, 0x7adf, 0x769f, 0x4f3f, 0x1f9a, 0x258f, 0x7fff, 0x0d94,
    0x0000, 0x0000, 0x0000, 0x0000, 0x0000, 0x0000, 0x0000, 0x0000, 0x0000, 0x0000, 0x0000, 0x0000, 0x0000, 0x0000, 0x0000, 0x0000,
    0x0000, 0x0000, 0x0000, 0x0000, 0x0000, 0x0000, 0x0000, 0x0000, 0x0000, 0x0000, 0x0000, 0x0000, 0x0000, 0x0000, 0x0000, 0x0000,
    0x0000, 0x0000, 0x0000, 0x0000, 0x0000, 0x0000, 0x0000, 0x0000, 0x0000, 0x0000, 0x0000, 0x0000, 0x0000, 0x0000, 0x0000, 0x0000,
    0x7fff, 0x0000, 0x0000, 0x0000, 0x0000, 0x0000, 0x0000, 0x001e, 0x0000, 0x0000, 0x679f, 0x0000, 0x0000, 0x0000, 0x0d94, 0x0000,
    0x7fff, 0x0000, 0x0000, 0x0000, 0x0000, 0x0000, 0x0000, 0x001e, 0x0000, 0x0000, 0x4696, 0x0000, 0x0000, 0x0000, 0x0d94, 0x0000,
    0x0001, 0x00f8, 0x0000, 0x020c, 0x0001, 0x00f8, 0x0000, 0x020c, 0x000d, 0x00e1, 0x81f3, 0x0014, 0x00e6, 0x0003, 0x0209, 0x00db,
    0x01f8, 0x0208, 0x00df, 0x4006, 0x01d8, 0x00db, 0x41f8, 0x01c8, 0x00cf, 0x81f0, 0x0018, 0x80e1, 0x81f8, 0x0106, 0x80f9, 0x81f8,
    0x0116, 0x00de, 0x400a, 0x01cc, 0x00d6, 0x400e, 0x01dc, 0x0010, 0x5000, 0x018e, 0x0010, 0x41f0, 0x01da, 0x00e0, 0x81f7, 0x0014,
    0x000c, 0x00e0, 0x81f3, 0x0014, 0x00e4, 0x0003, 0x0209, 0x00d9, 0x01f8, 0x0208, 0x00de, 0x4006, 0x01d8, 0x00d9, 0x41f8, 0x01c8,
};

// [088ad5a0] bon_dance_prologue_bg_pal: 0x20 bytes defined, 0x140 copied
static const u16 rom_bon_dance_prologue_bg_pal[] = {
    0x0000, 0x1a5f, 0x1a7f, 0x1e7f, 0x229f, 0x26bf, 0x2adf, 0x32ff, 0x371f, 0x3b3f, 0x3f5f, 0x475f, 0x4b9f, 0x4f9f, 0x53bf, 0x57bf,
    0x0001, 0x00fb, 0x01fc, 0x009b, 0x0003, 0x00d7, 0x8188, 0x0014, 0x80d7, 0x41a8, 0x001f, 0x40f7, 0x8188, 0x0094, 0x0008, 0x00d7,
    0x8188, 0x0014, 0x80d7, 0x41a8, 0x001f, 0x40f7, 0x8188, 0x0094, 0x40d5, 0xc1c0, 0x0008, 0x80d5, 0x8000, 0x001c, 0x40f5, 0x81c0,
    0x0084, 0x40f5, 0x81e0, 0x0080, 0x00f5, 0x4000, 0x0098, 0x000f, 0x00d7, 0x8188, 0x0014, 0x80d7, 0x41a8, 0x001f, 0x40f7, 0x8188,
    0x0094, 0x40d5, 0xc1c0, 0x0008, 0x80d5, 0x8000, 0x001c, 0x40f5, 0x81c0, 0x0084, 0x40f5, 0x81e0, 0x0080, 0x00f5, 0x4000, 0x0098,
    0x40d5, 0xc010, 0x0000, 0x00d5, 0x8050, 0x0010, 0x80d5, 0x4070, 0x001e, 0x40f5, 0x8010, 0x0090, 0x40f5, 0x8030, 0x0088, 0x40f5,
    0x8050, 0x008c, 0x80f5, 0x0070, 0x009a, 0x000f, 0x00d6, 0x8188, 0x0014, 0x80d6, 0x41a8, 0x001f, 0x40f6, 0x8188, 0x0094, 0x40d4,
    0xc1c0, 0x0008, 0x80d4, 0x8000, 0x001c, 0x40f4, 0x81c0, 0x0084, 0x40f4, 0x81e0, 0x0080, 0x00f4, 0x4000, 0x0098, 0x40d4, 0xc010,
    0x0000, 0x00d4, 0x8050, 0x0010, 0x80d4, 0x4070, 0x001e, 0x40f4, 0x8010, 0x0090, 0x40f4, 0x8030, 0x0088, 0x40f4, 0x8050, 0x008c,
    0x80f4, 0x0070, 0x009a, 0x000f, 0x00d5, 0x8188, 0x0014, 0x80d5, 0x41a8, 0x001f, 0x40f5, 0x8188, 0x0094, 0x40d3, 0xc1c0, 0x0008,
};

// [088ad560] bon_dance_prologue_obj_pal: 0x40 bytes defined, 0x140 copied
static const u16 rom_bon_dance_prologue_obj_pal[] = {
    0x03fd, 0x7fff, 0x7c60, 0x0000, 0x0000, 0x0000, 0x0000, 0x0000, 0x0000, 0x0000, 0x0000, 0x0000, 0x0000, 0x0000, 0x0000, 0x0000,
    0x0000, 0x0000, 0x1a7f, 0x0000, 0x0000, 0x0000, 0x0000, 0x0000, 0x0000, 0x0000, 0x0000, 0x0000, 0x0000, 0x0000, 0x0000, 0x0000,
    0x0000, 0x1a5f, 0x1a7f, 0x1e7f, 0x229f, 0x26bf, 0x2adf, 0x32ff, 0x371f, 0x3b3f, 0x3f5f, 0x475f, 0x4b9f, 0x4f9f, 0x53bf, 0x57bf,
    0x0001, 0x00fb, 0x01fc, 0x009b, 0x0003, 0x00d7, 0x8188, 0x0014, 0x80d7, 0x41a8, 0x001f, 0x40f7, 0x8188, 0x0094, 0x0008, 0x00d7,
    0x8188, 0x0014, 0x80d7, 0x41a8, 0x001f, 0x40f7, 0x8188, 0x0094, 0x40d5, 0xc1c0, 0x0008, 0x80d5, 0x8000, 0x001c, 0x40f5, 0x81c0,
    0x0084, 0x40f5, 0x81e0, 0x0080, 0x00f5, 0x4000, 0x0098, 0x000f, 0x00d7, 0x8188, 0x0014, 0x80d7, 0x41a8, 0x001f, 0x40f7, 0x8188,
    0x0094, 0x40d5, 0xc1c0, 0x0008, 0x80d5, 0x8000, 0x001c, 0x40f5, 0x81c0, 0x0084, 0x40f5, 0x81e0, 0x0080, 0x00f5, 0x4000, 0x0098,
    0x40d5, 0xc010, 0x0000, 0x00d5, 0x8050, 0x0010, 0x80d5, 0x4070, 0x001e, 0x40f5, 0x8010, 0x0090, 0x40f5, 0x8030, 0x0088, 0x40f5,
    0x8050, 0x008c, 0x80f5, 0x0070, 0x009a, 0x000f, 0x00d6, 0x8188, 0x0014, 0x80d6, 0x41a8, 0x001f, 0x40f6, 0x8188, 0x0094, 0x40d4,
    0xc1c0, 0x0008, 0x80d4, 0x8000, 0x001c, 0x40f4, 0x81c0, 0x0084, 0x40f4, 0x81e0, 0x0080, 0x00f4, 0x4000, 0x0098, 0x40d4, 0xc010,
};

// [088ab324] bon_odori_bg_pal: 0xc0 bytes defined, 0x140 copied
static const u16 rom_bon_odori_bg_pal[] = {
    0x5020, 0x0000, 0x0000, 0x25d4, 0x2e59, 0x3aff, 0x0015, 0x001e, 0x0000, 0x0000, 0x679f, 0x4f3f, 0x3a77, 0x258f, 0x7fff, 0x0d50,
    0x0000, 0x0000, 0x0000, 0x0000, 0x0000, 0x0000, 0x0000, 0x0000, 0x0000, 0x0000, 0x0000, 0x0000, 0x0000, 0x0000, 0x0000, 0x0000,
    0x0000, 0x0000, 0x0000, 0x0000, 0x0000, 0x0000, 0x0000, 0x0000, 0x0000, 0x0000, 0x0000, 0x0000, 0x0000, 0x0000, 0x0000, 0x0000,
    0x0000, 0x0000, 0x0000, 0x0000, 0x0000, 0x0000, 0x0000, 0x0000, 0x0000, 0x0000, 0x0000, 0x0000, 0x0000, 0x0000, 0x0000, 0x0000,
    0x5020, 0x0000, 0x0000, 0x0000, 0x0000, 0x0000, 0x0000, 0x001e, 0x0000, 0x0000, 0x679f, 0x0000, 0x0000, 0x0000, 0x0d50, 0x0000,
    0x5020, 0x0000, 0x0000, 0x0000, 0x0000, 0x0000, 0x0000, 0x001e, 0x0000, 0x0000, 0x4696, 0x0000, 0x0000, 0x0000, 0x0d50, 0x0000,
    0x0019, 0x00f0, 0x4010, 0x121e, 0x00e8, 0x0010, 0x12bf, 0x4008, 0x01f8, 0x12bd, 0x0008, 0x0008, 0x12df, 0x00c0, 0x81f0, 0x100c,
    0x40b8, 0x01f8, 0x129d, 0x00d8, 0x81f0, 0x1004, 0x80d8, 0x41e8, 0x1187, 0x40f8, 0x81e8, 0x1197, 0x80f8, 0x0008, 0x1282, 0x8000,
    0x81f0, 0x1118, 0x8020, 0x81f0, 0x1114, 0x8010, 0x41e8, 0x1186, 0x0008, 0x01e8, 0x12dc, 0x0030, 0x41e0, 0x120c, 0x8000, 0x8000,
    0x1116, 0x0028, 0x4008, 0x1202, 0x8028, 0x0018, 0x11df, 0x8008, 0x4010, 0x1188, 0x0020, 0x0008, 0x129f, 0x402f, 0x81e7, 0x118b,
};

// [088ad938] bon_odori_prologue_bg_pal: 0x20 bytes defined, 0x140 copied
static const u16 rom_bon_odori_prologue_bg_pal[] = {
    0x7fa9, 0x0000, 0x0c67, 0x0c6f, 0x14b6, 0x2170, 0x18db, 0x1cff, 0x119e, 0x3e33, 0x0e1f, 0x02d8, 0x56f9, 0x575e, 0x03de, 0x7fff,
    0x0001, 0x00fb, 0x01fc, 0x0010, 0x0003, 0x00b0, 0xc192, 0x0010, 0x40f0, 0x8192, 0x0196, 0x40f0, 0x81b2, 0x01c6, 0x0006, 0x00b0,
    0xc192, 0x0010, 0x40f0, 0x8192, 0x0196, 0x40f0, 0x81b2, 0x01c6, 0x00b4, 0xc1c4, 0x0008, 0x40f4, 0x81c4, 0x0192, 0x40f4, 0x81e4,
    0x019a, 0x0009, 0x00b0, 0xc192, 0x0010, 0x40f0, 0x8192, 0x0196, 0x40f0, 0x81b2, 0x01c6, 0x00b4, 0xc1c4, 0x0008, 0x40f4, 0x81c4,
    0x0192, 0x40f4, 0x81e4, 0x019a, 0x00b3, 0xc1f8, 0x0000, 0x40f3, 0x81f8, 0x0186, 0x40f3, 0x8018, 0x018e, 0x000e, 0x00b0, 0xc192,
    0x0010, 0x40f0, 0x8192, 0x0196, 0x40f0, 0x81b2, 0x01c6, 0x00b4, 0xc1c4, 0x0008, 0x40f4, 0x81c4, 0x0192, 0x40f4, 0x81e4, 0x019a,
    0x00b3, 0xc1f8, 0x0000, 0x40f3, 0x81f8, 0x0186, 0x40f3, 0x8018, 0x018e, 0x00ae, 0xc02b, 0x0018, 0x40ee, 0xc02b, 0x0104, 0x40fe,
    0x0073, 0x019e, 0x80ae, 0xc063, 0x0100, 0x40ee, 0x8063, 0x018a, 0x0002, 0x00e2, 0x8000, 0x1110, 0x80e2, 0x8020, 0x1184, 0x0003,
    0x00e4, 0x8000, 0x110c, 0x80e4, 0x8020, 0x111c, 0x00e4, 0x801e, 0x0114, 0x0004, 0x00f1, 0x81ff, 0x1118, 0x80f1, 0x801f, 0x111e,
    0x4011, 0x41ff, 0x11ca, 0x4011, 0x001f, 0x11be, 0x0003, 0x00e4, 0x8000, 0x110c, 0x80e4, 0x8020, 0x111c, 0x00e4, 0x801e, 0x0114,
};

// [088ad918] bon_odori_prologue_obj_pal: 0x20 bytes defined, 0x140 copied
static const u16 rom_bon_odori_prologue_obj_pal[] = {
    0x7dc9, 0x1ce7, 0x318c, 0x4210, 0x14bf, 0x7fff, 0x0c77, 0x23fd, 0x0000, 0x0000, 0x0000, 0x0000, 0x0000, 0x0000, 0x0000, 0x0000,
    0x7fa9, 0x0000, 0x0c67, 0x0c6f, 0x14b6, 0x2170, 0x18db, 0x1cff, 0x119e, 0x3e33, 0x0e1f, 0x02d8, 0x56f9, 0x575e, 0x03de, 0x7fff,
    0x0001, 0x00fb, 0x01fc, 0x0010, 0x0003, 0x00b0, 0xc192, 0x0010, 0x40f0, 0x8192, 0x0196, 0x40f0, 0x81b2, 0x01c6, 0x0006, 0x00b0,
    0xc192, 0x0010, 0x40f0, 0x8192, 0x0196, 0x40f0, 0x81b2, 0x01c6, 0x00b4, 0xc1c4, 0x0008, 0x40f4, 0x81c4, 0x0192, 0x40f4, 0x81e4,
    0x019a, 0x0009, 0x00b0, 0xc192, 0x0010, 0x40f0, 0x8192, 0x0196, 0x40f0, 0x81b2, 0x01c6, 0x00b4, 0xc1c4, 0x0008, 0x40f4, 0x81c4,
    0x0192, 0x40f4, 0x81e4, 0x019a, 0x00b3, 0xc1f8, 0x0000, 0x40f3, 0x81f8, 0x0186, 0x40f3, 0x8018, 0x018e, 0x000e, 0x00b0, 0xc192,
    0x0010, 0x40f0, 0x8192, 0x0196, 0x40f0, 0x81b2, 0x01c6, 0x00b4, 0xc1c4, 0x0008, 0x40f4, 0x81c4, 0x0192, 0x40f4, 0x81e4, 0x019a,
    0x00b3, 0xc1f8, 0x0000, 0x40f3, 0x81f8, 0x0186, 0x40f3, 0x8018, 0x018e, 0x00ae, 0xc02b, 0x0018, 0x40ee, 0xc02b, 0x0104, 0x40fe,
    0x0073, 0x019e, 0x80ae, 0xc063, 0x0100, 0x40ee, 0x8063, 0x018a, 0x0002, 0x00e2, 0x8000, 0x1110, 0x80e2, 0x8020, 0x1184, 0x0003,
    0x00e4, 0x8000, 0x110c, 0x80e4, 0x8020, 0x111c, 0x00e4, 0x801e, 0x0114, 0x0004, 0x00f1, 0x81ff, 0x1118, 0x80f1, 0x801f, 0x111e,
};

// [088af5f0] bouncy_road_prologue_pal: 0x60 bytes defined, 0x140 copied
static const u16 rom_bouncy_road_prologue_pal[] = {
    0x39ce, 0x0000, 0x7fff, 0x7fff, 0x6800, 0x0160, 0x0000, 0x2d6e, 0x4a52, 0x6339, 0x77bd, 0x0000, 0x0000, 0x0000, 0x0000, 0x0000,
    0x39ce, 0x0000, 0x7fff, 0x043e, 0x0000, 0x0000, 0x0000, 0x2d6e, 0x4a52, 0x6339, 0x77bd, 0x0000, 0x0000, 0x0000, 0x0000, 0x0000,
    0x39ce, 0x0000, 0x7fff, 0x03ff, 0x0000, 0x0000, 0x0000, 0x2d6e, 0x4a52, 0x6339, 0x77bd, 0x0000, 0x0000, 0x0000, 0x0000, 0x0000,
    0x0003, 0x40e0, 0xc1c8, 0x0000, 0x00e0, 0x8008, 0x0008, 0x80e0, 0x4028, 0x000c, 0x0003, 0x40e0, 0xc1c8, 0x1000, 0x00e0, 0x8008,
    0x1008, 0x80e0, 0x4028, 0x100c, 0x0003, 0x40e0, 0xc1c8, 0x2000, 0x00e0, 0x8008, 0x2008, 0x80e0, 0x4028, 0x200c, 0x0003, 0x40e0,
    0xc1c8, 0x3000, 0x00e0, 0x8008, 0x3008, 0x80e0, 0x4028, 0x300c, 0x0003, 0x40e0, 0xc1c8, 0x4000, 0x00e0, 0x8008, 0x4008, 0x80e0,
    0x4028, 0x400c, 0xf6a0, 0x088a, 0x003c, 0x0000, 0xf68c, 0x088a, 0x000a, 0x0000, 0xf678, 0x088a, 0x000a, 0x0000, 0xf664, 0x088a,
    0x000a, 0x0000, 0xf650, 0x088a, 0x003c, 0x0000, 0x0000, 0x0000, 0x0000, 0x0000, 0x7c86, 0x0000, 0x0000, 0x0000, 0x0000, 0x0000,
    0x0000, 0x0000, 0x0000, 0x0000, 0x0000, 0x0000, 0x0000, 0x0000, 0x0000, 0x0000, 0x7c86, 0x0000, 0x0000, 0x0000, 0x0000, 0x0000,
    0x0000, 0x0000, 0x0000, 0x0000, 0x0000, 0x0000, 0x0000, 0x0000, 0x0000, 0x1ce7, 0x7c86, 0x0000, 0x0000, 0x0000, 0x0000, 0x0000,
};

// [088b361c] bunny_hop_prologue_pal: 0x40 bytes defined, 0x140 copied
static const u16 rom_bunny_hop_prologue_pal[] = {
    0x0013, 0x7ae0, 0x7b06, 0x7b2d, 0x7f96, 0x7ffd, 0x7fff, 0x0000, 0x0000, 0x0000, 0x0000, 0x0000, 0x0000, 0x0000, 0x0000, 0x0000,
    0x35ad, 0x1084, 0x2948, 0x41ca, 0x5649, 0x6a82, 0x7ae0, 0x0000, 0x0000, 0x0000, 0x0000, 0x0000, 0x0000, 0x0000, 0x0000, 0x0000,
    0x0006, 0x00f0, 0x41d0, 0x100a, 0x00f0, 0x41e0, 0x1008, 0x00f0, 0x41f0, 0x1004, 0x00f0, 0x4000, 0x1002, 0x00f0, 0x4010, 0x1000,
    0x00f0, 0x4020, 0x1006, 0x0006, 0x00f0, 0x41d0, 0x300a, 0x00f0, 0x41e0, 0x1008, 0x00f0, 0x41f0, 0x1004, 0x00f0, 0x4000, 0x1002,
    0x00f0, 0x4010, 0x1000, 0x00f0, 0x4020, 0x4006, 0x0006, 0x00f0, 0x41d0, 0x300a, 0x00f0, 0x41e0, 0x3008, 0x00f0, 0x41f0, 0x1004,
    0x00f0, 0x4000, 0x1002, 0x00f0, 0x4010, 0x4000, 0x00f0, 0x4020, 0x4006, 0x0006, 0x00f0, 0x41d0, 0x300a, 0x00f0, 0x41e0, 0x3008,
    0x00f0, 0x41f0, 0x3004, 0x00f0, 0x4000, 0x4002, 0x00f0, 0x4010, 0x4000, 0x00f0, 0x4020, 0x4006, 0x0006, 0x00f0, 0x41d0, 0x300a,
    0x00f0, 0x41e0, 0x3008, 0x00f0, 0x41f0, 0x4004, 0x00f0, 0x4000, 0x3002, 0x00f0, 0x4010, 0x4000, 0x00f0, 0x4020, 0x4006, 0x0006,
    0x00f0, 0x41d0, 0x300a, 0x00f0, 0x41e0, 0x4008, 0x00f0, 0x41f0, 0x4004, 0x00f0, 0x4000, 0x3002, 0x00f0, 0x4010, 0x3000, 0x00f0,
    0x4020, 0x4006, 0x0006, 0x00f0, 0x41d0, 0x400a, 0x00f0, 0x41e0, 0x4008, 0x00f0, 0x41f0, 0x4004, 0x00f0, 0x4000, 0x3002, 0x00f0,
};

// [088f91c8] bunny_hop_remix_3_pal: 0x120 bytes defined, 0x140 copied
static const u16 rom_bunny_hop_remix_3_pal[] = {
    0x175f, 0x0000, 0x0000, 0x0000, 0x7fff, 0x18a0, 0x2900, 0x3981, 0x41c1, 0x45e1, 0x56aa, 0x630c, 0x62a6, 0x0000, 0x0000, 0x0000,
    0x175f, 0x0000, 0x0000, 0x0000, 0x0000, 0x0000, 0x0000, 0x0000, 0x0000, 0x0000, 0x092b, 0x092b, 0x0000, 0x0000, 0x0000, 0x0000,
    0x175f, 0x0000, 0x0000, 0x0000, 0x175f, 0x2f7f, 0x3fbf, 0x4fdf, 0x5fff, 0x0000, 0x0000, 0x7fb0, 0x0000, 0x0000, 0x0000, 0x0000,
    0x175f, 0x0000, 0x0000, 0x0000, 0x0000, 0x0000, 0x0000, 0x0000, 0x0000, 0x0000, 0x092b, 0x092b, 0x0000, 0x0000, 0x0000, 0x0000,
    0x175f, 0x3c08, 0x400c, 0x480e, 0x5411, 0x5c14, 0x6017, 0x6c7a, 0x6d1c, 0x659d, 0x5dfe, 0x4e5e, 0x429f, 0x36df, 0x271f, 0x175f,
    0x175f, 0x7c1c, 0x743d, 0x6c7d, 0x64bd, 0x5cfd, 0x593d, 0x4d7d, 0x49bd, 0x41fe, 0x3a1e, 0x365e, 0x2e9e, 0x26de, 0x22fe, 0x175f,
    0x175f, 0x0401, 0x0802, 0x0c02, 0x1003, 0x1403, 0x1803, 0x1c04, 0x2004, 0x2404, 0x2804, 0x2c05, 0x3006, 0x3007, 0x3408, 0x3809,
    0x175f, 0x0000, 0x03b5, 0x17d8, 0x2fda, 0x43fc, 0x5fff, 0x0000, 0x0000, 0x0000, 0x0000, 0x7fff, 0x0000, 0x0000, 0x0000, 0x0000,
    0x000e, 0x7fff, 0x0000, 0x7fff, 0x0000, 0x0000, 0x0000, 0x0000, 0x0000, 0x0000, 0x0000, 0x0000, 0x0000, 0x0000, 0x0000, 0x0000,
    0x0001, 0x00f8, 0x0000, 0x0326, 0x0015, 0x00be, 0x81fe, 0x0100, 0x00c6, 0x41ee, 0x0296, 0x40c0, 0x01f8, 0x0304, 0x40c9, 0x01f8,
};

// [0890035c] cafe_bg_pal: 0x80 bytes defined, 0x200 copied
static const u16 rom_cafe_bg_pal[] = {
    0x2882, 0x0000, 0x1df6, 0x5ad6, 0x14df, 0x54c4, 0x6a3f, 0x18c6, 0x294a, 0x318c, 0x4210, 0x56b5, 0x5ad6, 0x6f7b, 0x7fff, 0x0000,
    0x3ec7, 0x0000, 0x3417, 0x4a53, 0x6b5b, 0x0bff, 0x4100, 0x7f20, 0x6600, 0x169e, 0x01c6, 0x1d9f, 0x3f3f, 0x7d3e, 0x5adf, 0x7fff,
    0x0000, 0x54c4, 0x0000, 0x0000, 0x0000, 0x0000, 0x0000, 0x7f8e, 0x7ee9, 0x0000, 0x0000, 0x0000, 0x0000, 0x0000, 0x0000, 0x0000,
    0x2882, 0x0000, 0x1df6, 0x13df, 0x14df, 0x54c4, 0x6a3f, 0x18c6, 0x294a, 0x318c, 0x4210, 0x56b5, 0x5ad6, 0x6f7b, 0x7fff, 0x0000,
    0x0005, 0x4002, 0x81de, 0x0099, 0x4002, 0x81fe, 0x00d9, 0x4012, 0x81de, 0x0100, 0x4012, 0x81fe, 0x0104, 0x40e2, 0xc1de, 0x0010,
    0x0005, 0x00e4, 0xc1dd, 0x2000, 0x0005, 0x0015, 0x209f, 0x000d, 0x0021, 0x20bd, 0x80ec, 0x401d, 0x2098, 0x000c, 0x001d, 0x20be,
    0x0001, 0x00ea, 0xc1df, 0x0008, 0x0005, 0x40e0, 0xc1e4, 0x5018, 0x40d8, 0x01ec, 0x509d, 0x40d8, 0x0005, 0x509d, 0x0002, 0x81da,
    0x2090, 0x0002, 0x8006, 0x2094, 0x041c, 0x0890, 0x0004, 0x0000, 0x0000, 0x0000, 0x0000, 0x0000, 0x03dc, 0x0890, 0x0004, 0x0000,
    0x0000, 0x0000, 0x0000, 0x0000, 0x0424, 0x0890, 0x0004, 0x0000, 0x0000, 0x0000, 0x0000, 0x0000, 0x03fc, 0x0890, 0x0004, 0x0000,
    0x0000, 0x0000, 0x0000, 0x0000, 0x61fe, 0x0000, 0x1df6, 0x252a, 0x6b5b, 0x14df, 0x54c4, 0x6a3f, 0x7e4d, 0x0bff, 0x06a0, 0x0fe0,
    0x7fa0, 0x001f, 0x4a53, 0x7fff, 0x3ec7, 0x0000, 0x3417, 0x4a53, 0x6b5b, 0x0bff, 0x4100, 0x7f20, 0x7e81, 0x169e, 0x01c6, 0x1d9f,
    0x3f3f, 0x7d3e, 0x5adf, 0x7fff, 0x0240, 0x0c45, 0x2d2d, 0x45f2, 0x6b5b, 0x0000, 0x0000, 0x7fff, 0x77e0, 0x4ea0, 0x001e, 0x03ff,
    0x169f, 0x0dd6, 0x429e, 0x0000, 0x0000, 0x6f71, 0x0000, 0x0000, 0x0000, 0x0000, 0x0000, 0x3c0a, 0x288e, 0x001f, 0x02a0, 0x54f7,
    0x41b3, 0x6a3f, 0x7b9f, 0x7fff, 0x61fe, 0x0bff, 0x721b, 0x7a3c, 0x7fff, 0x7f5f, 0x6699, 0x4a52, 0x4813, 0x7e5e, 0x30ae, 0x24bf,
    0x2087, 0x0dd6, 0x30eb, 0x7fff, 0x0383, 0x294a, 0x35ad, 0x4210, 0x7f06, 0x0653, 0x0bff, 0x681f, 0x5ad6, 0x6318, 0x7dd9, 0x7c34,
    0x4a52, 0x001f, 0x7fff, 0x0000, 0x0000, 0x0000, 0x0000, 0x0000, 0x0000, 0x0000, 0x0000, 0x0000, 0x0000, 0x0000, 0x0000, 0x0000,
};

// [0890023c] cafe_obj_pal: 0x120 bytes defined, 0x200 copied
static const u16 rom_cafe_obj_pal[] = {
    0x252a, 0x0000, 0x1df6, 0x252a, 0x6b5b, 0x14df, 0x54c4, 0x6a3f, 0x7e4d, 0x0bff, 0x06a0, 0x0fe0, 0x7fa0, 0x001f, 0x4a53, 0x7fff,
    0x3ec7, 0x0000, 0x3417, 0x4a53, 0x6b5b, 0x0bff, 0x4100, 0x7f20, 0x6600, 0x169e, 0x01c6, 0x1d9f, 0x3f3f, 0x7d3e, 0x5adf, 0x7fff,
    0x0000, 0x54c4, 0x0000, 0x0000, 0x0000, 0x0000, 0x0000, 0x7f8e, 0x7ee9, 0x0000, 0x0000, 0x0000, 0x0000, 0x0000, 0x0000, 0x0000,
    0x0000, 0x0000, 0x0000, 0x0000, 0x0000, 0x0000, 0x0000, 0x0000, 0x0000, 0x0000, 0x0000, 0x0000, 0x0000, 0x0000, 0x0000, 0x0000,
    0x0000, 0x0000, 0x0000, 0x0000, 0x0000, 0x0000, 0x0000, 0x0000, 0x0000, 0x0000, 0x0000, 0x0000, 0x0000, 0x0000, 0x0000, 0x0000,
    0x0000, 0x0000, 0x0000, 0x0000, 0x0000, 0x0000, 0x0000, 0x0000, 0x0000, 0x0000, 0x0000, 0x0000, 0x0000, 0x0000, 0x0000, 0x0000,
    0x0000, 0x0000, 0x0000, 0x0000, 0x0000, 0x0000, 0x0000, 0x0000, 0x0000, 0x0000, 0x0000, 0x0000, 0x0000, 0x0000, 0x0000, 0x0000,
    0x0000, 0x0000, 0x0000, 0x0000, 0x0000, 0x0000, 0x0000, 0x0000, 0x0000, 0x0000, 0x0000, 0x0000, 0x0000, 0x0000, 0x0000, 0x0000,
    0x28e1, 0x0000, 0x35ad, 0x0000, 0x54c4, 0x54c4, 0x54c4, 0x54c4, 0x54c4, 0x54c4, 0x54c4, 0x54c4, 0x54c4, 0x54c4, 0x54c4, 0x54c4,
    0x2882, 0x0000, 0x1df6, 0x5ad6, 0x14df, 0x54c4, 0x6a3f, 0x18c6, 0x294a, 0x318c, 0x4210, 0x56b5, 0x5ad6, 0x6f7b, 0x7fff, 0x0000,
    0x3ec7, 0x0000, 0x3417, 0x4a53, 0x6b5b, 0x0bff, 0x4100, 0x7f20, 0x6600, 0x169e, 0x01c6, 0x1d9f, 0x3f3f, 0x7d3e, 0x5adf, 0x7fff,
    0x0000, 0x54c4, 0x0000, 0x0000, 0x0000, 0x0000, 0x0000, 0x7f8e, 0x7ee9, 0x0000, 0x0000, 0x0000, 0x0000, 0x0000, 0x0000, 0x0000,
    0x2882, 0x0000, 0x1df6, 0x13df, 0x14df, 0x54c4, 0x6a3f, 0x18c6, 0x294a, 0x318c, 0x4210, 0x56b5, 0x5ad6, 0x6f7b, 0x7fff, 0x0000,
    0x0005, 0x4002, 0x81de, 0x0099, 0x4002, 0x81fe, 0x00d9, 0x4012, 0x81de, 0x0100, 0x4012, 0x81fe, 0x0104, 0x40e2, 0xc1de, 0x0010,
    0x0005, 0x00e4, 0xc1dd, 0x2000, 0x0005, 0x0015, 0x209f, 0x000d, 0x0021, 0x20bd, 0x80ec, 0x401d, 0x2098, 0x000c, 0x001d, 0x20be,
    0x0001, 0x00ea, 0xc1df, 0x0008, 0x0005, 0x40e0, 0xc1e4, 0x5018, 0x40d8, 0x01ec, 0x509d, 0x40d8, 0x0005, 0x509d, 0x0002, 0x81da,
};

// [0890df00] cat_machine_pal: 0x60 bytes defined, 0x140 copied
static const u16 rom_cat_machine_pal[] = {
    0x252a, 0x0000, 0x1df6, 0x252a, 0x6b5b, 0x14df, 0x54c4, 0x6a3f, 0x7e4d, 0x0bff, 0x06a0, 0x0fe0, 0x7fa0, 0x001f, 0x4a53, 0x7fff,
    0x3ec7, 0x0000, 0x3417, 0x4a53, 0x6b5b, 0x0bff, 0x4100, 0x7f20, 0x6600, 0x169e, 0x01c6, 0x1d9f, 0x3f3f, 0x7d3e, 0x5adf, 0x7fff,
    0x0000, 0x54c4, 0x0000, 0x0000, 0x0000, 0x0000, 0x0000, 0x7f8e, 0x7ee9, 0x0000, 0x0000, 0x0000, 0x0000, 0x0000, 0x0000, 0x0000,
    0x0003, 0x00f8, 0x41f8, 0x111a, 0x40f8, 0x4008, 0x1182, 0x4000, 0x4008, 0x1186, 0x0003, 0x00f6, 0x41f8, 0x111a, 0x40fa, 0x400a,
    0x1182, 0x4002, 0x4006, 0x1186, 0x0001, 0x00e0, 0xc1e0, 0x1008, 0x0001, 0x00e0, 0xc1e0, 0x1000, 0x0001, 0x00e0, 0xc1e0, 0x1018,
    0x0001, 0x00e0, 0xc1e0, 0x1010, 0x0001, 0x00e2, 0x4019, 0x1158, 0x0001, 0x00e4, 0x4019, 0x1158, 0x0001, 0x00e4, 0x4019, 0x111c,
    0x0001, 0x00e8, 0x400f, 0x1158, 0x0001, 0x00ea, 0x400f, 0x1158, 0x0001, 0x00ea, 0x400f, 0x111c, 0x0001, 0x00da, 0x41e2, 0x1158,
    0x0001, 0x00dc, 0x41e2, 0x1158, 0x0001, 0x00dc, 0x41e2, 0x111c, 0x0001, 0x00e6, 0x41e2, 0x1158, 0x0001, 0x00e8, 0x41e2, 0x1158,
    0x0001, 0x00e8, 0x41e2, 0x111c, 0x0001, 0x00e0, 0x41d9, 0x1158, 0x0001, 0x00e2, 0x41d9, 0x1158, 0x0001, 0x00e2, 0x41d9, 0x111c,
    0x0001, 0x00e0, 0x41eb, 0x1158, 0x0001, 0x00e2, 0x41eb, 0x1158, 0x0001, 0x00e2, 0x41eb, 0x111c, 0x0006, 0x00d7, 0x4003, 0x015a,
};

// [088e9f78] clappy_trio_bg_pal: 0xa0 bytes defined, 0x140 copied
static const u16 rom_clappy_trio_bg_pal[] = {
    0x0000, 0x7ad5, 0x5bff, 0x43de, 0x2b9d, 0x0f7c, 0x7722, 0x7f85, 0x7fac, 0x7fd1, 0x7ff6, 0x7ffb, 0x0a53, 0x1ce7, 0x7fff, 0x0000,
    0x5ef7, 0x0000, 0x0000, 0x2108, 0x0c63, 0x5294, 0x0000, 0x0000, 0x0000, 0x0000, 0x0000, 0x0000, 0x0000, 0x0000, 0x56d5, 0x7fff,
    0x0000, 0x0000, 0x0000, 0x0000, 0x0000, 0x0000, 0x0000, 0x0000, 0x0000, 0x0000, 0x0000, 0x0000, 0x0000, 0x0000, 0x0000, 0x0000,
    0x31ac, 0x0000, 0x0842, 0x2108, 0x0000, 0x77bd, 0x0000, 0x0000, 0x0000, 0x0000, 0x6739, 0x7fff, 0x0000, 0x31ac, 0x56d5, 0x7fff,
    0x0000, 0x0000, 0x0000, 0x0000, 0x7fff, 0x56b5, 0x4210, 0x4a52, 0x56b5, 0x5ef7, 0x6739, 0x6f7b, 0x0000, 0x0000, 0x77bd, 0x0000,
    0x0008, 0x00d3, 0x81ec, 0x2010, 0x00db, 0x81ee, 0x2014, 0x00ea, 0x41e9, 0x209b, 0x00ea, 0x4000, 0x20c5, 0x00f1, 0x41f4, 0x2099,
    0x80f8, 0x01f1, 0x20d5, 0x80f8, 0x0000, 0x209f, 0x40f8, 0x91e0, 0x2085, 0x0008, 0x00d2, 0x81ec, 0x2010, 0x00da, 0x81ee, 0x2014,
    0x00e8, 0x41e8, 0x209b, 0x00ea, 0x41ff, 0x20c5, 0x00f0, 0x41f4, 0x2099, 0x80f8, 0x01f1, 0x20d5, 0x80f8, 0x0000, 0x20d3, 0x40f7,
    0x91e0, 0x2085, 0x0008, 0x00d1, 0x81ec, 0x2010, 0x00d9, 0x81ee, 0x2014, 0x00e8, 0x41e8, 0x209b, 0x00e8, 0x4000, 0x20c5, 0x00f0,
    0x41f4, 0x2099, 0x80f8, 0x01f1, 0x20d5, 0x80f8, 0x0000, 0x20d8, 0x40f7, 0x91e0, 0x2085, 0x0009, 0x00d3, 0x81ec, 0x2010, 0x00ea,
};

// [088e9f18] clappy_trio_obj_pal: 0x60 bytes defined, 0x140 copied
static const u16 rom_clappy_trio_obj_pal[] = {
    0x7ec3, 0x0000, 0x0413, 0x003f, 0x016a, 0x0ffe, 0x0ac3, 0x0fe5, 0x66ec, 0x7f8f, 0x5c40, 0x7d85, 0x5998, 0x71ff, 0x56d5, 0x7fff,
    0x0000, 0x0000, 0x0000, 0x0000, 0x0000, 0x0000, 0x0000, 0x0000, 0x0000, 0x0000, 0x0000, 0x0000, 0x0000, 0x0000, 0x0000, 0x0000,
    0x31ac, 0x0000, 0x0413, 0x003f, 0x0693, 0x0fff, 0x0ac3, 0x0fe5, 0x7f8f, 0x7c81, 0x2b1f, 0x479f, 0x4bf0, 0x31ac, 0x56d5, 0x7fff,
    0x0000, 0x7ad5, 0x5bff, 0x43de, 0x2b9d, 0x0f7c, 0x7722, 0x7f85, 0x7fac, 0x7fd1, 0x7ff6, 0x7ffb, 0x0a53, 0x1ce7, 0x7fff, 0x0000,
    0x5ef7, 0x0000, 0x0000, 0x2108, 0x0c63, 0x5294, 0x0000, 0x0000, 0x0000, 0x0000, 0x0000, 0x0000, 0x0000, 0x0000, 0x56d5, 0x7fff,
    0x0000, 0x0000, 0x0000, 0x0000, 0x0000, 0x0000, 0x0000, 0x0000, 0x0000, 0x0000, 0x0000, 0x0000, 0x0000, 0x0000, 0x0000, 0x0000,
    0x31ac, 0x0000, 0x0842, 0x2108, 0x0000, 0x77bd, 0x0000, 0x0000, 0x0000, 0x0000, 0x6739, 0x7fff, 0x0000, 0x31ac, 0x56d5, 0x7fff,
    0x0000, 0x0000, 0x0000, 0x0000, 0x7fff, 0x56b5, 0x4210, 0x4a52, 0x56b5, 0x5ef7, 0x6739, 0x6f7b, 0x0000, 0x0000, 0x77bd, 0x0000,
    0x0008, 0x00d3, 0x81ec, 0x2010, 0x00db, 0x81ee, 0x2014, 0x00ea, 0x41e9, 0x209b, 0x00ea, 0x4000, 0x20c5, 0x00f1, 0x41f4, 0x2099,
    0x80f8, 0x01f1, 0x20d5, 0x80f8, 0x0000, 0x209f, 0x40f8, 0x91e0, 0x2085, 0x0008, 0x00d2, 0x81ec, 0x2010, 0x00da, 0x81ee, 0x2014,
};

// [088afc1c] clappy_trio_prologue_bg_pal: 0x20 bytes defined, 0x140 copied
static const u16 rom_clappy_trio_prologue_bg_pal[] = {
    0x1fff, 0x2529, 0x0056, 0x00da, 0x39ce, 0x059c, 0x2d9a, 0x0e3d, 0x321b, 0x327d, 0x5ef7, 0x36be, 0x4efd, 0x5b5e, 0x6bbf, 0x7fff,
    0x0001, 0x00fc, 0x01fc, 0x1098, 0x0002, 0x00cc, 0x8190, 0x100c, 0x00e4, 0x8190, 0x1084, 0x0005, 0x00cc, 0x8190, 0x100c, 0x00e4,
    0x8190, 0x1084, 0x00cc, 0x81b0, 0x1080, 0x40e8, 0x41b0, 0x1088, 0x00ec, 0x81b0, 0x101c, 0x0007, 0x00cc, 0x8190, 0x100c, 0x00e4,
    0x8190, 0x1084, 0x00cc, 0x81b0, 0x1080, 0x40e8, 0x41b0, 0x1088, 0x00ec, 0x81b0, 0x101c, 0x00cc, 0x81d0, 0x100c, 0x00e4, 0x81d0,
    0x1084, 0x000a, 0x00cc, 0x8190, 0x100c, 0x00e4, 0x8190, 0x1084, 0x00cc, 0x81b0, 0x1080, 0x40e8, 0x41b0, 0x1088, 0x00ec, 0x81b0,
    0x101c, 0x00cc, 0x81d0, 0x100c, 0x00e4, 0x81d0, 0x1084, 0x00cc, 0x81f0, 0x1080, 0x40e8, 0x41f0, 0x1088, 0x00ec, 0x81f0, 0x101c,
    0x0013, 0x00cc, 0x8190, 0x100c, 0x00e4, 0x8190, 0x1084, 0x00cc, 0x81b0, 0x1080, 0x40e8, 0x41b0, 0x1088, 0x00ec, 0x81b0, 0x101c,
    0x00cc, 0x81d0, 0x100c, 0x00e4, 0x81d0, 0x1084, 0x00cc, 0x81f0, 0x1080, 0x40e8, 0x41f0, 0x1088, 0x00ec, 0x81f0, 0x101c, 0x00cc,
    0x8013, 0x1018, 0x00e4, 0x8013, 0x1008, 0x4004, 0x4013, 0x108c, 0x00cc, 0x8033, 0x1004, 0x00e4, 0x8033, 0x1000, 0x4004, 0x4033,
    0x1094, 0x00cc, 0x8053, 0x1014, 0x00e4, 0x8053, 0x1010, 0x4004, 0x4053, 0x1090, 0x0013, 0x00c8, 0x8190, 0x100c, 0x00e8, 0x8190,
};

// [088afbdc] clappy_trio_prologue_obj_pal: 0x40 bytes defined, 0x140 copied
static const u16 rom_clappy_trio_prologue_obj_pal[] = {
    0x7e86, 0x0000, 0x7c00, 0x001f, 0x7c1f, 0x03e0, 0x7fe0, 0x03ff, 0x35ad, 0x35ad, 0x35ad, 0x35ad, 0x35ad, 0x35ad, 0x35ad, 0x7fff,
    0x0000, 0x0000, 0x7c00, 0x001f, 0x7c1f, 0x03e0, 0x7fe0, 0x03ff, 0x35ad, 0x35ad, 0x35ad, 0x35ad, 0x35ad, 0x35ad, 0x35ad, 0x0000,
    0x1fff, 0x2529, 0x0056, 0x00da, 0x39ce, 0x059c, 0x2d9a, 0x0e3d, 0x321b, 0x327d, 0x5ef7, 0x36be, 0x4efd, 0x5b5e, 0x6bbf, 0x7fff,
    0x0001, 0x00fc, 0x01fc, 0x1098, 0x0002, 0x00cc, 0x8190, 0x100c, 0x00e4, 0x8190, 0x1084, 0x0005, 0x00cc, 0x8190, 0x100c, 0x00e4,
    0x8190, 0x1084, 0x00cc, 0x81b0, 0x1080, 0x40e8, 0x41b0, 0x1088, 0x00ec, 0x81b0, 0x101c, 0x0007, 0x00cc, 0x8190, 0x100c, 0x00e4,
    0x8190, 0x1084, 0x00cc, 0x81b0, 0x1080, 0x40e8, 0x41b0, 0x1088, 0x00ec, 0x81b0, 0x101c, 0x00cc, 0x81d0, 0x100c, 0x00e4, 0x81d0,
    0x1084, 0x000a, 0x00cc, 0x8190, 0x100c, 0x00e4, 0x8190, 0x1084, 0x00cc, 0x81b0, 0x1080, 0x40e8, 0x41b0, 0x1088, 0x00ec, 0x81b0,
    0x101c, 0x00cc, 0x81d0, 0x100c, 0x00e4, 0x81d0, 0x1084, 0x00cc, 0x81f0, 0x1080, 0x40e8, 0x41f0, 0x1088, 0x00ec, 0x81f0, 0x101c,
    0x0013, 0x00cc, 0x8190, 0x100c, 0x00e4, 0x8190, 0x1084, 0x00cc, 0x81b0, 0x1080, 0x40e8, 0x41b0, 0x1088, 0x00ec, 0x81b0, 0x101c,
    0x00cc, 0x81d0, 0x100c, 0x00e4, 0x81d0, 0x1084, 0x00cc, 0x81f0, 0x1080, 0x40e8, 0x41f0, 0x1088, 0x00ec, 0x81f0, 0x101c, 0x00cc,
};

// [088bd0f0] cosmic_dance_bg_pal: 0x80 bytes defined, 0x140 copied
static const u16 rom_cosmic_dance_bg_pal[] = {
    0x2d6b, 0x4210, 0x56b5, 0x6739, 0x77bd, 0x0000, 0x35ad, 0x294a, 0x1ce7, 0x14a5, 0x0000, 0x0000, 0x0000, 0x0000, 0x7fff, 0x0000,
    0x0000, 0x0319, 0x755f, 0x03df, 0x0000, 0x181f, 0x56e1, 0x77e1, 0x0000, 0x0000, 0x0000, 0x0000, 0x0000, 0x0000, 0x0000, 0x0000,
    0x0000, 0x0000, 0x5ddf, 0x4a5f, 0x0000, 0x0000, 0x0000, 0x0000, 0x0000, 0x0000, 0x0000, 0x0000, 0x0000, 0x0000, 0x0000, 0x0000,
    0x0000, 0x0000, 0x5ddf, 0x03df, 0x0000, 0x0000, 0x0000, 0x0000, 0x0000, 0x0000, 0x0000, 0x0000, 0x0000, 0x0000, 0x0000, 0x0000,
    0x0000, 0x0000, 0x0ddf, 0x0000, 0x0000, 0x0000, 0x0000, 0x0000, 0x0000, 0x0000, 0x0000, 0x0000, 0x0000, 0x0000, 0x0000, 0x7fff,
    0x0000, 0x0000, 0x7d08, 0x03fd, 0x4fee, 0x2b1f, 0x479f, 0x321f, 0x6f9f, 0x0413, 0x001f, 0x39ff, 0x35ad, 0x7e31, 0x4e73, 0x7fff,
    0x0000, 0x0000, 0x7fff, 0x6b5a, 0x56b5, 0x038c, 0x02f9, 0x0932, 0x3004, 0x20a0, 0x4b5f, 0x019b, 0x0233, 0x7020, 0x7fe1, 0x001d,
    0x0000, 0x0000, 0x7fff, 0x26bf, 0x56b5, 0x473f, 0x18df, 0x7dc7, 0x7ee0, 0x4e73, 0x665f, 0x0bff, 0x16d7, 0x16d7, 0x37e0, 0x001d,
    0x0000, 0x0000, 0x0000, 0x473f, 0x7c67, 0x0af6, 0x79bf, 0x03df, 0x15ff, 0x5416, 0x001f, 0x7de5, 0x4a52, 0x5adf, 0x7fff, 0x161b,
    0x0000, 0x7d6e, 0x1d75, 0x0239, 0x02bf, 0x7ecd, 0x02d7, 0x5c1f, 0x34df, 0x008c, 0x7f40, 0x6fbf, 0x33df, 0x5adf, 0x7fff, 0x0000,
};

// [088bcfd0] cosmic_dance_obj_pal: 0x120 bytes defined, 0x140 copied
static const u16 rom_cosmic_dance_obj_pal[] = {
    0x71bf, 0x37ff, 0x0000, 0x015b, 0x1fe8, 0x04c1, 0x523f, 0x001f, 0x7beb, 0x7c85, 0x56c5, 0x6318, 0x523f, 0x7dd7, 0x7fff, 0x0000,
    0x71bf, 0x5f7f, 0x463f, 0x4ab9, 0x0000, 0x0000, 0x0000, 0x001f, 0x0000, 0x3910, 0x15ff, 0x7fff, 0x7dd7, 0x721f, 0x7edf, 0x0000,
    0x71bf, 0x37ff, 0x0000, 0x0000, 0x0000, 0x0000, 0x0000, 0x0000, 0x0000, 0x0000, 0x0000, 0x0000, 0x393f, 0x0000, 0x7fff, 0x0000,
    0x6fe0, 0x0000, 0x0000, 0x0000, 0x0000, 0x0000, 0x0000, 0x0000, 0x0000, 0x6c64, 0x0000, 0x0000, 0x1f5b, 0x5f05, 0x0000, 0x0000,
    0x6fe0, 0x0000, 0x0000, 0x0000, 0x0000, 0x0000, 0x0000, 0x0000, 0x0000, 0x5c63, 0x0000, 0x0000, 0x1ab6, 0x5284, 0x0000, 0x0000,
    0x6fe0, 0x0000, 0x0000, 0x0000, 0x0000, 0x0000, 0x0000, 0x0000, 0x0000, 0x5043, 0x0000, 0x0000, 0x0dad, 0x4623, 0x0000, 0x0000,
    0x6fe0, 0x0000, 0x0000, 0x0000, 0x0000, 0x0000, 0x0000, 0x0000, 0x0000, 0x4442, 0x0000, 0x0000, 0x0929, 0x35c3, 0x0000, 0x0000,
    0x0000, 0x0000, 0x0000, 0x0000, 0x0000, 0x0000, 0x0000, 0x0000, 0x0000, 0x0000, 0x0000, 0x0000, 0x0000, 0x0000, 0x0000, 0x0000,
    0x5880, 0x0000, 0x0000, 0x0000, 0x0000, 0x0000, 0x0000, 0x0000, 0x0000, 0x0000, 0x0000, 0x0000, 0x0000, 0x0000, 0x0000, 0x0000,
    0x2d6b, 0x4210, 0x56b5, 0x6739, 0x77bd, 0x0000, 0x35ad, 0x294a, 0x1ce7, 0x14a5, 0x0000, 0x0000, 0x0000, 0x0000, 0x7fff, 0x0000,
};

// [088adbd4] cosmic_dance_prologue_bg_pal: 0x20 bytes defined, 0x140 copied
static const u16 rom_cosmic_dance_prologue_bg_pal[] = {
    0x0000, 0x1c20, 0x3040, 0x4481, 0x54c1, 0x6902, 0x7d43, 0x2c83, 0x3d29, 0x4dee, 0x779c, 0x0000, 0x0000, 0x0000, 0x0000, 0x0000,
    0x0001, 0x00fc, 0x01fc, 0x0080, 0x0002, 0x00e8, 0x41f8, 0x0042, 0x40f8, 0x01f8, 0x0056, 0x0002, 0x00e8, 0x41f8, 0x0044, 0x40f8,
    0x01f8, 0x0058, 0x0002, 0x00e8, 0x41f8, 0x0046, 0x40f8, 0x01f8, 0x005a, 0x0002, 0x00e8, 0x41f8, 0x0040, 0x40f8, 0x01f8, 0x0054,
    0x0002, 0x00e8, 0x41ba, 0x0042, 0x40f8, 0x01ba, 0x0056, 0x0002, 0x00e8, 0x41bc, 0x0044, 0x40f8, 0x01bc, 0x0058, 0x0002, 0x00e8,
    0x41be, 0x0046, 0x40f8, 0x01be, 0x005a, 0x0002, 0x00e8, 0x41c0, 0x0040, 0x40f8, 0x01c0, 0x0054, 0x0002, 0x00e8, 0x41c2, 0x0042,
    0x40f8, 0x01c2, 0x0056, 0x0002, 0x00e8, 0x41c4, 0x0044, 0x40f8, 0x01c4, 0x0058, 0x0002, 0x00e8, 0x41c8, 0x0046, 0x40f8, 0x01c8,
    0x005a, 0x0002, 0x00e8, 0x41ca, 0x0040, 0x40f8, 0x01ca, 0x0054, 0x0002, 0x00e8, 0x41cc, 0x0042, 0x40f8, 0x01cc, 0x0056, 0x0002,
    0x00e8, 0x41ce, 0x0044, 0x40f8, 0x01ce, 0x0058, 0x0002, 0x00e8, 0x41d0, 0x0046, 0x40f8, 0x01d0, 0x005a, 0x0002, 0x00e8, 0x41d2,
    0x0040, 0x40f8, 0x01d2, 0x0054, 0x0002, 0x00e8, 0x41d4, 0x0042, 0x40f8, 0x01d4, 0x0056, 0x0002, 0x00e8, 0x41d6, 0x0044, 0x40f8,
    0x01d6, 0x0058, 0x0002, 0x00e8, 0x41d8, 0x0046, 0x40f8, 0x01d8, 0x005a, 0x0002, 0x00e8, 0x41da, 0x0040, 0x40f8, 0x01da, 0x0054,
};

// [088adbb4] cosmic_dance_prologue_obj_pal: 0x20 bytes defined, 0x140 copied
static const u16 rom_cosmic_dance_prologue_obj_pal[] = {
    0x059f, 0x07c0, 0x7c60, 0x3da0, 0x6700, 0x7fc0, 0x7bd1, 0x7fff, 0x0280, 0x001f, 0x0000, 0x0000, 0x0000, 0x7dd7, 0x7fff, 0x0000,
    0x0000, 0x1c20, 0x3040, 0x4481, 0x54c1, 0x6902, 0x7d43, 0x2c83, 0x3d29, 0x4dee, 0x779c, 0x0000, 0x0000, 0x0000, 0x0000, 0x0000,
    0x0001, 0x00fc, 0x01fc, 0x0080, 0x0002, 0x00e8, 0x41f8, 0x0042, 0x40f8, 0x01f8, 0x0056, 0x0002, 0x00e8, 0x41f8, 0x0044, 0x40f8,
    0x01f8, 0x0058, 0x0002, 0x00e8, 0x41f8, 0x0046, 0x40f8, 0x01f8, 0x005a, 0x0002, 0x00e8, 0x41f8, 0x0040, 0x40f8, 0x01f8, 0x0054,
    0x0002, 0x00e8, 0x41ba, 0x0042, 0x40f8, 0x01ba, 0x0056, 0x0002, 0x00e8, 0x41bc, 0x0044, 0x40f8, 0x01bc, 0x0058, 0x0002, 0x00e8,
    0x41be, 0x0046, 0x40f8, 0x01be, 0x005a, 0x0002, 0x00e8, 0x41c0, 0x0040, 0x40f8, 0x01c0, 0x0054, 0x0002, 0x00e8, 0x41c2, 0x0042,
    0x40f8, 0x01c2, 0x0056, 0x0002, 0x00e8, 0x41c4, 0x0044, 0x40f8, 0x01c4, 0x0058, 0x0002, 0x00e8, 0x41c8, 0x0046, 0x40f8, 0x01c8,
    0x005a, 0x0002, 0x00e8, 0x41ca, 0x0040, 0x40f8, 0x01ca, 0x0054, 0x0002, 0x00e8, 0x41cc, 0x0042, 0x40f8, 0x01cc, 0x0056, 0x0002,
    0x00e8, 0x41ce, 0x0044, 0x40f8, 0x01ce, 0x0058, 0x0002, 0x00e8, 0x41d0, 0x0046, 0x40f8, 0x01d0, 0x005a, 0x0002, 0x00e8, 0x41d2,
    0x0040, 0x40f8, 0x01d2, 0x0054, 0x0002, 0x00e8, 0x41d4, 0x0042, 0x40f8, 0x01d4, 0x0056, 0x0002, 0x00e8, 0x41d6, 0x0044, 0x40f8,
};

// [08901ac0] data_room_pal: 0x160 bytes defined, 0x200 copied
static const u16 rom_data_room_pal[] = {
    0x0000, 0x0000, 0x0000, 0x0000, 0x0000, 0x0000, 0x0000, 0x0000, 0x7fff, 0x0000, 0x0000, 0x0000, 0x0000, 0x0000, 0x0000, 0x1800,
    0x18c6, 0x1203, 0x23e6, 0x0000, 0x0000, 0x0000, 0x7cc9, 0x75ea, 0x7e08, 0x318c, 0x294a, 0x35ad, 0x77bd, 0x5ad6, 0x6f7b, 0x7fff,
    0x2907, 0x0000, 0x0000, 0x0000, 0x0000, 0x0000, 0x0000, 0x0000, 0x7c0d, 0x0000, 0x0000, 0x0000, 0x0000, 0x0000, 0x6b5b, 0x7fff,
    0x0000, 0x0000, 0x0000, 0x0000, 0x0000, 0x0000, 0x0000, 0x0000, 0x6409, 0x0000, 0x4066, 0x60aa, 0x7ced, 0x7e13, 0x7ef9, 0x7fff,
    0x0000, 0x0000, 0x0000, 0x0000, 0x0000, 0x0000, 0x0000, 0x0000, 0x5808, 0x0000, 0x0000, 0x0000, 0x0000, 0x0000, 0x0000, 0x0000,
    0x0000, 0x0000, 0x0000, 0x0000, 0x0000, 0x0000, 0x0000, 0x0000, 0x5006, 0x0000, 0x0000, 0x0000, 0x0000, 0x0000, 0x0000, 0x0000,
    0x0000, 0x0000, 0x0000, 0x0000, 0x0000, 0x0000, 0x0000, 0x0000, 0x4405, 0x0000, 0x0000, 0x0000, 0x0000, 0x0000, 0x0000, 0x0000,
    0x0000, 0x0000, 0x0000, 0x0000, 0x0000, 0x0000, 0x0000, 0x0000, 0x3803, 0x0000, 0x0000, 0x0000, 0x0000, 0x0000, 0x0000, 0x0000,
    0x0000, 0x0000, 0x0000, 0x0000, 0x0000, 0x0000, 0x0000, 0x0000, 0x2c02, 0x0000, 0x0000, 0x0000, 0x0000, 0x0000, 0x0000, 0x0000,
    0x0000, 0x0000, 0x0000, 0x0000, 0x0000, 0x0000, 0x0000, 0x0000, 0x2400, 0x0000, 0x0000, 0x0000, 0x0000, 0x0000, 0x0000, 0x0000,
    0x562f, 0x4f5f, 0x1df6, 0x252a, 0x6b5b, 0x1cff, 0x54c4, 0x6a3f, 0x7e4d, 0x0bff, 0x12a4, 0x0e03, 0x7fa0, 0x0012, 0x7fff, 0x1800,
    0x0001, 0x0000, 0x0000, 0x01dd, 0x0004, 0x0010, 0x41f2, 0x010a, 0x8010, 0x0002, 0x014f, 0x4020, 0x01f2, 0x01d4, 0x0020, 0x0002,
    0x01da, 0x0004, 0x0011, 0x41f1, 0x010a, 0x8011, 0x0001, 0x014f, 0x4021, 0x01f1, 0x01d4, 0x0021, 0x0001, 0x01da, 0x0004, 0x0012,
    0x41f0, 0x010a, 0x8012, 0x0000, 0x014f, 0x4022, 0x01f0, 0x01d4, 0x0022, 0x0000, 0x01da, 0x0004, 0x0013, 0x41ef, 0x010a, 0x8013,
    0x01ff, 0x014f, 0x4023, 0x01ef, 0x01d4, 0x0023, 0x01ff, 0x01da, 0x0004, 0x00fc, 0x41fc, 0x0104, 0x00fc, 0x500c, 0x0104, 0x000c,
    0x61fc, 0x0104, 0x000c, 0x700c, 0x0104, 0x0004, 0x00fc, 0x41fc, 0x0106, 0x00fc, 0x500c, 0x0106, 0x000c, 0x61fc, 0x0106, 0x000c,
};

// [088bf5f0] drum_boys_bg_pal: 0xc0 bytes defined, 0x140 copied
static const u16 rom_drum_boys_bg_pal[] = {
    0x7fa9, 0x0000, 0x0000, 0x0000, 0x0000, 0x001e, 0x4d78, 0x7780, 0x76ff, 0x7b9f, 0x6739, 0x7e6c, 0x65df, 0x7fdf, 0x7fff, 0x0000,
    0x7fa9, 0x7840, 0x7860, 0x78c0, 0x7940, 0x79a0, 0x7a40, 0x76c0, 0x7700, 0x7740, 0x7780, 0x5dbd, 0x61be, 0x61be, 0x7780, 0x65df,
    0x7fa9, 0x7c00, 0x7dad, 0x696b, 0x5d49, 0x5128, 0x4908, 0x7780, 0x03fd, 0x037a, 0x041e, 0x041b, 0x0380, 0x0340, 0x267f, 0x265f,
    0x7fa9, 0x0000, 0x0000, 0x0000, 0x0000, 0x0000, 0x0000, 0x0000, 0x0000, 0x0000, 0x0000, 0x0000, 0x0000, 0x0000, 0x0000, 0x0000,
    0x6298, 0x0000, 0x7e6c, 0x001e, 0x7e6c, 0x7e6c, 0x7e6c, 0x7e6c, 0x7e6c, 0x7e6c, 0x7e6c, 0x7e6c, 0x7e6c, 0x7e6c, 0x7fff, 0x7e6c,
    0x7d73, 0x4404, 0x0000, 0x0000, 0x0000, 0x0000, 0x0000, 0x0000, 0x0000, 0x0000, 0x0000, 0x0000, 0x0000, 0x0000, 0x0000, 0x0000,
    0x0004, 0x00f0, 0x51ed, 0x01c4, 0x00f0, 0x4003, 0x01c4, 0x00f4, 0x41f4, 0x01c8, 0x80f4, 0x0004, 0x0242, 0x0004, 0x00f1, 0x51ed,
    0x01c4, 0x00f1, 0x4003, 0x01c4, 0x00f5, 0x41f4, 0x01c8, 0x80f5, 0x0004, 0x0242, 0x0004, 0x00f2, 0x51ed, 0x01c4, 0x00f2, 0x4003,
    0x01c4, 0x00f6, 0x41f4, 0x01c8, 0x80f6, 0x0004, 0x0242, 0x0002, 0x0001, 0x41f8, 0x01da, 0x4010, 0x01f8, 0x029e, 0x0002, 0x0000,
    0x41f8, 0x01da, 0x4010, 0x01f8, 0x029e, 0x0002, 0x00ff, 0x41f8, 0x01da, 0x0008, 0x41f8, 0x01d8, 0x0002, 0x80f0, 0x81ee, 0x0098,
};

// [088bf510] drum_boys_obj_pal: 0xe0 bytes defined, 0x140 copied
static const u16 rom_drum_boys_obj_pal[] = {
    0x7fa9, 0x12a4, 0x252a, 0x3def, 0x001e, 0x0000, 0x7ea7, 0x7cf9, 0x1fdf, 0x6fbf, 0x6739, 0x7e6c, 0x7fe0, 0x7c81, 0x7fff, 0x0000,
    0x0000, 0x0000, 0x0000, 0x0000, 0x0000, 0x0000, 0x33fe, 0x0000, 0x0000, 0x0000, 0x0000, 0x0000, 0x0000, 0x0000, 0x0000, 0x0000,
    0x0000, 0x0000, 0x0000, 0x0000, 0x0000, 0x0000, 0x4bfe, 0x0000, 0x0000, 0x0000, 0x0000, 0x0000, 0x0000, 0x0000, 0x0000, 0x0000,
    0x0000, 0x0000, 0x0000, 0x0000, 0x0000, 0x0000, 0x73ff, 0x0000, 0x0000, 0x0000, 0x0000, 0x0000, 0x0000, 0x0000, 0x0000, 0x0000,
    0x6298, 0x0000, 0x7e6c, 0x001e, 0x7e6c, 0x7e6c, 0x7e6c, 0x7e6c, 0x7e6c, 0x7e6c, 0x7e6c, 0x7e6c, 0x7e6c, 0x7e6c, 0x7fff, 0x7e6c,
    0x7d73, 0x4404, 0x0000, 0x0000, 0x0000, 0x0000, 0x0000, 0x0000, 0x0000, 0x0000, 0x0000, 0x0000, 0x0000, 0x0000, 0x0000, 0x0000,
    0x5965, 0x32ff, 0x631a, 0x318d, 0x0000, 0x14df, 0x0c73, 0x19df, 0x13e9, 0x0bff, 0x4440, 0x7c81, 0x7fa0, 0x1cff, 0x7fff, 0x1800,
    0x7fa9, 0x0000, 0x0000, 0x0000, 0x0000, 0x001e, 0x4d78, 0x7780, 0x76ff, 0x7b9f, 0x6739, 0x7e6c, 0x65df, 0x7fdf, 0x7fff, 0x0000,
    0x7fa9, 0x7840, 0x7860, 0x78c0, 0x7940, 0x79a0, 0x7a40, 0x76c0, 0x7700, 0x7740, 0x7780, 0x5dbd, 0x61be, 0x61be, 0x7780, 0x65df,
    0x7fa9, 0x7c00, 0x7dad, 0x696b, 0x5d49, 0x5128, 0x4908, 0x7780, 0x03fd, 0x037a, 0x041e, 0x041b, 0x0380, 0x0340, 0x267f, 0x265f,
};

// [088c1c94] drum_girls_bg_pal: 0xc0 bytes defined, 0x140 copied
static const u16 rom_drum_girls_bg_pal[] = {
    0x7fa9, 0x0000, 0x0000, 0x0000, 0x0000, 0x001e, 0x4d78, 0x65df, 0x76ff, 0x7b9f, 0x6739, 0x7e6c, 0x65df, 0x7fdf, 0x7fff, 0x0000,
    0x7fa9, 0x4d78, 0x5179, 0x5179, 0x517a, 0x559a, 0x559b, 0x599b, 0x599c, 0x5dbc, 0x5dbd, 0x5dbd, 0x61be, 0x61be, 0x65df, 0x65df,
    0x7fa9, 0x7c00, 0x7dad, 0x696b, 0x5d49, 0x5128, 0x4908, 0x65df, 0x03fd, 0x037a, 0x041e, 0x041b, 0x0380, 0x0340, 0x267f, 0x265f,
    0x7fa9, 0x0000, 0x0000, 0x0000, 0x0000, 0x0000, 0x0000, 0x0000, 0x0000, 0x0000, 0x0000, 0x0000, 0x0000, 0x0000, 0x0000, 0x0000,
    0x6298, 0x0000, 0x7e6c, 0x001e, 0x7e6c, 0x7e6c, 0x7e6c, 0x7e6c, 0x7e6c, 0x7e6c, 0x7e6c, 0x7e6c, 0x7e6c, 0x7e6c, 0x7fff, 0x7e6c,
    0x7d73, 0x4404, 0x0000, 0x0000, 0x0000, 0x0000, 0x0000, 0x0000, 0x0000, 0x0000, 0x0000, 0x0000, 0x0000, 0x0000, 0x0000, 0x0000,
    0x0002, 0x80e7, 0x800b, 0x0080, 0x80e7, 0x401b, 0x0093, 0x0001, 0x00c3, 0x8005, 0x1010, 0x0001, 0x00c2, 0x8006, 0x1010, 0x0001,
    0x00c1, 0x8007, 0x1010, 0x0002, 0x00d5, 0x4013, 0x11d2, 0x40e5, 0x0013, 0x1233, 0x0002, 0x00d4, 0x4013, 0x11d2, 0x40e4, 0x0013,
    0x1233, 0x0002, 0x00d3, 0x4013, 0x11d2, 0x40e3, 0x0013, 0x1233, 0x0003, 0x00eb, 0x4002, 0x11ce, 0x80eb, 0x0012, 0x1204, 0x40fb,
    0x0002, 0x1237, 0x0003, 0x00f3, 0x4002, 0x10ca, 0x00e3, 0x400a, 0x11d6, 0x00eb, 0x0002, 0x10aa, 0x0002, 0x00e8, 0x400b, 0x11ce,
};

// [088c1bd4] drum_girls_obj_pal: 0xc0 bytes defined, 0x140 copied
static const u16 rom_drum_girls_obj_pal[] = {
    0x7fa9, 0x12a4, 0x252a, 0x3def, 0x001e, 0x5adf, 0x23fd, 0x34df, 0x1a3f, 0x6fbf, 0x6739, 0x7e6c, 0x7fe0, 0x0000, 0x7fff, 0x0000,
    0x0000, 0x0000, 0x0000, 0x0000, 0x0000, 0x0000, 0x33fe, 0x0000, 0x0000, 0x0000, 0x0000, 0x0000, 0x0000, 0x0000, 0x0000, 0x0000,
    0x0000, 0x0000, 0x0000, 0x0000, 0x0000, 0x0000, 0x4bfe, 0x0000, 0x0000, 0x0000, 0x0000, 0x0000, 0x0000, 0x0000, 0x0000, 0x0000,
    0x0000, 0x0000, 0x0000, 0x0000, 0x0000, 0x0000, 0x73ff, 0x0000, 0x0000, 0x0000, 0x0000, 0x0000, 0x0000, 0x0000, 0x0000, 0x0000,
    0x6298, 0x0000, 0x7e6c, 0x001e, 0x7e6c, 0x7e6c, 0x7e6c, 0x7e6c, 0x7e6c, 0x7e6c, 0x7e6c, 0x7e6c, 0x7e6c, 0x7e6c, 0x7fff, 0x7e6c,
    0x7d73, 0x4404, 0x0000, 0x0000, 0x0000, 0x0000, 0x0000, 0x0000, 0x0000, 0x0000, 0x0000, 0x0000, 0x0000, 0x0000, 0x0000, 0x0000,
    0x7fa9, 0x0000, 0x0000, 0x0000, 0x0000, 0x001e, 0x4d78, 0x65df, 0x76ff, 0x7b9f, 0x6739, 0x7e6c, 0x65df, 0x7fdf, 0x7fff, 0x0000,
    0x7fa9, 0x4d78, 0x5179, 0x5179, 0x517a, 0x559a, 0x559b, 0x599b, 0x599c, 0x5dbc, 0x5dbd, 0x5dbd, 0x61be, 0x61be, 0x65df, 0x65df,
    0x7fa9, 0x7c00, 0x7dad, 0x696b, 0x5d49, 0x5128, 0x4908, 0x65df, 0x03fd, 0x037a, 0x041e, 0x041b, 0x0380, 0x0340, 0x267f, 0x265f,
    0x7fa9, 0x0000, 0x0000, 0x0000, 0x0000, 0x0000, 0x0000, 0x0000, 0x0000, 0x0000, 0x0000, 0x0000, 0x0000, 0x0000, 0x0000, 0x0000,
};

// [088c2fe0] drum_intro_play_pal: 0x60 bytes defined, 0x140 copied
static const u16 rom_drum_intro_play_pal[] = {
    0x7fff, 0x1086, 0x2d8b, 0x4e93, 0x6f5b, 0x7fff, 0x0000, 0x0000, 0x0000, 0x0000, 0x0000, 0x0000, 0x0000, 0x0000, 0x0000, 0x0000,
    0x7fff, 0x32ff, 0x4a53, 0x1df6, 0x7fff, 0x14df, 0x0c73, 0x19df, 0x13e9, 0x0bff, 0x06a0, 0x0fe0, 0x7fa0, 0x001f, 0x7fff, 0x1800,
    0x56b5, 0x1086, 0x2d8b, 0x14df, 0x0c73, 0x7fff, 0x5ad7, 0x1df6, 0x0bff, 0x19df, 0x0000, 0x0000, 0x7fa0, 0x0000, 0x7fff, 0x0000,
    0x0002, 0x80e7, 0x8008, 0x001c, 0x80e7, 0x4018, 0x008e, 0x0001, 0x00c5, 0x8003, 0x1018, 0x0001, 0x00c4, 0x8004, 0x1018, 0x0001,
    0x00c3, 0x8005, 0x1018, 0x0002, 0x00da, 0x4011, 0x11c4, 0x40ea, 0x0011, 0x1220, 0x0002, 0x00d9, 0x4011, 0x11c4, 0x40e9, 0x0011,
    0x1220, 0x0002, 0x00d8, 0x4011, 0x11c4, 0x40e8, 0x0011, 0x1220, 0x0004, 0x00eb, 0x4002, 0x119c, 0x80eb, 0x0012, 0x11da, 0x40fb,
    0x0002, 0x121e, 0x00fb, 0x0012, 0x11f8, 0x0004, 0x00f3, 0x4002, 0x10c6, 0x00e3, 0x400a, 0x119a, 0x00eb, 0x0002, 0x10a6, 0x80f3,
    0x0012, 0x11d9, 0x0003, 0x00e8, 0x400b, 0x119c, 0x40f8, 0x000b, 0x121e, 0x80f0, 0x001b, 0x11d8, 0x0002, 0x80e0, 0x800b, 0x1086,
    0x80f0, 0x001b, 0x11d9, 0x0002, 0x40e9, 0x0011, 0x1220, 0x00e6, 0x4011, 0x11cc, 0x0002, 0x40e9, 0x0010, 0x1220, 0x00e6, 0x4011,
    0x11c8, 0x0002, 0x40ea, 0x0010, 0x1220, 0x00e6, 0x4011, 0x11c8, 0x0003, 0x00fc, 0x4005, 0x119e, 0x0001, 0x0003, 0x1238, 0x00fb,
};

// [088c430c] drum_intro_talk_pal: 0xe0 bytes defined, 0x140 copied
static const u16 rom_drum_intro_talk_pal[] = {
    0x7fff, 0x1086, 0x2d8b, 0x14df, 0x0c73, 0x7fff, 0x5ad7, 0x1df6, 0x0bff, 0x19df, 0x0000, 0x0000, 0x7fa0, 0x0000, 0x7fff, 0x0000,
    0x5965, 0x32ff, 0x631a, 0x318d, 0x0000, 0x14df, 0x0c73, 0x19df, 0x13e9, 0x0bff, 0x4440, 0x7c81, 0x7fa0, 0x1cff, 0x7fff, 0x1800,
    0x5965, 0x0000, 0x0343, 0x19df, 0x0000, 0x0000, 0x0000, 0x0000, 0x0000, 0x0000, 0x0000, 0x0000, 0x0000, 0x0000, 0x0000, 0x0000,
    0x0000, 0x0000, 0x0343, 0x0000, 0x0000, 0x0000, 0x0000, 0x0000, 0x0000, 0x0000, 0x0000, 0x0000, 0x0000, 0x0000, 0x0000, 0x0000,
    0x0000, 0x0000, 0x0000, 0x0000, 0x0000, 0x0000, 0x0000, 0x0000, 0x0000, 0x0000, 0x0000, 0x0000, 0x0000, 0x0000, 0x0000, 0x0000,
    0x0000, 0x0000, 0x0000, 0x0000, 0x0000, 0x0000, 0x0000, 0x0000, 0x0000, 0x0000, 0x0000, 0x0000, 0x0000, 0x0000, 0x0000, 0x0000,
    0x0233, 0x0000, 0x7fff, 0x7fff, 0x2529, 0x6739, 0x7fe6, 0x7fff, 0x32ff, 0x7d27, 0x7fff, 0x7fff, 0x001f, 0x4e73, 0x7fff, 0x0000,
    0x0043, 0x40f3, 0x000a, 0x01fc, 0x40fb, 0x4002, 0x0198, 0x4019, 0x0004, 0x0204, 0x40fd, 0x4002, 0x01bc, 0x80fc, 0x4011, 0x001a,
    0x8010, 0x0000, 0x0181, 0x8000, 0x81f0, 0x0010, 0x8000, 0x01e8, 0x0184, 0x40e0, 0x800c, 0x00cc, 0x40f0, 0x400c, 0x01d8, 0x00e8,
    0x4017, 0x00d8, 0x8008, 0x001b, 0x015e, 0x80f8, 0x001b, 0x015e, 0x4018, 0x8013, 0x001c, 0x00e3, 0x4002, 0x010c, 0x80e3, 0x0012,
};

// [088c88e0] drum_lessons_bg_screen_pal: 0xe0 bytes defined, 0x200 copied
static const u16 rom_drum_lessons_bg_screen_pal[] = {
    0x77bd, 0x77bd, 0x77bd, 0x77bd, 0x77bd, 0x77bd, 0x77bd, 0x77bd, 0x77bd, 0x77bd, 0x77bd, 0x77bd, 0x77bd, 0x77bd, 0x77bd, 0x77bd,
    0x77bd, 0x77bd, 0x77bd, 0x77bd, 0x77bd, 0x77bd, 0x77bd, 0x77bd, 0x77bd, 0x77bd, 0x77bd, 0x77bd, 0x77bd, 0x77bd, 0x77bd, 0x77bd,
    0x77bd, 0x77bd, 0x77bd, 0x77bd, 0x77bd, 0x77bd, 0x77bd, 0x77bd, 0x77bd, 0x77bd, 0x77bd, 0x77bd, 0x77bd, 0x77bd, 0x77bd, 0x77bd,
    0x77bd, 0x77bd, 0x77bd, 0x77bd, 0x77bd, 0x77bd, 0x77bd, 0x77bd, 0x77bd, 0x77bd, 0x77bd, 0x77bd, 0x77bd, 0x77bd, 0x77bd, 0x77bd,
    0x77bd, 0x0000, 0x0000, 0x6739, 0x0000, 0x0000, 0x2108, 0x0000, 0x03eb, 0x318c, 0x3def, 0x56b5, 0x2108, 0x4e73, 0x77bd, 0x7fff,
    0x0000, 0x0000, 0x0000, 0x0000, 0x0000, 0x0000, 0x0000, 0x0000, 0x0000, 0x0000, 0x0000, 0x0000, 0x0000, 0x0000, 0x0000, 0x0000,
    0x2341, 0x0000, 0x7fff, 0x7fff, 0x2529, 0x6739, 0x7fe6, 0x7fff, 0x275f, 0x7d27, 0x7fff, 0x7fff, 0x001f, 0x4e73, 0x7fff, 0x0000,
    0x0002, 0x00e8, 0x41f8, 0x20d4, 0x40f8, 0x01f8, 0x2148, 0x0002, 0x00e8, 0x41f8, 0x20d8, 0x40f8, 0x01f8, 0x214c, 0x0002, 0x00e8,
    0x41f8, 0x209c, 0x40f8, 0x01f8, 0x2152, 0x0002, 0x00e7, 0x41f8, 0x209c, 0x40f7, 0x01f8, 0x2152, 0x0002, 0x00e6, 0x41f8, 0x209c,
    0x40f6, 0x01f8, 0x2152, 0x0002, 0x00e5, 0x41f8, 0x209c, 0x40f5, 0x01f8, 0x2152, 0x0002, 0x40f8, 0x01f4, 0x2154, 0x00f8, 0x0004,
    0x2163, 0x0002, 0x00e8, 0x41f8, 0x20d0, 0x40f8, 0x01f8, 0x213d, 0x0002, 0x00e8, 0x41f8, 0x20ce, 0x40f8, 0x01f8, 0x2140, 0x0002,
    0x00e8, 0x41f8, 0x20cc, 0x40f8, 0x01f8, 0x2144, 0x0002, 0x00e8, 0x41f8, 0x2102, 0x40f8, 0x01f8, 0x2150, 0x0001, 0x00f8, 0x41f8,
    0x2104, 0x0004, 0x00fe, 0x41fe, 0x20dc, 0x400e, 0x01fe, 0x2137, 0x00f0, 0x41fc, 0x2100, 0x4000, 0x01fc, 0x213b, 0x0003, 0x00fe,
    0x41fe, 0x20dc, 0x400e, 0x01fe, 0x2137, 0x00ff, 0x000a, 0x2164, 0x0002, 0x00fe, 0x41fe, 0x20dc, 0x400e, 0x01fe, 0x214a, 0x0002,
    0x00fe, 0x41fe, 0x20dc, 0x400e, 0x01fe, 0x2146, 0x0002, 0x00e8, 0x41f8, 0x209c, 0x40f8, 0x01f8, 0x2152, 0x0001, 0x00e8, 0x81f0,
    0x200c, 0x0001, 0x00f5, 0x41f8, 0x00de, 0x0001, 0x00f5, 0x51f8, 0x00de, 0x0004, 0x00f4, 0x41f4, 0x2106, 0x80f4, 0x0004, 0x201f,
};

// [088c8620] drum_lessons_obj_pal: 0x180 bytes defined, 0x200 copied
static const u16 rom_drum_lessons_obj_pal[] = {
    0x2341, 0x0000, 0x0511, 0x673f, 0x2529, 0x6739, 0x0238, 0x02bd, 0x275f, 0x0997, 0x3edf, 0x7fff, 0x001f, 0x4e73, 0x7fff, 0x0000,
    0x091a, 0x0000, 0x0000, 0x7c66, 0x001c, 0x09ff, 0x03fd, 0x7fff, 0x0000, 0x0000, 0x0000, 0x0000, 0x001f, 0x0317, 0x03fd, 0x0000,
    0x2341, 0x0000, 0x0000, 0x0000, 0x0000, 0x0000, 0x0000, 0x7ff6, 0x0000, 0x0000, 0x0000, 0x0000, 0x0000, 0x0000, 0x0000, 0x0000,
    0x3e42, 0x0000, 0x0000, 0x0000, 0x0000, 0x0000, 0x0000, 0x7f1f, 0x7fff, 0x0000, 0x0000, 0x0000, 0x001f, 0x5294, 0x7fff, 0x0000,
    0x2341, 0x2108, 0x0000, 0x0000, 0x0000, 0x0000, 0x0000, 0x0000, 0x0000, 0x0000, 0x0000, 0x0000, 0x0000, 0x5ef7, 0x7fff, 0x0000,
    0x0000, 0x0000, 0x0000, 0x0000, 0x0000, 0x0000, 0x0000, 0x0000, 0x0000, 0x0000, 0x0000, 0x0000, 0x0000, 0x0000, 0x0000, 0x0000,
    0x0233, 0x0000, 0x7fff, 0x7fff, 0x2529, 0x6739, 0x7fe6, 0x7fff, 0x32ff, 0x7d27, 0x7fff, 0x7fff, 0x001f, 0x4e73, 0x7fff, 0x0000,
    0x6cf0, 0x0000, 0x0000, 0x0000, 0x0000, 0x0000, 0x0000, 0x0210, 0x0200, 0x0010, 0x03ff, 0x23e1, 0x001f, 0x6739, 0x7fff, 0x0000,
    0x6cf0, 0x0000, 0x0000, 0x0000, 0x7fff, 0x0000, 0x0000, 0x014a, 0x0140, 0x000a, 0x0210, 0x0200, 0x0010, 0x6739, 0x0000, 0x0997,
    0x6cf0, 0x0000, 0x0000, 0x0000, 0x001f, 0x0000, 0x0000, 0x00a5, 0x00a0, 0x0005, 0x014a, 0x0140, 0x000a, 0x6739, 0x0000, 0x0000,
    0x6cf0, 0x0000, 0x0000, 0x0000, 0x03fd, 0x0000, 0x0000, 0x0000, 0x0000, 0x0000, 0x00a5, 0x00a0, 0x0005, 0x6739, 0x0000, 0x0000,
    0x6cf0, 0x0000, 0x0000, 0x0000, 0x0000, 0x0000, 0x0000, 0x0000, 0x0000, 0x0000, 0x0000, 0x0000, 0x0000, 0x6739, 0x0000, 0x0000,
    0x025f, 0x025f, 0x739c, 0x7fff, 0x739c, 0x739c, 0x7bde, 0x739c, 0x739c, 0x77bd, 0x739c, 0x739c, 0x739c, 0x739c, 0x0000, 0x739c,
    0x025f, 0x025f, 0x03df, 0x6400, 0x6e10, 0x129f, 0x64af, 0x6df2, 0x17f1, 0x6625, 0x6e8f, 0x63df, 0x6673, 0x6f39, 0x0000, 0x739c,
    0x025f, 0x0000, 0x0000, 0x0000, 0x0000, 0x0000, 0x0000, 0x0000, 0x0000, 0x0000, 0x0000, 0x0000, 0x0000, 0x0000, 0x0000, 0x0000,
    0x025f, 0x0000, 0x0000, 0x0000, 0x0000, 0x0000, 0x0000, 0x0000, 0x0000, 0x0000, 0x0000, 0x0000, 0x0000, 0x0000, 0x0000, 0x0000,
};

// [088f6830] drum_live_menu_pal: 0x120 bytes defined, 0x140 copied
static const u16 rom_drum_live_menu_pal[] = {
    0x0000, 0x0000, 0x1df6, 0x252a, 0x6b5b, 0x7fff, 0x54c4, 0x471f, 0x7eae, 0x0018, 0x06a0, 0x0fe0, 0x7fa0, 0x001f, 0x4a53, 0x01df,
    0x0000, 0x0000, 0x0000, 0x0000, 0x0000, 0x0000, 0x0000, 0x6a5f, 0x0000, 0x0000, 0x0000, 0x0000, 0x0000, 0x0000, 0x0000, 0x0000,
    0x0000, 0x0000, 0x0000, 0x0000, 0x0000, 0x0000, 0x0000, 0x0000, 0x0000, 0x0000, 0x0000, 0x0000, 0x0000, 0x0000, 0x0000, 0x0000,
    0x0000, 0x2c40, 0x5415, 0x10ff, 0x5860, 0x5807, 0x7fff, 0x0000, 0x0000, 0x01df, 0x03e8, 0x63e0, 0x7c80, 0x0000, 0x7c10, 0x7c1d,
    0x0000, 0x7fff, 0x0000, 0x7fff, 0x0000, 0x0000, 0x0000, 0x0000, 0x0000, 0x0000, 0x0000, 0x0000, 0x0000, 0x0000, 0x0000, 0x0000,
    0x0000, 0x0000, 0x0000, 0x0000, 0x0000, 0x0000, 0x0000, 0x0000, 0x0000, 0x0000, 0x0000, 0x0000, 0x0000, 0x0000, 0x0000, 0x0000,
    0x0000, 0x0000, 0x0000, 0x0000, 0x0000, 0x0000, 0x0000, 0x0000, 0x0000, 0x0000, 0x0000, 0x0000, 0x0000, 0x0000, 0x0000, 0x0000,
    0x0000, 0x0000, 0x0000, 0x0000, 0x0000, 0x509f, 0x54c4, 0x69ff, 0x0000, 0x0000, 0x0000, 0x0000, 0x0000, 0x0000, 0x0000, 0x0000,
    0x0000, 0x0000, 0x0000, 0x0000, 0x0000, 0x0000, 0x6a5f, 0x7fbf, 0x0000, 0x0000, 0x0000, 0x0000, 0x0000, 0x0000, 0x0000, 0x0000,
    0x0001, 0x00f8, 0x0000, 0x0351, 0x0002, 0x80e0, 0x8000, 0x218a, 0x80e0, 0x4010, 0x219d, 0x0002, 0x80e2, 0x8000, 0x218a, 0x80e2,
};

// [088a3a7c] drum_samurai_band_bg_pal: 0xc0 bytes defined, 0x140 copied
static const u16 rom_drum_samurai_band_bg_pal[] = {
    0x037f, 0x0000, 0x0000, 0x0000, 0x0000, 0x001e, 0x4631, 0x037f, 0x7bde, 0x6318, 0x6739, 0x7e6c, 0x65df, 0x7fdf, 0x7fff, 0x0000,
    0x037f, 0x01ee, 0x020f, 0x0232, 0x0274, 0x02b7, 0x02f9, 0x031a, 0x031b, 0x035d, 0x037e, 0x5dbd, 0x61be, 0x61be, 0x7780, 0x65df,
    0x037f, 0x7c00, 0x7dad, 0x696b, 0x5d49, 0x5128, 0x4908, 0x037f, 0x03fd, 0x037a, 0x041e, 0x041b, 0x0380, 0x0340, 0x267f, 0x265f,
    0x037f, 0x0000, 0x0000, 0x0000, 0x0000, 0x0000, 0x0000, 0x0000, 0x0000, 0x0000, 0x0000, 0x0000, 0x0000, 0x0000, 0x0000, 0x0000,
    0x6298, 0x0000, 0x7e6c, 0x001e, 0x7e6c, 0x7e6c, 0x7e6c, 0x7e6c, 0x7e6c, 0x7e6c, 0x7e6c, 0x7e6c, 0x7e6c, 0x7e6c, 0x7fff, 0x7e6c,
    0x7d73, 0x4404, 0x0000, 0x0000, 0x0000, 0x0000, 0x0000, 0x0000, 0x0000, 0x0000, 0x0000, 0x0000, 0x0000, 0x0000, 0x0000, 0x0000,
    0x0001, 0x00f8, 0x0000, 0x0210, 0x0001, 0x00f8, 0x0000, 0x0210, 0x000f, 0x00e1, 0x81f3, 0x0000, 0x00e6, 0x0003, 0x020e, 0x00db,
    0x01f7, 0x020c, 0x00df, 0x4006, 0x01d4, 0x00db, 0x41f8, 0x01ca, 0x00cf, 0x81f0, 0x0008, 0x80e1, 0x81f8, 0x0108, 0x80f5, 0x81f8,
    0x010c, 0x00de, 0x400a, 0x01d0, 0x00d6, 0x400e, 0x0202, 0x0010, 0x5000, 0x019c, 0x0010, 0x41f0, 0x01d6, 0x00e0, 0x81f7, 0x0000,
    0x8000, 0x01f8, 0x0206, 0x8000, 0x1000, 0x0204, 0x000e, 0x00e0, 0x81f3, 0x0000, 0x00e4, 0x0003, 0x020e, 0x00d9, 0x01f7, 0x020c,
};

// [088a399c] drum_samurai_band_obj_pal: 0xe0 bytes defined, 0x140 copied
static const u16 rom_drum_samurai_band_obj_pal[] = {
    0x7fa9, 0x12a4, 0x021f, 0x039f, 0x001e, 0x252a, 0x23fd, 0x5416, 0x039f, 0x6fbf, 0x6739, 0x0000, 0x7fe0, 0x7c81, 0x7fff, 0x0000,
    0x0000, 0x0000, 0x0000, 0x0000, 0x0000, 0x0000, 0x33fe, 0x0000, 0x0000, 0x0000, 0x0000, 0x0000, 0x0000, 0x0000, 0x0000, 0x0000,
    0x0000, 0x0000, 0x0000, 0x0000, 0x0000, 0x0000, 0x4bfe, 0x0000, 0x0000, 0x0000, 0x0000, 0x0000, 0x0000, 0x0000, 0x0000, 0x0000,
    0x0000, 0x0000, 0x0000, 0x0000, 0x0000, 0x0000, 0x73ff, 0x0000, 0x0000, 0x0000, 0x0000, 0x0000, 0x0000, 0x0000, 0x0000, 0x0000,
    0x6298, 0x0000, 0x7e6c, 0x001e, 0x7e6c, 0x7e6c, 0x7e6c, 0x7e6c, 0x7e6c, 0x7e6c, 0x7e6c, 0x7e6c, 0x7e6c, 0x7e6c, 0x7fff, 0x7e6c,
    0x7d73, 0x4404, 0x0000, 0x0000, 0x0000, 0x0000, 0x0000, 0x0000, 0x0000, 0x0000, 0x0000, 0x0000, 0x0000, 0x0000, 0x0000, 0x0000,
    0x5965, 0x32ff, 0x631a, 0x318d, 0x0000, 0x14df, 0x0c73, 0x19df, 0x13e9, 0x0bff, 0x4440, 0x7c81, 0x7fa0, 0x1cff, 0x7fff, 0x1800,
    0x037f, 0x0000, 0x0000, 0x0000, 0x0000, 0x001e, 0x4631, 0x037f, 0x7bde, 0x6318, 0x6739, 0x7e6c, 0x65df, 0x7fdf, 0x7fff, 0x0000,
    0x037f, 0x01ee, 0x020f, 0x0232, 0x0274, 0x02b7, 0x02f9, 0x031a, 0x031b, 0x035d, 0x037e, 0x5dbd, 0x61be, 0x61be, 0x7780, 0x65df,
    0x037f, 0x7c00, 0x7dad, 0x696b, 0x5d49, 0x5128, 0x4908, 0x037f, 0x03fd, 0x037a, 0x041e, 0x041b, 0x0380, 0x0340, 0x267f, 0x265f,
};

// [08900484] endless_menu_pal: 0x180 bytes defined, 0x200 copied
static const u16 rom_endless_menu_pal[] = {
    0x61fe, 0x0000, 0x1df6, 0x252a, 0x6b5b, 0x14df, 0x54c4, 0x6a3f, 0x7e4d, 0x0bff, 0x06a0, 0x0fe0, 0x7fa0, 0x001f, 0x4a53, 0x7fff,
    0x3ec7, 0x0000, 0x3417, 0x4a53, 0x6b5b, 0x0bff, 0x4100, 0x7f20, 0x7e81, 0x169e, 0x01c6, 0x1d9f, 0x3f3f, 0x7d3e, 0x5adf, 0x7fff,
    0x0240, 0x0c45, 0x2d2d, 0x45f2, 0x6b5b, 0x0000, 0x0000, 0x7fff, 0x77e0, 0x4ea0, 0x001e, 0x03ff, 0x169f, 0x0dd6, 0x429e, 0x0000,
    0x0000, 0x6f71, 0x0000, 0x0000, 0x0000, 0x0000, 0x0000, 0x3c0a, 0x288e, 0x001f, 0x02a0, 0x54f7, 0x41b3, 0x6a3f, 0x7b9f, 0x7fff,
    0x61fe, 0x0bff, 0x721b, 0x7a3c, 0x7fff, 0x7f5f, 0x6699, 0x4a52, 0x4813, 0x7e5e, 0x30ae, 0x24bf, 0x2087, 0x0dd6, 0x30eb, 0x7fff,
    0x0383, 0x294a, 0x35ad, 0x4210, 0x7f06, 0x0653, 0x0bff, 0x681f, 0x5ad6, 0x6318, 0x7dd9, 0x7c34, 0x4a52, 0x001f, 0x7fff, 0x0000,
    0x0000, 0x0000, 0x0000, 0x0000, 0x0000, 0x0000, 0x0000, 0x0000, 0x0000, 0x0000, 0x0000, 0x0000, 0x0000, 0x0000, 0x0000, 0x0000,
    0x0000, 0x0000, 0x0000, 0x0000, 0x0000, 0x0000, 0x0000, 0x0000, 0x0000, 0x0000, 0x0000, 0x0000, 0x0000, 0x0000, 0x0000, 0x0000,
    0x11a0, 0x0000, 0x252a, 0x0000, 0x54c4, 0x54c4, 0x54c4, 0x54c4, 0x0000, 0x54c4, 0x54c4, 0x000e, 0x7f5f, 0x001f, 0x4a53, 0x7fff,
    0x4100, 0x04ec, 0x7fff, 0x252a, 0x54c4, 0x54c4, 0x54c4, 0x54c4, 0x54c4, 0x54c4, 0x54c4, 0x54c4, 0x54c4, 0x54c4, 0x54c4, 0x54c4,
    0x61fe, 0x0000, 0x0000, 0x0000, 0x0000, 0x0000, 0x0000, 0x0000, 0x0000, 0x0000, 0x0000, 0x0000, 0x0000, 0x0000, 0x0000, 0x0000,
    0x61fe, 0x288e, 0x0000, 0x0000, 0x0000, 0x0000, 0x0000, 0x0000, 0x0000, 0x0000, 0x0000, 0x0000, 0x0000, 0x0000, 0x0000, 0x0000,
    0x0002, 0x00fc, 0x0180, 0x0015, 0x00fc, 0x1068, 0x0015, 0x0001, 0x0020, 0x01fc, 0x0007, 0x0001, 0x00fc, 0x0188, 0x0016, 0x0001,
    0x00fc, 0x0188, 0x0014, 0x0001, 0x40fc, 0x0188, 0x0012, 0x0001, 0x40fc, 0x0188, 0x0010, 0x0001, 0x40fc, 0x4188, 0x0004, 0x0001,
    0x40fc, 0x4188, 0x000c, 0x0001, 0x40fc, 0x4188, 0x0008, 0x0001, 0x40fc, 0x4188, 0x0000, 0x0002, 0x40fc, 0x4188, 0x0000, 0x00fc,
    0x01a8, 0x0016, 0x0002, 0x40fc, 0x4188, 0x0000, 0x00fc, 0x01a8, 0x0014, 0x0002, 0x40fc, 0x4188, 0x0000, 0x40fc, 0x01a8, 0x0012,
};

// [08903120] game_select_bg_overlay_pal: 0xa0 bytes defined, 0x100 copied
static const u16 rom_game_select_bg_overlay_pal[] = {
    0x2907, 0x0000, 0x1df6, 0x252a, 0x6b5b, 0x14df, 0x54c4, 0x6a3f, 0x7e4d, 0x0bff, 0x06a0, 0x0fe0, 0x7fa0, 0x001f, 0x4a53, 0x7fff,
    0x2907, 0x0000, 0x18c6, 0x294a, 0x4e73, 0x6318, 0x77bd, 0x0000, 0x0000, 0x0000, 0x0000, 0x0000, 0x0000, 0x0000, 0x0000, 0x7fff,
    0x0000, 0x0000, 0x0000, 0x0000, 0x0000, 0x0000, 0x0000, 0x0000, 0x0000, 0x0000, 0x0000, 0x0000, 0x0000, 0x0013, 0x0000, 0x0000,
    0x06ae, 0x0000, 0x7fff, 0x252a, 0x6b5b, 0x14df, 0x54c4, 0x6a3f, 0x7e4d, 0x0bff, 0x06a0, 0x0fe0, 0x7fa0, 0x0013, 0x2109, 0x7fff,
    0x2907, 0x0000, 0x7fff, 0x0000, 0x0000, 0x0000, 0x0000, 0x0000, 0x0000, 0x0000, 0x0000, 0x0000, 0x0000, 0x0000, 0x0000, 0x0000,
    0x0000, 0x0000, 0xff00, 0xff11, 0xff00, 0xff11, 0x0110, 0x0000, 0x0110, 0x0000, 0x0ff0, 0x0000, 0x0ff0, 0x0000, 0x0110, 0x0000,
    0x0000, 0x0000, 0xff11, 0xff11, 0xff11, 0xff11, 0x0000, 0x0000, 0x0000, 0x0000, 0x0000, 0x0000, 0x0000, 0x0000, 0x0000, 0x0000,
    0x0000, 0x0000, 0xff11, 0x0011, 0xff11, 0x0011, 0x0000, 0x0ff0, 0x0000, 0x0ff0, 0x0000, 0x0110, 0x0000, 0x0110, 0x0000, 0x0ff0,
};

// [08902ec0] game_select_obj_pal: 0x160 bytes defined, 0x200 copied
static const u16 rom_game_select_obj_pal[] = {
    0x2928, 0x4f5f, 0x1df6, 0x252a, 0x6b5b, 0x14df, 0x54c4, 0x6a3f, 0x7e4d, 0x0bff, 0x06a0, 0x0fe0, 0x7fa0, 0x001f, 0x7fff, 0x1800,
    0x7e4d, 0x0000, 0x4a53, 0x318d, 0x5419, 0x6c5f, 0x62e0, 0x7fc4, 0x0230, 0x0bff, 0x0b40, 0x0fe0, 0x001b, 0x001f, 0x7fff, 0x0000,
    0x7ee0, 0x0000, 0x0000, 0x0000, 0x0000, 0x0000, 0x0c73, 0x6a3f, 0x0000, 0x0bff, 0x06a0, 0x0fe0, 0x0000, 0x0000, 0x7fff, 0x0000,
    0x3c20, 0x0000, 0x0000, 0x252a, 0x7fc4, 0x0260, 0x318d, 0x4a53, 0x6b5b, 0x54c4, 0x0bff, 0x1a7f, 0x0fe0, 0x001f, 0x7fff, 0x0000,
    0x2907, 0x0000, 0x18c6, 0x2529, 0x318c, 0x3def, 0x4a52, 0x56b5, 0x6318, 0x0000, 0x0000, 0x0000, 0x0000, 0x0000, 0x0000, 0x7fff,
    0x0000, 0x0000, 0x7fff, 0x0000, 0x0000, 0x0000, 0x0000, 0x0000, 0x7fff, 0x0000, 0x0000, 0x0000, 0x0000, 0x0000, 0x0000, 0x0000,
    0x7fff, 0x0000, 0x0000, 0x252a, 0x6b5b, 0x0000, 0x0000, 0x0000, 0x6c5f, 0x0000, 0x0000, 0x0000, 0x0000, 0x0000, 0x0000, 0x0000,
    0x0000, 0x7fff, 0x2441, 0x7fff, 0x0000, 0x0000, 0x0000, 0x0000, 0x0000, 0x0000, 0x0000, 0x0000, 0x0000, 0x0000, 0x0000, 0x0000,
    0x0000, 0x54c4, 0x6f7b, 0x54c4, 0x0000, 0x0000, 0x0000, 0x0000, 0x0000, 0x0000, 0x0000, 0x0000, 0x0000, 0x0000, 0x0000, 0x0000,
    0x0000, 0x7eb2, 0x7f9b, 0x7eb2, 0x3def, 0x0000, 0x0000, 0x0000, 0x67ff, 0x0000, 0x0000, 0x0000, 0x3def, 0x0000, 0x0000, 0x0000,
    0x0000, 0x7eb2, 0x7f9b, 0x7eb2, 0x5419, 0x0000, 0x0000, 0x0000, 0x7f9b, 0x0000, 0x0000, 0x0000, 0x5419, 0x0000, 0x0000, 0x0000,
    0x2907, 0x2907, 0x2907, 0x2907, 0x2907, 0x2907, 0x2907, 0x2907, 0x2907, 0x2907, 0x2907, 0x2907, 0x2907, 0x2907, 0x2907, 0x2907,
    0x2907, 0x2907, 0x2907, 0x2907, 0x2907, 0x2907, 0x2907, 0x2907, 0x2907, 0x2907, 0x2907, 0x2907, 0x2907, 0x2907, 0x2907, 0x2907,
    0x2907, 0x2907, 0x2907, 0x2907, 0x2907, 0x2907, 0x2907, 0x2907, 0x2907, 0x2907, 0x2907, 0x2907, 0x2907, 0x2907, 0x2907, 0x2907,
    0x2907, 0x2907, 0x2907, 0x2907, 0x2907, 0x2907, 0x2907, 0x2907, 0x2907, 0x2907, 0x2907, 0x2907, 0x2907, 0x2907, 0x2907, 0x2907,
    0x2907, 0x2907, 0x2907, 0x2907, 0x2907, 0x2907, 0x2907, 0x2907, 0x2907, 0x2907, 0x2907, 0x2907, 0x2907, 0x2907, 0x2907, 0x2907,
};

// [088ad104] karate_man_2_pal: 0x100 bytes defined, 0x140 copied
static const u16 rom_karate_man_2_pal[] = {
    0x73e3, 0x0000, 0x0ddf, 0x0ddf, 0x0ddf, 0x0ddf, 0x0ddf, 0x379f, 0x0000, 0x7fff, 0x7fff, 0x7fff, 0x0ddf, 0x0ddf, 0x0ddf, 0x7fff,
    0x0ddf, 0x0000, 0x73e3, 0x7d85, 0x001f, 0x03ff, 0x04ce, 0x0000, 0x0000, 0x7fff, 0x7fff, 0x7fff, 0x0000, 0x0000, 0x7fff, 0x7fff,
    0x0000, 0x0000, 0x0000, 0x0000, 0x0000, 0x0000, 0x0000, 0x0000, 0x0000, 0x0000, 0x0000, 0x0000, 0x0000, 0x0000, 0x0000, 0x7fff,
    0x0000, 0x0000, 0x0000, 0x0000, 0x0000, 0x0000, 0x0000, 0x0000, 0x0000, 0x0000, 0x0000, 0x0000, 0x0000, 0x0000, 0x0000, 0x0000,
    0x73e3, 0x0000, 0x7d5e, 0x7e3f, 0x0000, 0x0000, 0x0ddf, 0x2b1f, 0x7d85, 0x7d85, 0x7d85, 0x7d85, 0x0000, 0x001f, 0x001f, 0x7fff,
    0x0000, 0x0000, 0x7e3f, 0x7e3f, 0x0000, 0x0000, 0x04ce, 0x0000, 0x7d85, 0x7d85, 0x7d85, 0x7d85, 0x0000, 0x001f, 0x001f, 0x7fff,
    0x0000, 0x0000, 0x7d5e, 0x7e3f, 0x0000, 0x0000, 0x0000, 0x0000, 0x0000, 0x0000, 0x0000, 0x0000, 0x7fff, 0x7fff, 0x7fff, 0x0000,
    0x0000, 0x0000, 0x7e3f, 0x7d5e, 0x0000, 0x0000, 0x0000, 0x0000, 0x0000, 0x0000, 0x0000, 0x0000, 0x0000, 0x0000, 0x0000, 0x0000,
    0x0001, 0x00fc, 0x01fc, 0x000f, 0x0001, 0x00f0, 0x41b8, 0x1006, 0x0002, 0x00f0, 0x41b8, 0x1006, 0x00f0, 0x41c6, 0x1008, 0x0003,
    0x00f0, 0x41b8, 0x1006, 0x00f0, 0x41c6, 0x1008, 0x00f0, 0x41d2, 0x1004, 0x0005, 0x00f0, 0x41b8, 0x1006, 0x00f0, 0x41c6, 0x1008,
};

// [088ad004] karate_man_pal: 0x100 bytes defined, 0x200 copied
static const u16 rom_karate_man_pal[] = {
    0x73e3, 0x0000, 0x0ddf, 0x0ddf, 0x0ddf, 0x0ddf, 0x0ddf, 0x379f, 0x0000, 0x7fff, 0x7fff, 0x7fff, 0x0ddf, 0x0ddf, 0x0ddf, 0x7fff,
    0x0ddf, 0x0000, 0x73e3, 0x7d85, 0x001f, 0x03ff, 0x04ce, 0x0000, 0x0000, 0x7fff, 0x7fff, 0x7fff, 0x0000, 0x0000, 0x7fff, 0x7fff,
    0x0000, 0x0000, 0x0000, 0x0000, 0x0000, 0x0000, 0x0000, 0x0000, 0x0000, 0x0000, 0x0000, 0x0000, 0x0000, 0x0000, 0x0000, 0x7fff,
    0x0000, 0x0000, 0x0000, 0x0000, 0x0000, 0x0000, 0x0000, 0x0000, 0x0000, 0x0000, 0x0000, 0x0000, 0x0000, 0x0000, 0x0000, 0x0000,
    0x73e3, 0x0000, 0x379f, 0x2b1f, 0x0000, 0x0000, 0x0ddf, 0x2b1f, 0x7d85, 0x7d85, 0x7d85, 0x7d85, 0x0000, 0x001f, 0x001f, 0x7fff,
    0x0000, 0x0000, 0x379f, 0x379f, 0x0000, 0x0000, 0x04ce, 0x0000, 0x7d85, 0x7d85, 0x7d85, 0x7d85, 0x0000, 0x001f, 0x001f, 0x7fff,
    0x0000, 0x0000, 0x2b1f, 0x379f, 0x0000, 0x0000, 0x0000, 0x0000, 0x0000, 0x0000, 0x0000, 0x0000, 0x7fff, 0x7fff, 0x7fff, 0x0000,
    0x0000, 0x0000, 0x379f, 0x2b1f, 0x0000, 0x0000, 0x0000, 0x0000, 0x0000, 0x0000, 0x0000, 0x0000, 0x0000, 0x0000, 0x0000, 0x0000,
    0x73e3, 0x0000, 0x0ddf, 0x0ddf, 0x0ddf, 0x0ddf, 0x0ddf, 0x379f, 0x0000, 0x7fff, 0x7fff, 0x7fff, 0x0ddf, 0x0ddf, 0x0ddf, 0x7fff,
    0x0ddf, 0x0000, 0x73e3, 0x7d85, 0x001f, 0x03ff, 0x04ce, 0x0000, 0x0000, 0x7fff, 0x7fff, 0x7fff, 0x0000, 0x0000, 0x7fff, 0x7fff,
    0x0000, 0x0000, 0x0000, 0x0000, 0x0000, 0x0000, 0x0000, 0x0000, 0x0000, 0x0000, 0x0000, 0x0000, 0x0000, 0x0000, 0x0000, 0x7fff,
    0x0000, 0x0000, 0x0000, 0x0000, 0x0000, 0x0000, 0x0000, 0x0000, 0x0000, 0x0000, 0x0000, 0x0000, 0x0000, 0x0000, 0x0000, 0x0000,
    0x73e3, 0x0000, 0x7d5e, 0x7e3f, 0x0000, 0x0000, 0x0ddf, 0x2b1f, 0x7d85, 0x7d85, 0x7d85, 0x7d85, 0x0000, 0x001f, 0x001f, 0x7fff,
    0x0000, 0x0000, 0x7e3f, 0x7e3f, 0x0000, 0x0000, 0x04ce, 0x0000, 0x7d85, 0x7d85, 0x7d85, 0x7d85, 0x0000, 0x001f, 0x001f, 0x7fff,
    0x0000, 0x0000, 0x7d5e, 0x7e3f, 0x0000, 0x0000, 0x0000, 0x0000, 0x0000, 0x0000, 0x0000, 0x0000, 0x7fff, 0x7fff, 0x7fff, 0x0000,
    0x0000, 0x0000, 0x7e3f, 0x7d5e, 0x0000, 0x0000, 0x0000, 0x0000, 0x0000, 0x0000, 0x0000, 0x0000, 0x0000, 0x0000, 0x0000, 0x0000,
};

// [088adb20] karate_man_prologue_bg_pal: 0x40 bytes defined, 0x140 copied
static const u16 rom_karate_man_prologue_bg_pal[] = {
    0x7fb9, 0x0001, 0x0046, 0x048b, 0x08d0, 0x0d37, 0x119e, 0x119e, 0x11bf, 0x0000, 0x0000, 0x0000, 0x0000, 0x0000, 0x0000, 0x03bc,
    0x7356, 0x0001, 0x0c85, 0x14ea, 0x214e, 0x2992, 0x3e11, 0x119e, 0x11bf, 0x4a74, 0x52b7, 0x5f19, 0x6f7b, 0x77bd, 0x7bde, 0x7fff,
    0x0007, 0x00f0, 0x41c0, 0x000e, 0x00f0, 0x41d0, 0x000c, 0x00f0, 0x41e0, 0x0012, 0x00f0, 0x4010, 0x0010, 0x00e8, 0x4018, 0x0008,
    0x00f0, 0x4020, 0x000a, 0x00f0, 0x4030, 0x000c, 0x0001, 0x00e0, 0xc1e0, 0x0000, 0xdb60, 0x088a, 0x0004, 0x0000, 0x0000, 0x0000,
    0x0000, 0x0000, 0xdb8c, 0x088a, 0x0004, 0x0000, 0x0000, 0x0000, 0x0000, 0x0000, 0x059f, 0x07c0, 0x7c60, 0x3da0, 0x6700, 0x7fc0,
    0x7bd1, 0x7fff, 0x0280, 0x001f, 0x0000, 0x0000, 0x0000, 0x7dd7, 0x7fff, 0x0000, 0x0000, 0x1c20, 0x3040, 0x4481, 0x54c1, 0x6902,
    0x7d43, 0x2c83, 0x3d29, 0x4dee, 0x779c, 0x0000, 0x0000, 0x0000, 0x0000, 0x0000, 0x0001, 0x00fc, 0x01fc, 0x0080, 0x0002, 0x00e8,
    0x41f8, 0x0042, 0x40f8, 0x01f8, 0x0056, 0x0002, 0x00e8, 0x41f8, 0x0044, 0x40f8, 0x01f8, 0x0058, 0x0002, 0x00e8, 0x41f8, 0x0046,
    0x40f8, 0x01f8, 0x005a, 0x0002, 0x00e8, 0x41f8, 0x0040, 0x40f8, 0x01f8, 0x0054, 0x0002, 0x00e8, 0x41ba, 0x0042, 0x40f8, 0x01ba,
    0x0056, 0x0002, 0x00e8, 0x41bc, 0x0044, 0x40f8, 0x01bc, 0x0058, 0x0002, 0x00e8, 0x41be, 0x0046, 0x40f8, 0x01be, 0x005a, 0x0002,
};

// [088adae0] karate_man_prologue_obj_pal: 0x40 bytes defined, 0x140 copied
static const u16 rom_karate_man_prologue_obj_pal[] = {
    0x7fb9, 0x0001, 0x0046, 0x048b, 0x08d0, 0x0d37, 0x119e, 0x119e, 0x11bf, 0x0000, 0x0000, 0x0000, 0x0000, 0x0000, 0x0000, 0x03bc,
    0x7356, 0x0001, 0x0c85, 0x14ea, 0x214e, 0x2992, 0x3e11, 0x119e, 0x11bf, 0x4a74, 0x52b7, 0x5f19, 0x6f7b, 0x77bd, 0x7bde, 0x7fff,
    0x7fb9, 0x0001, 0x0046, 0x048b, 0x08d0, 0x0d37, 0x119e, 0x119e, 0x11bf, 0x0000, 0x0000, 0x0000, 0x0000, 0x0000, 0x0000, 0x03bc,
    0x7356, 0x0001, 0x0c85, 0x14ea, 0x214e, 0x2992, 0x3e11, 0x119e, 0x11bf, 0x4a74, 0x52b7, 0x5f19, 0x6f7b, 0x77bd, 0x7bde, 0x7fff,
    0x0007, 0x00f0, 0x41c0, 0x000e, 0x00f0, 0x41d0, 0x000c, 0x00f0, 0x41e0, 0x0012, 0x00f0, 0x4010, 0x0010, 0x00e8, 0x4018, 0x0008,
    0x00f0, 0x4020, 0x000a, 0x00f0, 0x4030, 0x000c, 0x0001, 0x00e0, 0xc1e0, 0x0000, 0xdb60, 0x088a, 0x0004, 0x0000, 0x0000, 0x0000,
    0x0000, 0x0000, 0xdb8c, 0x088a, 0x0004, 0x0000, 0x0000, 0x0000, 0x0000, 0x0000, 0x059f, 0x07c0, 0x7c60, 0x3da0, 0x6700, 0x7fc0,
    0x7bd1, 0x7fff, 0x0280, 0x001f, 0x0000, 0x0000, 0x0000, 0x7dd7, 0x7fff, 0x0000, 0x0000, 0x1c20, 0x3040, 0x4481, 0x54c1, 0x6902,
    0x7d43, 0x2c83, 0x3d29, 0x4dee, 0x779c, 0x0000, 0x0000, 0x0000, 0x0000, 0x0000, 0x0001, 0x00fc, 0x01fc, 0x0080, 0x0002, 0x00e8,
    0x41f8, 0x0042, 0x40f8, 0x01f8, 0x0056, 0x0002, 0x00e8, 0x41f8, 0x0044, 0x40f8, 0x01f8, 0x0058, 0x0002, 0x00e8, 0x41f8, 0x0046,
};

// [08901424] lessons_menu_pal: 0x180 bytes defined, 0x200 copied
static const u16 rom_lessons_menu_pal[] = {
    0x6383, 0x0000, 0x1df6, 0x252a, 0x6b5b, 0x14df, 0x54c4, 0x6a3f, 0x7e4d, 0x0bff, 0x06a0, 0x0fe0, 0x7fa0, 0x001f, 0x4a53, 0x7fff,
    0x3ec7, 0x0000, 0x3417, 0x4a53, 0x6b5b, 0x0bff, 0x4100, 0x7f20, 0x7e81, 0x169e, 0x01c6, 0x1d9f, 0x3f3f, 0x7d3e, 0x5adf, 0x7fff,
    0x4100, 0x0000, 0x0000, 0x7c66, 0x001e, 0x09ff, 0x03fd, 0x7fff, 0x0000, 0x7ff6, 0x0000, 0x0000, 0x0000, 0x0000, 0x0000, 0x0000,
    0x2a91, 0x0000, 0x1592, 0x267d, 0x56b7, 0x3f1f, 0x7fff, 0x7ff6, 0x0000, 0x7f6d, 0x6a40, 0x51e0, 0x6b5b, 0x2529, 0x0000, 0x7fff,
    0x3314, 0x0000, 0x0253, 0x033b, 0x6b5b, 0x0bdf, 0x0000, 0x7f1f, 0x0000, 0x0000, 0x6a3f, 0x001b, 0x7fa0, 0x001f, 0x0000, 0x7fff,
    0x3b98, 0x0000, 0x0719, 0x0bff, 0x077f, 0x5fff, 0x0000, 0x5373, 0x0000, 0x0000, 0x06a0, 0x0000, 0x06fb, 0x0bff, 0x0000, 0x7fff,
    0x6383, 0x0bff, 0x6ec9, 0x7b09, 0x7ff2, 0x7b87, 0x66e5, 0x4a52, 0x6245, 0x7f2a, 0x3dc3, 0x24bf, 0x2087, 0x0dd6, 0x30eb, 0x7fff,
    0x0000, 0x0000, 0x0000, 0x0000, 0x0000, 0x0000, 0x0000, 0x5373, 0x0000, 0x0000, 0x06a0, 0x0000, 0x0000, 0x0000, 0x0000, 0x0000,
    0x11a0, 0x0000, 0x252a, 0x0000, 0x54c4, 0x54c4, 0x54c4, 0x54c4, 0x0000, 0x54c4, 0x54c4, 0x000e, 0x7b87, 0x001f, 0x4a53, 0x7fff,
    0x4100, 0x252a, 0x7fff, 0x252a, 0x54c4, 0x54c4, 0x54c4, 0x54c4, 0x54c4, 0x54c4, 0x54c4, 0x54c4, 0x54c4, 0x54c4, 0x54c4, 0x54c4,
    0x6383, 0x0000, 0x0000, 0x0000, 0x0000, 0x0000, 0x0000, 0x0000, 0x0000, 0x0000, 0x0000, 0x0000, 0x0000, 0x0000, 0x0000, 0x0000,
    0x6383, 0x3160, 0x0000, 0x0000, 0x0000, 0x0000, 0x0000, 0x0000, 0x0000, 0x0000, 0x0000, 0x0000, 0x0000, 0x0000, 0x0000, 0x0000,
    0x0001, 0x00fc, 0x01fc, 0x009b, 0x0001, 0x00fc, 0x01fc, 0xa09a, 0x0001, 0x00f8, 0x41e8, 0x208c, 0x0001, 0x00f8, 0x41e9, 0x208c,
    0x0001, 0x00f8, 0x41ea, 0x208c, 0x000a, 0x40f8, 0x0030, 0xa096, 0x00e8, 0x8028, 0xa018, 0x00e0, 0x4008, 0xa08e, 0x80e0, 0x0018,
    0xa090, 0x80f0, 0x0020, 0xa091, 0x40d0, 0xc000, 0xa000, 0x40f0, 0x8000, 0xa080, 0x40f0, 0x8020, 0xa088, 0x40d8, 0x8020, 0xa084,
    0x40e8, 0x4020, 0xa092, 0x0007, 0x40f8, 0x0030, 0xa096, 0x00e8, 0x8028, 0xa018, 0x40d0, 0xc000, 0xa000, 0x40f0, 0x8000, 0xa080,
};

// [0890e868] love_machine_pal: 0xc0 bytes defined, 0x140 copied
static const u16 rom_love_machine_pal[] = {
    0x252a, 0x0000, 0x1df6, 0x252a, 0x6b5b, 0x14df, 0x54c4, 0x6a3f, 0x7e4d, 0x0bff, 0x06a0, 0x0fe0, 0x7fa0, 0x001f, 0x4a53, 0x7fff,
    0x3ec7, 0x0000, 0x341e, 0x4a53, 0x6b5b, 0x0bff, 0x7e4d, 0x252a, 0x49b5, 0x0011, 0x001f, 0x1d9f, 0x5dfc, 0x6a3f, 0x5adf, 0x7fff,
    0x0000, 0x54c4, 0x0000, 0x0000, 0x0000, 0x0000, 0x0011, 0x7fff, 0x7fa0, 0x0000, 0x0000, 0x5ad6, 0x6739, 0x739c, 0x7fff, 0x7fff,
    0x59c1, 0x0000, 0x3c00, 0x000d, 0x6e3f, 0x0bff, 0x7fa0, 0x21a2, 0x0016, 0x001f, 0x1d9f, 0x3ec4, 0x5b2b, 0x5f97, 0x5bff, 0x7fff,
    0x0000, 0x0000, 0x7816, 0x0000, 0x0000, 0x0000, 0x0000, 0x0000, 0x0000, 0x001f, 0x0000, 0x0000, 0x640f, 0x6d55, 0x76ba, 0x7fff,
    0x0000, 0x0000, 0x0000, 0x0000, 0x0000, 0x0000, 0x0000, 0x0000, 0x0000, 0x0000, 0x0000, 0x5416, 0x5cb9, 0x657c, 0x6e3f, 0x7fff,
    0x0001, 0x00fc, 0x01fc, 0x0272, 0x0007, 0x00d7, 0x41f0, 0x019e, 0x80d7, 0x0000, 0x0210, 0x40e7, 0x01f0, 0x025a, 0x00e7, 0x0000,
    0x0273, 0x00e0, 0x81f0, 0x0080, 0x40ef, 0x81d8, 0x0119, 0x40f8, 0x81f0, 0x0115, 0x0007, 0x00d8, 0x41f0, 0x019e, 0x80d8, 0x0000,
    0x0210, 0x40e8, 0x01f0, 0x025a, 0x00e8, 0x0000, 0x0273, 0x00e0, 0x81f0, 0x0080, 0x40ef, 0x81d8, 0x0119, 0x40f8, 0x81f0, 0x0115,
    0x0001, 0x40f8, 0x81f0, 0x0115, 0x0001, 0x00f8, 0x0000, 0x0279, 0x0001, 0x00f8, 0x0000, 0x0278, 0x0001, 0x00f8, 0x0000, 0x0276,
};

// [0890a4f4] main_menu_pal: 0x1a0 bytes defined, 0x200 copied
static const u16 rom_main_menu_pal[] = {
    0x562f, 0x4f5f, 0x1df6, 0x252a, 0x6b5b, 0x14df, 0x54c4, 0x6a3f, 0x7e4d, 0x0bff, 0x06a0, 0x0fe0, 0x7fa0, 0x001f, 0x7fff, 0x1800,
    0x54c4, 0x1800, 0x7e28, 0x4524, 0x0c74, 0x14df, 0x01b3, 0x025a, 0x025a, 0x463f, 0x17fe, 0x0000, 0x6739, 0x7fff, 0x7fbc, 0x4631,
    0x7fa9, 0x12a4, 0x5294, 0x0238, 0x1cff, 0x5adf, 0x4f5f, 0x34df, 0x3adf, 0x6fbf, 0x0997, 0x7d27, 0x7fe0, 0x008c, 0x7fff, 0x0000,
    0x4a52, 0x59ed, 0x7ef4, 0x6f7b, 0x6318, 0x56b5, 0x7fff, 0x02bd, 0x033f, 0x037f, 0x7bdf, 0x0fe0, 0x0000, 0x0000, 0x7fff, 0x1800,
    0x62c7, 0x1063, 0x4440, 0x7881, 0x3160, 0x66e0, 0x7fa0, 0x0b1f, 0x2108, 0x39cf, 0x4a53, 0x52d7, 0x6b5a, 0x77bd, 0x7fff, 0x0000,
    0x4a52, 0x0000, 0x371f, 0x373f, 0x373f, 0x371f, 0x36ff, 0x0000, 0x7fff, 0x03ff, 0x43ff, 0x7d6e, 0x337f, 0x7eb7, 0x7f5b, 0x7fff,
    0x2108, 0x1800, 0x02bd, 0x6aad, 0x6a25, 0x69c0, 0x4100, 0x0000, 0x48a3, 0x7cc9, 0x7d6e, 0x7e12, 0x7eb7, 0x7f5b, 0x7fff, 0x1800,
    0x0000, 0x0000, 0x0000, 0x0000, 0x0000, 0x0000, 0x037f, 0x0000, 0x0000, 0x0000, 0x0000, 0x0000, 0x0000, 0x0000, 0x0000, 0x0000,
    0x0000, 0x0000, 0x1f9f, 0x3fbf, 0x5fff, 0x7fff, 0x037f, 0x0000, 0x0000, 0x0000, 0x0000, 0x0000, 0x0000, 0x0000, 0x0000, 0x0000,
    0x2108, 0x1800, 0x02bd, 0x7f17, 0x7e0d, 0x7d26, 0x54c4, 0x0000, 0x0000, 0x0000, 0x0000, 0x0000, 0x0000, 0x0000, 0x0000, 0x0000,
    0x0000, 0x0000, 0x035e, 0x037e, 0x039e, 0x035e, 0x031e, 0x0000, 0x7fff, 0x5fff, 0x7fff, 0x7d6e, 0x4fff, 0x0000, 0x0000, 0x0000,
    0x0000, 0x0000, 0x0000, 0x69ed, 0x6905, 0x6860, 0x4020, 0x0000, 0x0000, 0x0000, 0x0000, 0x0000, 0x0000, 0x0000, 0x0000, 0x0000,
    0x0000, 0x0000, 0x0000, 0x0000, 0x0000, 0x0000, 0x0000, 0x0000, 0x0000, 0x2fff, 0x73ff, 0x7efa, 0x2f5f, 0x0000, 0x0000, 0x0000,
    0x5c1f, 0x0000, 0x4f5f, 0x5e41, 0x252a, 0x6b5b, 0x6a82, 0x3c83, 0x6a3f, 0x7e4d, 0x1fff, 0x3720, 0x43e2, 0x7f02, 0x001f, 0x7fff,
    0x0000, 0x0000, 0x0000, 0x0000, 0x0000, 0x0000, 0x0000, 0x0000, 0x0000, 0x0000, 0x0000, 0x0000, 0x0000, 0x0000, 0x0000, 0x0000,
    0x0000, 0x0000, 0x0000, 0x0000, 0x0000, 0x0000, 0x0000, 0x0000, 0x0000, 0x0000, 0x0000, 0x0000, 0x0000, 0x0000, 0x0000, 0x0000,
};

// [088ba64c] mannequin_factory_pal: 0x40 bytes defined, 0x140 copied
static const u16 rom_mannequin_factory_pal[] = {
    0x43df, 0x0000, 0x0ddf, 0x0ddf, 0x0ddf, 0x0ddf, 0x0ddf, 0x0ddf, 0x0000, 0x7fff, 0x7fff, 0x7fff, 0x04bf, 0x67ff, 0x2eb5, 0x7fff,
    0x0000, 0x2eb5, 0x0000, 0x0000, 0x0000, 0x0000, 0x0000, 0x0000, 0x0000, 0x0000, 0x0000, 0x0000, 0x0000, 0x0000, 0x0000, 0x0000,
    0x0001, 0x00fc, 0x01fc, 0x0357, 0x0009, 0x00b4, 0x41f8, 0x0208, 0x00d9, 0x01f0, 0x0355, 0x00d9, 0x0008, 0x0355, 0x80d9, 0x81f0,
    0x0098, 0x40f8, 0x01f0, 0x0322, 0x80d9, 0x9000, 0x0098, 0x40f8, 0x1000, 0x0322, 0x80ba, 0x81f0, 0x009c, 0x80ba, 0x9000, 0x009c,
    0x0009, 0x00b2, 0x41f8, 0x0208, 0x00d9, 0x01f0, 0x0355, 0x00d9, 0x0008, 0x0355, 0x80d9, 0x81f0, 0x0098, 0x40f8, 0x01f0, 0x0322,
    0x80d9, 0x9000, 0x0098, 0x40f8, 0x1000, 0x0322, 0x80b9, 0x81f0, 0x009c, 0x80b9, 0x9000, 0x009c, 0x0009, 0x00b1, 0x41f8, 0x0208,
    0x00d8, 0x01f0, 0x0355, 0x00d8, 0x0008, 0x0355, 0x80d8, 0x81f0, 0x0098, 0x40f8, 0x01f0, 0x0322, 0x80d8, 0x9000, 0x0098, 0x40f8,
    0x1000, 0x0322, 0x80b8, 0x81f0, 0x009c, 0x80b8, 0x9000, 0x009c, 0x0008, 0x00b2, 0x41fd, 0x0208, 0x00d4, 0x01f1, 0x0355, 0x00d8,
    0x0007, 0x0355, 0x80d8, 0x81f0, 0x0098, 0x40f8, 0x01f0, 0x0322, 0x80d8, 0x9000, 0x0098, 0x40f8, 0x1000, 0x0322, 0x00b8, 0x81f2,
    0x0088, 0x0008, 0x00b3, 0x4000, 0x0208, 0x00d3, 0x01f1, 0x0355, 0x00d0, 0x0001, 0x0355, 0x80d8, 0x81f0, 0x0098, 0x40f8, 0x01f0,
};

// [088f2c6c] marching_orders_2_bg_pal: 0x20 bytes defined, 0x140 copied
static const u16 rom_marching_orders_2_bg_pal[] = {
    0x016b, 0x0000, 0x21f0, 0x2a73, 0x3738, 0x198b, 0x6b09, 0x3ed6, 0x53bc, 0x6f7b, 0x0000, 0x0000, 0x7a1f, 0x0000, 0x0000, 0x0000,
    0x000b, 0x00f8, 0x41f8, 0x0144, 0x0007, 0x41f8, 0x014c, 0x0016, 0x41f8, 0x014c, 0x0025, 0x41f8, 0x014c, 0x00e9, 0x41f8, 0x015a,
    0x00da, 0x41f8, 0x015a, 0x00cb, 0x41f8, 0x015a, 0x00bc, 0x41f8, 0x015a, 0x00ad, 0x41f8, 0x015a, 0x009e, 0x41f8, 0x015c, 0x0034,
    0x41f8, 0x014c, 0x0005, 0x00f8, 0x41f8, 0x015e, 0x00f0, 0x41f0, 0x0152, 0x8000, 0x01f8, 0x01d2, 0x00f0, 0x5000, 0x0152, 0x8000,
    0x1000, 0x01d2, 0x0001, 0x00f8, 0x41f8, 0x0158, 0x0001, 0x00f8, 0x41f8, 0x0154, 0x0001, 0x00f8, 0x41f8, 0x0156, 0x0001, 0x00f8,
    0x41f8, 0x0182, 0x0001, 0x00e8, 0x41f8, 0x0180, 0x0002, 0x00e8, 0x41f8, 0x0186, 0x40e2, 0x01eb, 0x022a, 0x0002, 0x00e8, 0x41f8,
    0x0184, 0x40e2, 0x01eb, 0x022a, 0x000f, 0x40de, 0xc1e0, 0x0000, 0x80de, 0x8020, 0x0014, 0x80fe, 0x8020, 0x0018, 0x40ce, 0x8000,
    0x0104, 0x40d6, 0x01f0, 0x0228, 0x00fe, 0x8000, 0x0008, 0x80fe, 0x81f0, 0x0016, 0x80fe, 0x41e8, 0x001d, 0x401e, 0x81f0, 0x0100,
    0x001e, 0x4010, 0x0112, 0x402e, 0x81f8, 0x0108, 0x00f0, 0x81c0, 0x000c, 0x0010, 0x41c8, 0x0118, 0x8010, 0x01d8, 0x01d4, 0x4020,
    0x01c8, 0x022c, 0x000f, 0x40de, 0xd1e0, 0x0000, 0x80de, 0x91d0, 0x0014, 0x80fe, 0x91d0, 0x0018, 0x40ce, 0x91e0, 0x0104, 0x40d6,
};

// [088f2c0c] marching_orders_2_obj_pal: 0x60 bytes defined, 0x140 copied
static const u16 rom_marching_orders_2_obj_pal[] = {
    0x41eb, 0x7fff, 0x196a, 0x35ad, 0x6739, 0x02b3, 0x03fd, 0x4fee, 0x0aff, 0x15ff, 0x321f, 0x6f9f, 0x0016, 0x001f, 0x39ff, 0x0000,
    0x2d46, 0x0000, 0x7d05, 0x0000, 0x0000, 0x0000, 0x03fd, 0x0000, 0x0000, 0x15ff, 0x0000, 0x6f9f, 0x0000, 0x0aff, 0x0000, 0x0000,
    0x7fa9, 0x12a4, 0x0000, 0x3def, 0x001e, 0x5adf, 0x23fd, 0x34df, 0x1a3f, 0x6fbf, 0x6739, 0x7e6c, 0x7fe0, 0x0000, 0x7fff, 0x0000,
    0x016b, 0x0000, 0x21f0, 0x2a73, 0x3738, 0x198b, 0x6b09, 0x3ed6, 0x53bc, 0x6f7b, 0x0000, 0x0000, 0x7a1f, 0x0000, 0x0000, 0x0000,
    0x000b, 0x00f8, 0x41f8, 0x0144, 0x0007, 0x41f8, 0x014c, 0x0016, 0x41f8, 0x014c, 0x0025, 0x41f8, 0x014c, 0x00e9, 0x41f8, 0x015a,
    0x00da, 0x41f8, 0x015a, 0x00cb, 0x41f8, 0x015a, 0x00bc, 0x41f8, 0x015a, 0x00ad, 0x41f8, 0x015a, 0x009e, 0x41f8, 0x015c, 0x0034,
    0x41f8, 0x014c, 0x0005, 0x00f8, 0x41f8, 0x015e, 0x00f0, 0x41f0, 0x0152, 0x8000, 0x01f8, 0x01d2, 0x00f0, 0x5000, 0x0152, 0x8000,
    0x1000, 0x01d2, 0x0001, 0x00f8, 0x41f8, 0x0158, 0x0001, 0x00f8, 0x41f8, 0x0154, 0x0001, 0x00f8, 0x41f8, 0x0156, 0x0001, 0x00f8,
    0x41f8, 0x0182, 0x0001, 0x00e8, 0x41f8, 0x0180, 0x0002, 0x00e8, 0x41f8, 0x0186, 0x40e2, 0x01eb, 0x022a, 0x0002, 0x00e8, 0x41f8,
    0x0184, 0x40e2, 0x01eb, 0x022a, 0x000f, 0x40de, 0xc1e0, 0x0000, 0x80de, 0x8020, 0x0014, 0x80fe, 0x8020, 0x0018, 0x40ce, 0x8000,
};

// [088b0c78] marching_orders_2_prologue_bg_pal: 0x20 bytes defined, 0x140 copied
static const u16 rom_marching_orders_2_prologue_bg_pal[] = {
    0x07e0, 0x0842, 0x0437, 0x294a, 0x3def, 0x4a52, 0x3dfa, 0x56b5, 0x5ef7, 0x5adb, 0x6739, 0x6f7b, 0x739c, 0x77bd, 0x7bde, 0x7fff,
    0x0001, 0x00fc, 0x01fc, 0x0018, 0x0003, 0x00d0, 0xc000, 0x0010, 0x00d0, 0xc040, 0x0000, 0x00d0, 0xc1c0, 0x0008, 0x0ca0, 0x088b,
    0x0014, 0x0000, 0x0c98, 0x088b, 0x0078, 0x0000, 0x0000, 0x0000, 0x0000, 0x0000, 0x0000, 0x0887, 0x0077, 0x194b, 0x25f0, 0x0302,
    0x0703, 0x0b24, 0x1346, 0x1767, 0x1b88, 0x23aa, 0x2fee, 0x47f3, 0x63f9, 0x7bdf, 0x0000, 0x15c5, 0x32d4, 0x2649, 0x3f0f, 0x0302,
    0x0703, 0x0b24, 0x1346, 0x1767, 0x1b88, 0x23aa, 0x2fee, 0x47f3, 0x63f9, 0x6bf9, 0x0000, 0x0000, 0x0000, 0x0000, 0x0000, 0x0000,
    0x0000, 0x0000, 0x0000, 0x0000, 0x0000, 0x0000, 0x0000, 0x0000, 0x0000, 0x0000, 0x0000, 0x0000, 0x0000, 0x0000, 0x0000, 0x0000,
    0x0000, 0x0000, 0x0000, 0x0000, 0x0000, 0x0000, 0x0000, 0x0000, 0x0000, 0x0000, 0x0000, 0x0000, 0x0000, 0x0000, 0x0000, 0x0000,
    0x0000, 0x0000, 0x0000, 0x0000, 0x0000, 0x0000, 0x0000, 0x0000, 0x0000, 0x0000, 0x0000, 0x0000, 0x0000, 0x0000, 0x0000, 0x0000,
    0x0000, 0x0000, 0x0000, 0x0000, 0x0000, 0x0000, 0x0000, 0x0000, 0x0000, 0x0000, 0x0000, 0x0000, 0x0000, 0x0000, 0x0000, 0x0000,
    0x0000, 0x0000, 0x0000, 0x0000, 0x0000, 0x0000, 0x0000, 0x0000, 0x0000, 0x0000, 0x0000, 0x0000, 0x0000, 0x0000, 0x0000, 0x0000,
};

// [088b0c38] marching_orders_2_prologue_obj_pal: 0x40 bytes defined, 0x140 copied
static const u16 rom_marching_orders_2_prologue_obj_pal[] = {
    0x1aa0, 0x7fff, 0x0000, 0x0000, 0x0000, 0x0000, 0x0000, 0x0000, 0x0000, 0x0000, 0x0000, 0x112a, 0x19ae, 0x0eb6, 0x03df, 0x0000,
    0x0000, 0x0000, 0x0000, 0x0000, 0x0000, 0x0000, 0x0000, 0x0000, 0x0000, 0x0000, 0x0000, 0x0000, 0x294a, 0x35ad, 0x5ef7, 0x0000,
    0x07e0, 0x0842, 0x0437, 0x294a, 0x3def, 0x4a52, 0x3dfa, 0x56b5, 0x5ef7, 0x5adb, 0x6739, 0x6f7b, 0x739c, 0x77bd, 0x7bde, 0x7fff,
    0x0001, 0x00fc, 0x01fc, 0x0018, 0x0003, 0x00d0, 0xc000, 0x0010, 0x00d0, 0xc040, 0x0000, 0x00d0, 0xc1c0, 0x0008, 0x0ca0, 0x088b,
    0x0014, 0x0000, 0x0c98, 0x088b, 0x0078, 0x0000, 0x0000, 0x0000, 0x0000, 0x0000, 0x0000, 0x0887, 0x0077, 0x194b, 0x25f0, 0x0302,
    0x0703, 0x0b24, 0x1346, 0x1767, 0x1b88, 0x23aa, 0x2fee, 0x47f3, 0x63f9, 0x7bdf, 0x0000, 0x15c5, 0x32d4, 0x2649, 0x3f0f, 0x0302,
    0x0703, 0x0b24, 0x1346, 0x1767, 0x1b88, 0x23aa, 0x2fee, 0x47f3, 0x63f9, 0x6bf9, 0x0000, 0x0000, 0x0000, 0x0000, 0x0000, 0x0000,
    0x0000, 0x0000, 0x0000, 0x0000, 0x0000, 0x0000, 0x0000, 0x0000, 0x0000, 0x0000, 0x0000, 0x0000, 0x0000, 0x0000, 0x0000, 0x0000,
    0x0000, 0x0000, 0x0000, 0x0000, 0x0000, 0x0000, 0x0000, 0x0000, 0x0000, 0x0000, 0x0000, 0x0000, 0x0000, 0x0000, 0x0000, 0x0000,
    0x0000, 0x0000, 0x0000, 0x0000, 0x0000, 0x0000, 0x0000, 0x0000, 0x0000, 0x0000, 0x0000, 0x0000, 0x0000, 0x0000, 0x0000, 0x0000,
};

// [088f163c] marching_orders_bg_pal: 0x20 bytes defined, 0x140 copied
static const u16 rom_marching_orders_bg_pal[] = {
    0x016b, 0x0000, 0x41c8, 0x4e2a, 0x66ce, 0x3146, 0x0000, 0x5a8f, 0x7774, 0x0000, 0x0000, 0x0000, 0x7fff, 0x0000, 0x0000, 0x0000,
    0x000c, 0x80b0, 0x51fc, 0x0085, 0x00c1, 0x51fd, 0x015a, 0x80c1, 0x11f5, 0x019e, 0x40d1, 0x11fd, 0x01d7, 0x80d0, 0x91fc, 0x0080,
    0x80d0, 0x51f4, 0x0084, 0x00f0, 0x51fc, 0x015c, 0x80f0, 0x11f4, 0x019d, 0x00f8, 0x41f5, 0x00cb, 0x80f8, 0x0005, 0x00df, 0x80af,
    0x51ff, 0x0085, 0x00d1, 0x11f5, 0x0202, 0x000c, 0x00d2, 0x11f5, 0x0202, 0x80b1, 0x51fc, 0x0085, 0x00c2, 0x51fd, 0x015a, 0x80c2,
    0x11f5, 0x019e, 0x40d2, 0x11fd, 0x01d7, 0x80d0, 0x91fc, 0x0080, 0x80d0, 0x51f4, 0x0084, 0x00f0, 0x51fc, 0x015c, 0x80f0, 0x11f4,
    0x019d, 0x00f8, 0x41f5, 0x00cb, 0x80f8, 0x0005, 0x00df, 0x80b0, 0x51ff, 0x0085, 0x000c, 0x80ae, 0x51fc, 0x0085, 0x00c0, 0x51fd,
    0x0196, 0x80c0, 0x11f5, 0x019f, 0x40d0, 0x11fd, 0x01f1, 0x80d0, 0x91fc, 0x0080, 0x80d0, 0x51f4, 0x0084, 0x00f0, 0x51fc, 0x015c,
    0x80f0, 0x11f4, 0x019d, 0x00f8, 0x41f5, 0x00cb, 0x80f8, 0x0005, 0x00df, 0x80ad, 0x51ff, 0x0085, 0x00d0, 0x11f5, 0x0202, 0x000c,
    0x00d2, 0x11f6, 0x0202, 0x80b1, 0x51fc, 0x0086, 0x00c2, 0x51fd, 0x0194, 0x40d2, 0x11fd, 0x01ed, 0x80c2, 0x11f5, 0x019e, 0x80d0,
    0x91fc, 0x0080, 0x80d0, 0x51f4, 0x0084, 0x00f0, 0x51fc, 0x015c, 0x80f0, 0x11f4, 0x019d, 0x00f8, 0x41f5, 0x00cb, 0x80f8, 0x0005,
};

// [088f15dc] marching_orders_obj_pal: 0x60 bytes defined, 0x140 copied
static const u16 rom_marching_orders_obj_pal[] = {
    0x41eb, 0x7fff, 0x2d46, 0x35ad, 0x6739, 0x02b3, 0x03fd, 0x4fee, 0x0aff, 0x15ff, 0x321f, 0x6f9f, 0x0016, 0x001f, 0x39ff, 0x0000,
    0x2d46, 0x0000, 0x7d05, 0x0000, 0x0000, 0x0000, 0x03fd, 0x7fff, 0x0000, 0x15ff, 0x0000, 0x6f9f, 0x0000, 0x0aff, 0x0000, 0x0000,
    0x7fa9, 0x12a4, 0x0000, 0x3def, 0x001e, 0x5adf, 0x23fd, 0x34df, 0x1a3f, 0x6fbf, 0x6739, 0x7e6c, 0x7fe0, 0x0000, 0x7fff, 0x0000,
    0x016b, 0x0000, 0x41c8, 0x4e2a, 0x66ce, 0x3146, 0x0000, 0x5a8f, 0x7774, 0x0000, 0x0000, 0x0000, 0x7fff, 0x0000, 0x0000, 0x0000,
    0x000c, 0x80b0, 0x51fc, 0x0085, 0x00c1, 0x51fd, 0x015a, 0x80c1, 0x11f5, 0x019e, 0x40d1, 0x11fd, 0x01d7, 0x80d0, 0x91fc, 0x0080,
    0x80d0, 0x51f4, 0x0084, 0x00f0, 0x51fc, 0x015c, 0x80f0, 0x11f4, 0x019d, 0x00f8, 0x41f5, 0x00cb, 0x80f8, 0x0005, 0x00df, 0x80af,
    0x51ff, 0x0085, 0x00d1, 0x11f5, 0x0202, 0x000c, 0x00d2, 0x11f5, 0x0202, 0x80b1, 0x51fc, 0x0085, 0x00c2, 0x51fd, 0x015a, 0x80c2,
    0x11f5, 0x019e, 0x40d2, 0x11fd, 0x01d7, 0x80d0, 0x91fc, 0x0080, 0x80d0, 0x51f4, 0x0084, 0x00f0, 0x51fc, 0x015c, 0x80f0, 0x11f4,
    0x019d, 0x00f8, 0x41f5, 0x00cb, 0x80f8, 0x0005, 0x00df, 0x80b0, 0x51ff, 0x0085, 0x000c, 0x80ae, 0x51fc, 0x0085, 0x00c0, 0x51fd,
    0x0196, 0x80c0, 0x11f5, 0x019f, 0x40d0, 0x11fd, 0x01f1, 0x80d0, 0x91fc, 0x0080, 0x80d0, 0x51f4, 0x0084, 0x00f0, 0x51fc, 0x015c,
};

// [088b0a1c] marching_orders_prologue_bg_pal: 0x20 bytes defined, 0x140 copied
static const u16 rom_marching_orders_prologue_bg_pal[] = {
    0x0000, 0x09eb, 0x0a2d, 0x0e8e, 0x2969, 0x2dc9, 0x3647, 0x468a, 0x56c1, 0x2dac, 0x29d0, 0x1dd6, 0x3a55, 0x4295, 0x4ad5, 0x1f17,
    0x0001, 0x00fc, 0x01fc, 0x005f, 0x0003, 0x00f8, 0x01d0, 0x005f, 0x40d8, 0x81b0, 0x0055, 0x80d8, 0x01d0, 0x001f, 0x0005, 0x00d8,
    0x81b0, 0x0000, 0x80d8, 0x41d0, 0x0013, 0x40f8, 0x41b0, 0x0059, 0x00f8, 0x01d0, 0x005f, 0x4000, 0x01c0, 0x007d, 0x0009, 0x00d8,
    0x81b0, 0x0000, 0x80d8, 0x41d0, 0x0013, 0x40f8, 0x41b0, 0x0059, 0x00f8, 0x01d0, 0x005f, 0x40e8, 0x41d8, 0x0079, 0x4000, 0x01c0,
    0x007d, 0x40f0, 0x41d8, 0x0080, 0x00f0, 0x01f8, 0x007f, 0x00e8, 0x01f8, 0x0088, 0x000b, 0x00d8, 0x81b0, 0x0000, 0x80d8, 0x41d0,
    0x0013, 0x40f8, 0x41b0, 0x0059, 0x00f8, 0x01d0, 0x005f, 0x40e8, 0x41d8, 0x0079, 0x4000, 0x01c0, 0x007d, 0x40f0, 0x41d8, 0x0080,
    0x00f0, 0x01f8, 0x007f, 0x00e8, 0x01f8, 0x0088, 0x40d8, 0x8008, 0x0019, 0x80d8, 0x0028, 0x001e, 0x000b, 0x00d8, 0x8008, 0x0004,
    0x80d8, 0x4028, 0x0014, 0x00d8, 0x81b0, 0x0000, 0x80d8, 0x41d0, 0x0013, 0x40f8, 0x41b0, 0x0059, 0x00f8, 0x01d0, 0x005f, 0x40e8,
    0x41d8, 0x0079, 0x4000, 0x01c0, 0x007d, 0x40f0, 0x41d8, 0x0080, 0x00f0, 0x01f8, 0x007f, 0x00e8, 0x01f8, 0x0088, 0x000d, 0x00d8,
    0x81b0, 0x0000, 0x80d8, 0x41d0, 0x0013, 0x40f8, 0x41b0, 0x0059, 0x00f8, 0x01d0, 0x005f, 0x40e8, 0x41d8, 0x0079, 0x4000, 0x01c0,
};

// [088b09fc] marching_orders_prologue_obj_pal: 0x20 bytes defined, 0x140 copied
static const u16 rom_marching_orders_prologue_obj_pal[] = {
    0x1aa0, 0x7fff, 0x0000, 0x0000, 0x0000, 0x0000, 0x0000, 0x0000, 0x0000, 0x0000, 0x0000, 0x0000, 0x294a, 0x35ad, 0x5ef7, 0x0000,
    0x0000, 0x09eb, 0x0a2d, 0x0e8e, 0x2969, 0x2dc9, 0x3647, 0x468a, 0x56c1, 0x2dac, 0x29d0, 0x1dd6, 0x3a55, 0x4295, 0x4ad5, 0x1f17,
    0x0001, 0x00fc, 0x01fc, 0x005f, 0x0003, 0x00f8, 0x01d0, 0x005f, 0x40d8, 0x81b0, 0x0055, 0x80d8, 0x01d0, 0x001f, 0x0005, 0x00d8,
    0x81b0, 0x0000, 0x80d8, 0x41d0, 0x0013, 0x40f8, 0x41b0, 0x0059, 0x00f8, 0x01d0, 0x005f, 0x4000, 0x01c0, 0x007d, 0x0009, 0x00d8,
    0x81b0, 0x0000, 0x80d8, 0x41d0, 0x0013, 0x40f8, 0x41b0, 0x0059, 0x00f8, 0x01d0, 0x005f, 0x40e8, 0x41d8, 0x0079, 0x4000, 0x01c0,
    0x007d, 0x40f0, 0x41d8, 0x0080, 0x00f0, 0x01f8, 0x007f, 0x00e8, 0x01f8, 0x0088, 0x000b, 0x00d8, 0x81b0, 0x0000, 0x80d8, 0x41d0,
    0x0013, 0x40f8, 0x41b0, 0x0059, 0x00f8, 0x01d0, 0x005f, 0x40e8, 0x41d8, 0x0079, 0x4000, 0x01c0, 0x007d, 0x40f0, 0x41d8, 0x0080,
    0x00f0, 0x01f8, 0x007f, 0x00e8, 0x01f8, 0x0088, 0x40d8, 0x8008, 0x0019, 0x80d8, 0x0028, 0x001e, 0x000b, 0x00d8, 0x8008, 0x0004,
    0x80d8, 0x4028, 0x0014, 0x00d8, 0x81b0, 0x0000, 0x80d8, 0x41d0, 0x0013, 0x40f8, 0x41b0, 0x0059, 0x00f8, 0x01d0, 0x005f, 0x40e8,
    0x41d8, 0x0079, 0x4000, 0x01c0, 0x007d, 0x40f0, 0x41d8, 0x0080, 0x00f0, 0x01f8, 0x007f, 0x00e8, 0x01f8, 0x0088, 0x000d, 0x00d8,
};

// [08913f28] marching_orders_remix_7_bg_pal: 0x20 bytes defined, 0x140 copied
static const u16 rom_marching_orders_remix_7_bg_pal[] = {
    0x016b, 0x394f, 0x49d4, 0x5617, 0x625a, 0x0000, 0x0000, 0x421c, 0x76df, 0x0c7f, 0x5400, 0x7d8c, 0x6739, 0x7fff, 0x0000, 0x0000,
    0x0009, 0x00d2, 0x41f0, 0x1006, 0x40e2, 0x01f0, 0x108e, 0x00d2, 0x5000, 0x1006, 0x40e2, 0x1000, 0x108e, 0x80e0, 0x81f0, 0x1002,
    0x80e0, 0x9000, 0x1002, 0x40f7, 0x0008, 0x1096, 0x00ef, 0x0008, 0x10ac, 0x00f7, 0x0018, 0x10ae, 0x0009, 0x00d0, 0x41f0, 0x1006,
    0x40e0, 0x01f0, 0x108e, 0x00d0, 0x5000, 0x1006, 0x40e0, 0x1000, 0x108e, 0x80e0, 0x8000, 0x1000, 0x80e0, 0x91f0, 0x1000, 0x40f7,
    0x0008, 0x1096, 0x00ef, 0x0008, 0x10ac, 0x00f7, 0x0018, 0x10ae, 0x000b, 0x80d6, 0x01f8, 0x1089, 0x80d6, 0x1000, 0x1089, 0x00d0,
    0x41f0, 0x1006, 0x40e0, 0x01f0, 0x108e, 0x00d0, 0x5000, 0x1006, 0x40e0, 0x1000, 0x108e, 0x80e0, 0x8000, 0x1000, 0x80e0, 0x91f0,
    0x1000, 0x40f7, 0x0008, 0x1096, 0x00ef, 0x0008, 0x10ac, 0x00f7, 0x0018, 0x10ae, 0x000b, 0x80d6, 0x1000, 0x1004, 0x80d6, 0x01f8,
    0x1004, 0x00d0, 0x41f0, 0x1006, 0x40e0, 0x01f0, 0x108e, 0x00d0, 0x5000, 0x1006, 0x40e0, 0x1000, 0x108e, 0x80e0, 0x8000, 0x1000,
    0x80e0, 0x91f0, 0x1000, 0x40f7, 0x0008, 0x1096, 0x00ef, 0x0008, 0x10ac, 0x00f7, 0x0018, 0x10ae, 0x000c, 0x00d9, 0x0005, 0x1098,
    0x80d7, 0x1000, 0x1004, 0x80d7, 0x01f8, 0x1004, 0x00d1, 0x41f0, 0x1006, 0x40e1, 0x01f0, 0x108e, 0x00d1, 0x5000, 0x1006, 0x40e1,
};

// [08913ec8] marching_orders_remix_7_obj_pal: 0x60 bytes defined, 0x140 copied
static const u16 rom_marching_orders_remix_7_obj_pal[] = {
    0x41eb, 0x7fff, 0x2d46, 0x35ad, 0x6739, 0x02b3, 0x03fd, 0x4fee, 0x0aff, 0x15ff, 0x321f, 0x6f9f, 0x0016, 0x001f, 0x39ff, 0x0000,
    0x41eb, 0x0000, 0x7d05, 0x0000, 0x0000, 0x0000, 0x03fd, 0x0000, 0x0000, 0x15ff, 0x0000, 0x6f9f, 0x0000, 0x0aff, 0x0000, 0x0000,
    0x41eb, 0x0000, 0x0000, 0x0000, 0x0000, 0x0000, 0x0000, 0x0000, 0x0000, 0x0000, 0x5f00, 0x6a0a, 0x7fe0, 0x0000, 0x7fff, 0x0000,
    0x016b, 0x394f, 0x49d4, 0x5617, 0x625a, 0x0000, 0x0000, 0x421c, 0x76df, 0x0c7f, 0x5400, 0x7d8c, 0x6739, 0x7fff, 0x0000, 0x0000,
    0x0009, 0x00d2, 0x41f0, 0x1006, 0x40e2, 0x01f0, 0x108e, 0x00d2, 0x5000, 0x1006, 0x40e2, 0x1000, 0x108e, 0x80e0, 0x81f0, 0x1002,
    0x80e0, 0x9000, 0x1002, 0x40f7, 0x0008, 0x1096, 0x00ef, 0x0008, 0x10ac, 0x00f7, 0x0018, 0x10ae, 0x0009, 0x00d0, 0x41f0, 0x1006,
    0x40e0, 0x01f0, 0x108e, 0x00d0, 0x5000, 0x1006, 0x40e0, 0x1000, 0x108e, 0x80e0, 0x8000, 0x1000, 0x80e0, 0x91f0, 0x1000, 0x40f7,
    0x0008, 0x1096, 0x00ef, 0x0008, 0x10ac, 0x00f7, 0x0018, 0x10ae, 0x000b, 0x80d6, 0x01f8, 0x1089, 0x80d6, 0x1000, 0x1089, 0x00d0,
    0x41f0, 0x1006, 0x40e0, 0x01f0, 0x108e, 0x00d0, 0x5000, 0x1006, 0x40e0, 0x1000, 0x108e, 0x80e0, 0x8000, 0x1000, 0x80e0, 0x91f0,
    0x1000, 0x40f7, 0x0008, 0x1096, 0x00ef, 0x0008, 0x10ac, 0x00f7, 0x0018, 0x10ae, 0x000b, 0x80d6, 0x1000, 0x1004, 0x80d6, 0x01f8,
};

// [088f40a0] metronome_pal: 0xa0 bytes defined, 0x140 copied
static const u16 rom_metronome_pal[] = {
    0x7fff, 0x0000, 0x1df6, 0x252a, 0x6b5b, 0x39d8, 0x55ac, 0x6a3f, 0x0100, 0x01c0, 0x02a0, 0x03e0, 0x6ffb, 0x001f, 0x4a53, 0x7fff,
    0x54c4, 0x0000, 0x0000, 0x252a, 0x0000, 0x0000, 0x0000, 0x0000, 0x0000, 0x0000, 0x0000, 0x0000, 0x0000, 0x0000, 0x0000, 0x7fff,
    0x7e93, 0x0000, 0x54c4, 0x54c4, 0x54c4, 0x54c4, 0x54c4, 0x54c4, 0x0100, 0x01c0, 0x02a0, 0x03e0, 0x54c4, 0x54c4, 0x54c4, 0x54c4,
    0x0000, 0x0000, 0x0000, 0x0000, 0x0000, 0x0000, 0x0000, 0x0000, 0x0000, 0x0000, 0x0000, 0x0000, 0x0000, 0x0000, 0x0000, 0x0000,
    0x54c4, 0x0000, 0x4a53, 0x0000, 0x001f, 0x0000, 0x0000, 0x0000, 0x7fff, 0x0000, 0x0000, 0x0000, 0x0000, 0x0000, 0x0000, 0x0000,
    0x0000, 0x7c00, 0x0000, 0x0000, 0x0000, 0x0000, 0x0000, 0x4829, 0x7ced, 0x0000, 0x0000, 0x0000, 0x0000, 0x0000, 0x0000, 0x7fff,
    0x025f, 0x0000, 0x0000, 0x0000, 0x0000, 0x0000, 0x0000, 0x0000, 0x0000, 0x0000, 0x0000, 0x0000, 0x0000, 0x0000, 0x0000, 0x0000,
    0x025f, 0x0000, 0x0000, 0x0000, 0x0000, 0x0000, 0x0000, 0x0000, 0x0000, 0x0000, 0x0000, 0x0000, 0x0000, 0x0000, 0x0000, 0x0000,
    0x025f, 0x0000, 0x0000, 0x0000, 0x0000, 0x0000, 0x0000, 0x0000, 0x0000, 0x0000, 0x0000, 0x0000, 0x0000, 0x0000, 0x0000, 0x0000,
    0x7ed0, 0x7c00, 0x0000, 0x0000, 0x0000, 0x0000, 0x0000, 0x7f56, 0x7fff, 0x0000, 0x0000, 0x0000, 0x0000, 0x0000, 0x0000, 0x7fff,
};

// [088ae2f8] night_walk_prologue_pal: 0x20 bytes defined, 0x140 copied
static const u16 rom_night_walk_prologue_pal[] = {
    0x140b, 0x0000, 0x0000, 0x0000, 0x0000, 0x0ffe, 0x0000, 0x0000, 0x0000, 0x7f8f, 0x5c40, 0x7c81, 0x71ff, 0x0fe5, 0x003f, 0x7fff,
    0x0003, 0x40f0, 0x81d0, 0x1011, 0x40f0, 0x81f0, 0x1019, 0x40f0, 0x8010, 0x1015, 0x0004, 0x80e0, 0x8000, 0x000c, 0x80e0, 0x4010,
    0x000e, 0x40d8, 0x0000, 0x001d, 0x00d8, 0x0010, 0x001f, 0x0004, 0x80e0, 0x8000, 0x0004, 0x40d8, 0x0000, 0x001d, 0x00d8, 0x0010,
    0x001f, 0x80e0, 0x4010, 0x000e, 0x0004, 0x80e0, 0x8000, 0x0002, 0x40d8, 0x0000, 0x001d, 0x00d8, 0x0010, 0x001f, 0x80e0, 0x4010,
    0x000e, 0x0004, 0x80e0, 0x8000, 0x0000, 0x40d8, 0x0000, 0x001d, 0x00d8, 0x0010, 0x001f, 0x80e0, 0x4010, 0x000e, 0x0004, 0x80e0,
    0x8000, 0x000a, 0x40d8, 0x0000, 0x001d, 0x00d8, 0x0010, 0x001f, 0x80e0, 0x4010, 0x000e, 0x0004, 0x80e0, 0x8000, 0x0008, 0x80e0,
    0x4010, 0x0010, 0x40d8, 0x0000, 0x003d, 0x00d8, 0x0010, 0x001f, 0x0004, 0x80e0, 0x8000, 0x0006, 0x80e0, 0x4010, 0x000f, 0x40d8,
    0x0000, 0x0051, 0x00d8, 0x0010, 0x001f, 0x0000, 0xe318, 0x088a, 0x0004, 0x0000, 0x0000, 0x0000, 0x0000, 0x0000, 0xe32c, 0x088a,
    0x0004, 0x0000, 0xe346, 0x088a, 0x0004, 0x0000, 0xe360, 0x088a, 0x0004, 0x0000, 0xe37a, 0x088a, 0x0004, 0x0000, 0xe394, 0x088a,
    0x0004, 0x0000, 0xe3ae, 0x088a, 0x0006, 0x0000, 0xe3c8, 0x088a, 0x0014, 0x0000, 0xe3ae, 0x088a, 0x0006, 0x0000, 0xe394, 0x088a,
};

// [0890fccc] ninja_bodyguard_bg_pal: 0x40 bytes defined, 0x140 copied
static const u16 rom_ninja_bodyguard_bg_pal[] = {
    0x7f80, 0x7fff, 0x35ad, 0x35ad, 0x4210, 0x5ad6, 0x739c, 0x0000, 0x0000, 0x0000, 0x0000, 0x0000, 0x0000, 0x0000, 0x0000, 0x0000,
    0x6520, 0x0843, 0x14c7, 0x212b, 0x2dae, 0x3611, 0x4e74, 0x2b5c, 0x671a, 0x001f, 0x7e8e, 0x7fbd, 0x7140, 0x1758, 0x1bfd, 0x0000,
    0x7f80, 0x7fff, 0x35ad, 0x35ad, 0x4210, 0x5ad6, 0x739c, 0x0000, 0x0000, 0x0000, 0x0000, 0x4d99, 0x0000, 0x6a7f, 0x001f, 0x0000,
    0x0001, 0x00f8, 0x0000, 0x02fc, 0x000a, 0x00ac, 0x41f8, 0x019c, 0x40bc, 0x01f8, 0x02bc, 0x00d9, 0x01f0, 0x02f7, 0x00d9, 0x0008,
    0x02f7, 0x80d9, 0x81f0, 0x009c, 0x40f8, 0x01f0, 0x029e, 0x80d9, 0x9000, 0x009c, 0x40f8, 0x1000, 0x029e, 0x80ba, 0x81f0, 0x009e,
    0x80ba, 0x9000, 0x009e, 0x000a, 0x00aa, 0x41f8, 0x019c, 0x40ba, 0x01f8, 0x02bc, 0x00d9, 0x01f0, 0x02f7, 0x00d9, 0x0008, 0x02f7,
    0x80d9, 0x81f0, 0x009c, 0x40f8, 0x01f0, 0x029e, 0x80d9, 0x9000, 0x009c, 0x40f8, 0x1000, 0x029e, 0x80b9, 0x81f0, 0x009e, 0x80b9,
    0x9000, 0x009e, 0x000a, 0x00a9, 0x41f8, 0x019c, 0x40b9, 0x01f8, 0x02bc, 0x00d8, 0x01f0, 0x02f7, 0x00d8, 0x0008, 0x02f7, 0x80d8,
    0x81f0, 0x009c, 0x40f8, 0x01f0, 0x029e, 0x80d8, 0x9000, 0x009c, 0x40f8, 0x1000, 0x029e, 0x80b8, 0x81f0, 0x009e, 0x80b8, 0x9000,
    0x009e, 0x0009, 0x00aa, 0x41fd, 0x019c, 0x40ba, 0x01fd, 0x02bc, 0x00d4, 0x01f1, 0x02f7, 0x00d8, 0x0007, 0x02f7, 0x80d8, 0x81f0,
};

// [0890fd0c] ninja_bodyguard_obj_pal: 0x20 bytes defined, 0x140 copied
static const u16 rom_ninja_bodyguard_obj_pal[] = {
    0x7f80, 0x7fff, 0x35ad, 0x35ad, 0x4210, 0x5ad6, 0x739c, 0x0000, 0x0000, 0x0000, 0x0000, 0x4d99, 0x0000, 0x6a7f, 0x001f, 0x0000,
    0x0001, 0x00f8, 0x0000, 0x02fc, 0x000a, 0x00ac, 0x41f8, 0x019c, 0x40bc, 0x01f8, 0x02bc, 0x00d9, 0x01f0, 0x02f7, 0x00d9, 0x0008,
    0x02f7, 0x80d9, 0x81f0, 0x009c, 0x40f8, 0x01f0, 0x029e, 0x80d9, 0x9000, 0x009c, 0x40f8, 0x1000, 0x029e, 0x80ba, 0x81f0, 0x009e,
    0x80ba, 0x9000, 0x009e, 0x000a, 0x00aa, 0x41f8, 0x019c, 0x40ba, 0x01f8, 0x02bc, 0x00d9, 0x01f0, 0x02f7, 0x00d9, 0x0008, 0x02f7,
    0x80d9, 0x81f0, 0x009c, 0x40f8, 0x01f0, 0x029e, 0x80d9, 0x9000, 0x009c, 0x40f8, 0x1000, 0x029e, 0x80b9, 0x81f0, 0x009e, 0x80b9,
    0x9000, 0x009e, 0x000a, 0x00a9, 0x41f8, 0x019c, 0x40b9, 0x01f8, 0x02bc, 0x00d8, 0x01f0, 0x02f7, 0x00d8, 0x0008, 0x02f7, 0x80d8,
    0x81f0, 0x009c, 0x40f8, 0x01f0, 0x029e, 0x80d8, 0x9000, 0x009c, 0x40f8, 0x1000, 0x029e, 0x80b8, 0x81f0, 0x009e, 0x80b8, 0x9000,
    0x009e, 0x0009, 0x00aa, 0x41fd, 0x019c, 0x40ba, 0x01fd, 0x02bc, 0x00d4, 0x01f1, 0x02f7, 0x00d8, 0x0007, 0x02f7, 0x80d8, 0x81f0,
    0x009c, 0x40f8, 0x01f0, 0x029e, 0x80d8, 0x9000, 0x009c, 0x40f8, 0x1000, 0x029e, 0x00b8, 0x81f2, 0x0018, 0x0009, 0x00ab, 0x4000,
    0x019c, 0x40bb, 0x0000, 0x02bc, 0x00d3, 0x01f1, 0x02f7, 0x00d0, 0x0001, 0x02f7, 0x80d8, 0x81f0, 0x009c, 0x40f8, 0x01f0, 0x029e,
};

// [088b40b4] ninja_bodyguard_prologue_pal: 0xe0 bytes defined, 0x140 copied
static const u16 rom_ninja_bodyguard_prologue_pal[] = {
    0x6520, 0x4638, 0x631f, 0x0000, 0x0000, 0x0000, 0x0000, 0x0000, 0x0000, 0x0000, 0x5ef7, 0x7fff, 0x0261, 0x00e0, 0x1bfd, 0x0000,
    0x6520, 0x0000, 0x04c5, 0x098b, 0x0e71, 0x1bfd, 0x0000, 0x0000, 0x0000, 0x0000, 0x0000, 0x0000, 0x0000, 0x0000, 0x0000, 0x0000,
    0x6520, 0x04c5, 0x098b, 0x0e71, 0x1737, 0x1bfd, 0x0000, 0x0000, 0x0000, 0x0000, 0x0000, 0x0000, 0x0000, 0x0000, 0x0000, 0x0000,
    0x6520, 0x098b, 0x0e71, 0x1737, 0x1bfe, 0x1bfd, 0x0000, 0x0000, 0x0000, 0x0000, 0x0000, 0x0000, 0x0000, 0x0000, 0x0000, 0x0000,
    0x6520, 0x0e71, 0x1737, 0x1bfe, 0x1bfd, 0x1bfd, 0x0000, 0x0000, 0x0000, 0x0000, 0x0000, 0x0000, 0x0000, 0x0000, 0x0000, 0x0000,
    0x6520, 0x1737, 0x1bfe, 0x1bfd, 0x1bfd, 0x1bfd, 0x0000, 0x0000, 0x0000, 0x0000, 0x0000, 0x0000, 0x0000, 0x0000, 0x0000, 0x0000,
    0x6520, 0x1bfe, 0x1bfd, 0x1bfd, 0x1bfd, 0x1bfd, 0x0000, 0x0000, 0x0000, 0x0000, 0x0000, 0x0000, 0x0000, 0x0000, 0x0000, 0x0000,
    0x000b, 0x8090, 0xc1e8, 0x1000, 0x8090, 0x8008, 0x100a, 0x8090, 0x4018, 0x1010, 0x80b0, 0x8008, 0x100c, 0x80b0, 0x4018, 0x100e,
    0x00d0, 0x81e8, 0x1004, 0x80d0, 0x8008, 0x1008, 0x80d0, 0x4018, 0x100f, 0x40f0, 0x81e8, 0x1011, 0x00f0, 0x4008, 0x1015, 0x80f0,
    0x0018, 0x1017, 0x000b, 0x8090, 0xc1e8, 0x2000, 0x8090, 0x8008, 0x200a, 0x8090, 0x4018, 0x2010, 0x80b0, 0x8008, 0x200c, 0x80b0,
};

// [08935678] ninja_reincarnate_bg_pal: 0x60 bytes defined, 0x140 copied
static const u16 rom_ninja_reincarnate_bg_pal[] = {
    0x7f80, 0x7fff, 0x1ce7, 0x294a, 0x4210, 0x5ad6, 0x739c, 0x0000, 0x029f, 0x0019, 0x001f, 0x3be0, 0x0000, 0x0000, 0x0000, 0x0000,
    0x6520, 0x0843, 0x14c7, 0x212b, 0x2dae, 0x3611, 0x4e74, 0x2b5c, 0x671a, 0x001f, 0x7e8e, 0x7fbd, 0x7140, 0x1758, 0x1bfd, 0x0000,
    0x0000, 0x0000, 0x0000, 0x0000, 0x0000, 0x0000, 0x0000, 0x0000, 0x0000, 0x0000, 0x0000, 0x0000, 0x0000, 0x0000, 0x18c6, 0x0000,
    0x3be0, 0x7fff, 0x35ad, 0x35ad, 0x4210, 0x5ad6, 0x739c, 0x0000, 0x029f, 0x0000, 0x17ff, 0x4d99, 0x0000, 0x6a7f, 0x001f, 0x0000,
    0x0004, 0x40f8, 0x81ec, 0x0006, 0x80f8, 0x000c, 0x001e, 0x4010, 0x41d0, 0x005a, 0x4010, 0x4013, 0x0056, 0x0004, 0x40f8, 0x81ec,
    0x0006, 0x80f8, 0x000c, 0x001e, 0x4010, 0x41d8, 0x005a, 0x4010, 0x400a, 0x0056, 0x0005, 0x40f8, 0x81ec, 0x0006, 0x80f8, 0x000c,
    0x001e, 0x4010, 0x41e3, 0x0052, 0x0010, 0x0003, 0x0066, 0x4010, 0x0012, 0x005e, 0x0005, 0x40f8, 0x81ec, 0x0006, 0x80f8, 0x000c,
    0x001e, 0x4010, 0x41e3, 0x0052, 0x0010, 0x0003, 0x0066, 0x4010, 0x0012, 0x005e, 0x0009, 0x40f6, 0x41ac, 0x104e, 0x40f6, 0x41cc,
    0x104e, 0x40f6, 0x41ec, 0x104e, 0x40f6, 0x400c, 0x104e, 0x40f6, 0x402c, 0x104e, 0x00ee, 0x419c, 0x1014, 0x00ee, 0x418c, 0x100e,
    0x40f6, 0x404c, 0x104e, 0x40f6, 0x406c, 0x104e, 0x0009, 0x40f6, 0x41ac, 0x104e, 0x40f6, 0x41cc, 0x104e, 0x40f6, 0x41ec, 0x104e,
};

// [089356d8] ninja_reincarnate_obj_pal: 0x20 bytes defined, 0x140 copied
static const u16 rom_ninja_reincarnate_obj_pal[] = {
    0x3be0, 0x7fff, 0x35ad, 0x35ad, 0x4210, 0x5ad6, 0x739c, 0x0000, 0x029f, 0x0000, 0x17ff, 0x4d99, 0x0000, 0x6a7f, 0x001f, 0x0000,
    0x0004, 0x40f8, 0x81ec, 0x0006, 0x80f8, 0x000c, 0x001e, 0x4010, 0x41d0, 0x005a, 0x4010, 0x4013, 0x0056, 0x0004, 0x40f8, 0x81ec,
    0x0006, 0x80f8, 0x000c, 0x001e, 0x4010, 0x41d8, 0x005a, 0x4010, 0x400a, 0x0056, 0x0005, 0x40f8, 0x81ec, 0x0006, 0x80f8, 0x000c,
    0x001e, 0x4010, 0x41e3, 0x0052, 0x0010, 0x0003, 0x0066, 0x4010, 0x0012, 0x005e, 0x0005, 0x40f8, 0x81ec, 0x0006, 0x80f8, 0x000c,
    0x001e, 0x4010, 0x41e3, 0x0052, 0x0010, 0x0003, 0x0066, 0x4010, 0x0012, 0x005e, 0x0009, 0x40f6, 0x41ac, 0x104e, 0x40f6, 0x41cc,
    0x104e, 0x40f6, 0x41ec, 0x104e, 0x40f6, 0x400c, 0x104e, 0x40f6, 0x402c, 0x104e, 0x00ee, 0x419c, 0x1014, 0x00ee, 0x418c, 0x100e,
    0x40f6, 0x404c, 0x104e, 0x40f6, 0x406c, 0x104e, 0x0009, 0x40f6, 0x41ac, 0x104e, 0x40f6, 0x41cc, 0x104e, 0x40f6, 0x41ec, 0x104e,
    0x40f6, 0x400c, 0x104e, 0x40f6, 0x402c, 0x104e, 0x00ee, 0x419c, 0x1014, 0x00ee, 0x418c, 0x100e, 0x40f6, 0x404c, 0x104e, 0x00ee,
    0x406c, 0x1012, 0x0009, 0x40f6, 0x41ac, 0x104e, 0x40f6, 0x41cc, 0x104e, 0x40f6, 0x41ec, 0x104e, 0x40f6, 0x400c, 0x104e, 0x40f6,
    0x402c, 0x104e, 0x00ee, 0x419c, 0x1014, 0x00ee, 0x418c, 0x100e, 0x40f6, 0x404c, 0x104e, 0x00ee, 0x406c, 0x1010, 0x0008, 0x40f6,
};

// [088b438c] ninja_reincarnate_prologue_pal: 0xe0 bytes defined, 0x140 copied
static const u16 rom_ninja_reincarnate_prologue_pal[] = {
    0x7f4d, 0x18c5, 0x0000, 0x4210, 0x5ef8, 0x7fff, 0x7bdf, 0x0000, 0x0000, 0x5eff, 0x7bdf, 0x33ff, 0x001a, 0x7fff, 0x001f, 0x0000,
    0x6520, 0x0001, 0x0008, 0x0010, 0x0018, 0x001f, 0x0000, 0x0000, 0x0000, 0x0000, 0x0000, 0x0000, 0x0000, 0x0000, 0x0000, 0x0000,
    0x6520, 0x0008, 0x0010, 0x0018, 0x001f, 0x001f, 0x0000, 0x0000, 0x0000, 0x0000, 0x0000, 0x0000, 0x0000, 0x0000, 0x0000, 0x0000,
    0x6520, 0x0010, 0x0018, 0x001f, 0x001f, 0x001f, 0x0000, 0x0000, 0x0000, 0x0000, 0x0000, 0x0000, 0x0000, 0x0000, 0x0000, 0x0000,
    0x6520, 0x0018, 0x001f, 0x001f, 0x001f, 0x001f, 0x0000, 0x0000, 0x0000, 0x0000, 0x0000, 0x0000, 0x0000, 0x0000, 0x0000, 0x0000,
    0x6520, 0x001f, 0x001f, 0x001f, 0x001f, 0x001f, 0x0000, 0x0000, 0x0000, 0x0000, 0x0000, 0x0000, 0x0000, 0x0000, 0x0000, 0x0000,
    0x6520, 0x001f, 0x001f, 0x001f, 0x001f, 0x001f, 0x0000, 0x0000, 0x0000, 0x0000, 0x0000, 0x0000, 0x0000, 0x0000, 0x0000, 0x0000,
    0x0004, 0x00e8, 0x41b8, 0x001c, 0x80e8, 0x01c8, 0x008c, 0x40f8, 0x01b8, 0x0095, 0x00f8, 0x01c8, 0x009d, 0x0004, 0x00e8, 0x41b8,
    0x005c, 0x80e8, 0x01c8, 0x008e, 0x40f8, 0x01b8, 0x009b, 0x00f8, 0x01c8, 0x00b4, 0x0008, 0x00e8, 0x41b8, 0x0080, 0x80e8, 0x01c8,
    0x008f, 0x40f8, 0x01b8, 0x0097, 0x00f8, 0x01c8, 0x00b3, 0x00e8, 0x41b8, 0x0080, 0x80e8, 0x01c8, 0x008f, 0x40f8, 0x01b8, 0x0097,
};

// [088f5bfc] options_pal: 0x1a0 bytes defined, 0x200 copied
static const u16 rom_options_pal[] = {
    0x562f, 0x1800, 0x0000, 0x0000, 0x0000, 0x0000, 0x54c4, 0x0000, 0x0000, 0x0000, 0x0000, 0x0000, 0x0000, 0x0000, 0x0000, 0x0000,
    0x54c4, 0x7e28, 0x1800, 0x4524, 0x0c74, 0x0000, 0x0000, 0x0000, 0x0000, 0x463f, 0x0000, 0x0000, 0x0000, 0x0000, 0x0000, 0x0000,
    0x7fa9, 0x12a4, 0x5294, 0x0238, 0x1cff, 0x5adf, 0x4f5f, 0x34df, 0x3adf, 0x6fbf, 0x0997, 0x7d27, 0x7fe0, 0x008c, 0x7fff, 0x0000,
    0x7d26, 0x7f79, 0x5a50, 0x6a25, 0x69c0, 0x4100, 0x7fff, 0x56b5, 0x6318, 0x033f, 0x037f, 0x7bdf, 0x0fe0, 0x0000, 0x0000, 0x0000,
    0x15e0, 0x0276, 0x037f, 0x4e7f, 0x35bf, 0x1cff, 0x7fff, 0x56b5, 0x6318, 0x033f, 0x037f, 0x7bdf, 0x0fe0, 0x0000, 0x0000, 0x0000,
    0x2108, 0x0000, 0x371f, 0x373f, 0x373f, 0x371f, 0x36ff, 0x0000, 0x5ad6, 0x03ff, 0x43ff, 0x58ea, 0x337f, 0x59f0, 0x5a53, 0x5ad6,
    0x2108, 0x02bd, 0x1800, 0x0000, 0x0000, 0x0000, 0x0000, 0x0000, 0x0000, 0x0000, 0x0000, 0x0000, 0x0000, 0x0000, 0x0000, 0x0000,
    0x0000, 0x0000, 0x0000, 0x0000, 0x0000, 0x0000, 0x0000, 0x0000, 0x0000, 0x0000, 0x0000, 0x0000, 0x0000, 0x0000, 0x0000, 0x0000,
    0x4a52, 0x0000, 0x1f9f, 0x3fbf, 0x5fff, 0x7fff, 0x037f, 0x0000, 0x7fff, 0x48a3, 0x7cc9, 0x7d6e, 0x7e12, 0x7eb7, 0x7f5b, 0x7fff,
    0x0000, 0x0000, 0x7f79, 0x6aad, 0x6a25, 0x69c0, 0x4100, 0x0000, 0x0000, 0x0000, 0x0000, 0x0000, 0x0000, 0x0000, 0x0000, 0x0000,
    0x0000, 0x0000, 0x0000, 0x0000, 0x0000, 0x0000, 0x0000, 0x0000, 0x0000, 0x0000, 0x0000, 0x0000, 0x0000, 0x0000, 0x0000, 0x0000,
    0x0000, 0x0000, 0x0000, 0x0000, 0x0000, 0x0000, 0x0000, 0x0000, 0x0000, 0x0000, 0x0000, 0x0000, 0x0000, 0x0000, 0x0000, 0x0000,
    0x0000, 0x7e28, 0x1800, 0x0000, 0x0c74, 0x0000, 0x0000, 0x0000, 0x7fff, 0x0000, 0x0000, 0x0000, 0x0000, 0x0000, 0x0000, 0x0000,
    0x000f, 0x8008, 0x41e8, 0x2080, 0x00c8, 0x8050, 0x2014, 0x0008, 0x41e0, 0x20d5, 0x0008, 0x01d8, 0x2129, 0x0018, 0x81b0, 0x2008,
    0x0010, 0x81c0, 0x2008, 0x0008, 0x81d0, 0x2008, 0x00b8, 0x8070, 0x2008, 0x00e8, 0x8010, 0x2014, 0x00d8, 0x8030, 0x2014, 0x0000,
    0x81e0, 0x2008, 0x0020, 0x41f0, 0x20d5, 0x0020, 0x01e8, 0x2129, 0x0008, 0x41c0, 0x20d5, 0x0008, 0x01b8, 0x2129, 0x0011, 0x8008,
};

// [0890a694] perfect_certificate_pal: 0xa0 bytes defined, 0x200 copied
static const u16 rom_perfect_certificate_pal[] = {
    0x5c1f, 0x0000, 0x4f5f, 0x5e41, 0x252a, 0x6b5b, 0x6a82, 0x3c83, 0x6a3f, 0x7e4d, 0x1fff, 0x3720, 0x43e2, 0x7f02, 0x001f, 0x7fff,
    0x0000, 0x0000, 0x0000, 0x0000, 0x0000, 0x0000, 0x0000, 0x0000, 0x0000, 0x0000, 0x0000, 0x0000, 0x0000, 0x0000, 0x0000, 0x0000,
    0x0000, 0x0000, 0x0000, 0x0000, 0x0000, 0x0000, 0x0000, 0x0000, 0x0000, 0x0000, 0x0000, 0x0000, 0x0000, 0x0000, 0x0000, 0x0000,
    0x0000, 0x0000, 0x0000, 0x0000, 0x0000, 0x0000, 0x0000, 0x0000, 0x0000, 0x0000, 0x0000, 0x0000, 0x0000, 0x0000, 0x0000, 0x0000,
    0x5e41, 0x014a, 0x0000, 0x5e41, 0x5e41, 0x5e41, 0x5e41, 0x5e41, 0x5e41, 0x5e41, 0x5e41, 0x5e41, 0x5e41, 0x5e41, 0x5e41, 0x5e41,
    0x0002, 0x40f0, 0x81ee, 0x1008, 0x80f0, 0x000e, 0x1012, 0x0005, 0x80f0, 0x000e, 0x1012, 0x80f0, 0x0006, 0x100b, 0x80f0, 0x01fe,
    0x100a, 0x80f2, 0x01f6, 0x1009, 0x80f3, 0x01ee, 0x1008, 0x0005, 0x80f0, 0x000e, 0x1012, 0x80f0, 0x0006, 0x100b, 0x80f1, 0x01fe,
    0x100a, 0x80f2, 0x01f6, 0x1009, 0x80f2, 0x01ee, 0x1008, 0x0005, 0x80f0, 0x000e, 0x1012, 0x80f1, 0x0006, 0x100b, 0x80f2, 0x01fe,
    0x100a, 0x80f2, 0x01f6, 0x1009, 0x80f1, 0x01ee, 0x1008, 0x0005, 0x80f1, 0x000e, 0x1012, 0x80f2, 0x0006, 0x100b, 0x80f2, 0x01fe,
    0x100a, 0x80f1, 0x01f6, 0x1009, 0x80f0, 0x01ee, 0x1008, 0x0005, 0x80f2, 0x000e, 0x1012, 0x80f2, 0x0006, 0x100b, 0x80f1, 0x01fe,
    0x100a, 0x80f0, 0x01f6, 0x1009, 0x80ef, 0x01ee, 0x1008, 0x0005, 0x80f2, 0x000e, 0x1012, 0x80f1, 0x0006, 0x100b, 0x80f0, 0x01fe,
    0x100a, 0x80ef, 0x01f6, 0x1009, 0x80ef, 0x01ee, 0x1008, 0x0005, 0x80f1, 0x000e, 0x1012, 0x80f0, 0x0006, 0x100b, 0x80ef, 0x01fe,
    0x100a, 0x80ef, 0x01f6, 0x1009, 0x80f0, 0x01ee, 0x1008, 0x0005, 0x80f0, 0x000e, 0x1012, 0x80ef, 0x0006, 0x100b, 0x80ef, 0x01fe,
    0x100a, 0x80f0, 0x01f6, 0x1009, 0x80f0, 0x01ee, 0x1008, 0x0005, 0x80ef, 0x000e, 0x1012, 0x80ef, 0x0006, 0x100b, 0x80f0, 0x01fe,
    0x100a, 0x80f0, 0x01f6, 0x1009, 0x80f0, 0x01ee, 0x1008, 0x0005, 0x80ef, 0x000e, 0x1012, 0x80f0, 0x0006, 0x100b, 0x80f0, 0x01fe,
    0x100a, 0x80f0, 0x01f6, 0x1009, 0x80f0, 0x01ee, 0x1008, 0x0004, 0x4010, 0x81d0, 0x1000, 0x8010, 0x01f0, 0x1013, 0x4010, 0x8018,
};

// [088b0720] power_calligraphy_prologue_pal: 0xe0 bytes defined, 0x140 copied
static const u16 rom_power_calligraphy_prologue_pal[] = {
    0x7fff, 0x0000, 0x1ce7, 0x3def, 0x5ef7, 0x0000, 0x0000, 0x0000, 0x0000, 0x0000, 0x0000, 0x0000, 0x0000, 0x0000, 0x0000, 0x7fff,
    0x7fff, 0x14a6, 0x1129, 0x21ad, 0x3e31, 0x5294, 0x4f15, 0x5f18, 0x5f78, 0x673a, 0x6b5b, 0x6f7c, 0x739d, 0x739d, 0x7bdf, 0x7fff,
    0x0000, 0x0000, 0x25ad, 0x0000, 0x0000, 0x0000, 0x0000, 0x0000, 0x0000, 0x0000, 0x0000, 0x0000, 0x0000, 0x0000, 0x0000, 0x0000,
    0x0000, 0x0000, 0x3e52, 0x0000, 0x0000, 0x0000, 0x0000, 0x0000, 0x0000, 0x0000, 0x0000, 0x0000, 0x0000, 0x0000, 0x0000, 0x0000,
    0x0000, 0x0000, 0x52d6, 0x0000, 0x0000, 0x0000, 0x0000, 0x0000, 0x0000, 0x0000, 0x0000, 0x0000, 0x0000, 0x0000, 0x0000, 0x0000,
    0x0000, 0x0000, 0x6b7b, 0x0000, 0x0000, 0x0000, 0x0000, 0x0000, 0x0000, 0x0000, 0x0000, 0x0000, 0x0000, 0x0000, 0x0000, 0x0000,
    0x0000, 0x0000, 0x7fff, 0x0000, 0x0000, 0x0000, 0x0000, 0x0000, 0x0000, 0x0000, 0x0000, 0x0000, 0x0000, 0x0000, 0x0000, 0x0000,
    0x0001, 0x00fc, 0x01fc, 0x005f, 0x0003, 0x00f8, 0x01d0, 0x005f, 0x40d8, 0x81b0, 0x0055, 0x80d8, 0x01d0, 0x001f, 0x0005, 0x00d8,
    0x81b0, 0x0000, 0x80d8, 0x41d0, 0x0013, 0x40f8, 0x41b0, 0x0059, 0x00f8, 0x01d0, 0x005f, 0x4000, 0x01c0, 0x007d, 0x0009, 0x00d8,
    0x81b0, 0x0000, 0x80d8, 0x41d0, 0x0013, 0x40f8, 0x41b0, 0x0059, 0x00f8, 0x01d0, 0x005f, 0x40e8, 0x41d8, 0x0079, 0x4000, 0x01c0,
};

// [088f8888] quiz_show_bg_pal: 0x40 bytes defined, 0x140 copied
static const u16 rom_quiz_show_bg_pal[] = {
    0x0383, 0x294a, 0x35ad, 0x4210, 0x7f06, 0x0653, 0x0bff, 0x681f, 0x5ad6, 0x6318, 0x7dd9, 0x7c34, 0x4a52, 0x001f, 0x7fff, 0x0000,
    0x0383, 0x0000, 0x0000, 0x4c52, 0x0000, 0x0000, 0x0000, 0x0000, 0x7c9c, 0x7d7e, 0x6b64, 0x17e5, 0x0000, 0x0000, 0x7ebd, 0x0000,
    0x0001, 0x00e8, 0x81f0, 0x1208, 0x0001, 0x00e8, 0x81f0, 0x1204, 0x0001, 0x00e6, 0x81f0, 0x1200, 0x0001, 0x00e8, 0x81f0, 0x1214,
    0x0001, 0x00e5, 0x81f0, 0x1210, 0x0002, 0x00e4, 0x81f0, 0x120c, 0x40dc, 0x01f8, 0x12cd, 0x0001, 0x00e0, 0x81f0, 0x119c, 0x0001,
    0x00e0, 0x81f0, 0x1190, 0x0001, 0x00e0, 0x81f0, 0x118c, 0x0001, 0x00f0, 0x81f0, 0x1188, 0x0001, 0x00f0, 0x81f0, 0x1198, 0x0001,
    0x0000, 0x81f0, 0x1594, 0x0001, 0x0001, 0x81f0, 0x1594, 0x0003, 0x8000, 0xc1f0, 0x1400, 0x0040, 0x81f0, 0x1618, 0x8020, 0x0010,
    0x1699, 0x0003, 0x80ff, 0xc1f0, 0x1400, 0x003f, 0x81f0, 0x1618, 0x801f, 0x0010, 0x1699, 0x0002, 0x80c0, 0xc1f8, 0x1408, 0x8000,
    0xc1f8, 0x1404, 0x0002, 0x80bf, 0xc1f8, 0x1408, 0x80ff, 0xc1f8, 0x1404, 0x0004, 0x001a, 0xb1f8, 0x1088, 0x00fa, 0x81d8, 0x1110,
    0x00fa, 0x91f8, 0x1110, 0x001a, 0x81d8, 0x1004, 0x0004, 0x0019, 0xb1f8, 0x1088, 0x00f9, 0x81d8, 0x1110, 0x00f9, 0x91f8, 0x1110,
    0x0019, 0x81d8, 0x1004, 0x0004, 0x40f6, 0xc1da, 0x1110, 0x00f6, 0x801a, 0x1104, 0x0016, 0x81da, 0x1004, 0x001c, 0x41ca, 0x128b,
};

// [088f8788] quiz_show_obj_pal: 0x100 bytes defined, 0x140 copied
static const u16 rom_quiz_show_obj_pal[] = {
    0x0383, 0x1ce7, 0x35ad, 0x4210, 0x0000, 0x0000, 0x0000, 0x0000, 0x5ad6, 0x6318, 0x0000, 0x7c00, 0x4a52, 0x001f, 0x7fff, 0x0000,
    0x0383, 0x7c90, 0x7df6, 0x4210, 0x0000, 0x6417, 0x7c1d, 0x0014, 0x6b4e, 0x00d6, 0x7fd0, 0x0233, 0x07bf, 0x001f, 0x7fff, 0x0000,
    0x0383, 0x0000, 0x0000, 0x0000, 0x0000, 0x0000, 0x0000, 0x0000, 0x3f3f, 0x00d6, 0x3f3f, 0x2a3f, 0x1d9f, 0x001f, 0x7fff, 0x0000,
    0x0383, 0x7fff, 0x56b5, 0x0000, 0x0000, 0x0000, 0x0000, 0x0000, 0x0000, 0x0000, 0x0000, 0x0000, 0x0000, 0x0000, 0x0000, 0x0000,
    0x0383, 0x56b5, 0x6b5a, 0x7fff, 0x0000, 0x0000, 0x0000, 0x0000, 0x0000, 0x0000, 0x0000, 0x0000, 0x07bf, 0x001f, 0x0000, 0x0000,
    0x0383, 0x294a, 0x35ad, 0x4210, 0x7f06, 0x0653, 0x0bff, 0x681f, 0x5ad6, 0x6318, 0x7dd9, 0x7c34, 0x4a52, 0x001f, 0x7fff, 0x0000,
    0x0383, 0x1ce7, 0x35ad, 0x4210, 0x0000, 0x0000, 0x0000, 0x0000, 0x5ad6, 0x6318, 0x0000, 0x7c00, 0x4a52, 0x0000, 0x4a52, 0x0000,
    0x0181, 0x7fff, 0x3048, 0x0000, 0x0000, 0x0000, 0x0000, 0x0000, 0x0000, 0x0000, 0x0000, 0x0000, 0x0000, 0x0000, 0x0000, 0x0000,
    0x0383, 0x294a, 0x35ad, 0x4210, 0x7f06, 0x0653, 0x0bff, 0x681f, 0x5ad6, 0x6318, 0x7dd9, 0x7c34, 0x4a52, 0x001f, 0x7fff, 0x0000,
    0x0383, 0x0000, 0x0000, 0x4c52, 0x0000, 0x0000, 0x0000, 0x0000, 0x7c9c, 0x7d7e, 0x6b64, 0x17e5, 0x0000, 0x0000, 0x7ebd, 0x0000,
};

// [088b141c] quiz_show_prologue_pal: 0x80 bytes defined, 0x140 copied
static const u16 rom_quiz_show_prologue_pal[] = {
    0x0340, 0x09e0, 0x2108, 0x294a, 0x39ce, 0x5ad6, 0x002d, 0x0075, 0x14bf, 0x0000, 0x0000, 0x0000, 0x13fd, 0x0000, 0x7fff, 0x7fff,
    0x0340, 0x0000, 0x0000, 0x0000, 0x0000, 0x0000, 0x0000, 0x0000, 0x0000, 0x0000, 0x0000, 0x0000, 0x005f, 0x0000, 0x5ad6, 0x0000,
    0x0340, 0x0000, 0x0000, 0x0000, 0x0000, 0x0000, 0x0000, 0x0000, 0x0000, 0x0000, 0x0000, 0x0000, 0x7f06, 0x0000, 0x39ce, 0x0000,
    0x0340, 0x0000, 0x0000, 0x0000, 0x0000, 0x0000, 0x0000, 0x0000, 0x0000, 0x0000, 0x0000, 0x0000, 0x681f, 0x0000, 0x294a, 0x0000,
    0x0001, 0x00fc, 0x01fc, 0x00c4, 0x0007, 0x8098, 0x81a8, 0x0018, 0x40b8, 0x01a8, 0x00c2, 0x009d, 0x81b8, 0x000c, 0x809d, 0x41d8,
    0x0080, 0x4088, 0x4048, 0x009c, 0x8088, 0x8068, 0x001e, 0x80a8, 0x4070, 0x0081, 0x000d, 0x8098, 0x81a8, 0x0018, 0x40b8, 0x01a8,
    0x00c2, 0x00cf, 0x81b0, 0x0014, 0x40ef, 0x81b0, 0x008e, 0x009d, 0x81b8, 0x000c, 0x809d, 0x41d8, 0x0080, 0x4088, 0x4048, 0x009c,
    0x4088, 0x4028, 0x009c, 0x4088, 0x4008, 0x009c, 0x4088, 0x41e8, 0x009c, 0x4088, 0x41c8, 0x009c, 0x8088, 0x8068, 0x001e, 0x80a8,
    0x4070, 0x0081, 0x0013, 0x8098, 0x81a8, 0x0018, 0x40b8, 0x01a8, 0x00c2, 0x00cf, 0x81b0, 0x0014, 0x40ef, 0x81b0, 0x008e, 0x009d,
    0x81b8, 0x000c, 0x809d, 0x41d8, 0x0080, 0x00cf, 0x81d2, 0x0010, 0x40ef, 0x81d2, 0x0086, 0x4088, 0x4048, 0x009c, 0x4088, 0x4028,
};

// [0890b734] rank_results_pal: 0xe0 bytes defined, 0x200 copied
static const u16 rom_rank_results_pal[] = {
    0x0000, 0x0000, 0x0413, 0x003f, 0x0693, 0x0ffe, 0x0ac3, 0x0fe5, 0x66ec, 0x7f8f, 0x5c40, 0x7d85, 0x5998, 0x71ff, 0x56d5, 0x7fff,
    0x0486, 0x0000, 0x000a, 0x0011, 0x016a, 0x0631, 0x0581, 0x0622, 0x2d45, 0x45e8, 0x2c20, 0x4c40, 0x28ab, 0x38f0, 0x31ac, 0x4e73,
    0x1d01, 0x0000, 0x0413, 0x003f, 0x0693, 0x0fff, 0x0581, 0x0fe5, 0x56b3, 0x55e9, 0x2b1f, 0x479f, 0x4bf0, 0x31ac, 0x56d5, 0x7fff,
    0x0486, 0x0000, 0x000a, 0x0011, 0x016a, 0x0631, 0x0581, 0x0622, 0x45e8, 0x4c40, 0x2279, 0x36d8, 0x2a28, 0x18e6, 0x31ac, 0x4e73,
    0x0000, 0x0000, 0x0000, 0x0000, 0x0000, 0x0000, 0x0000, 0x0000, 0x7fff, 0x0000, 0x0000, 0x0000, 0x0000, 0x0000, 0x0000, 0x0000,
    0x0486, 0x0000, 0x7f8f, 0x0481, 0x0881, 0x1081, 0x1881, 0x2081, 0x2881, 0x3081, 0x3881, 0x4081, 0x4881, 0x5881, 0x6881, 0x7c81,
    0x0000, 0x0000, 0x0000, 0x0000, 0x0000, 0x0000, 0x0ac3, 0x0000, 0x0000, 0x0000, 0x0000, 0x0000, 0x0000, 0x0000, 0x0000, 0x0000,
    0x000c, 0x00f8, 0x41e8, 0x0008, 0x00f8, 0x4008, 0x0008, 0x00e8, 0x41e8, 0x0002, 0x00e8, 0x4008, 0x0002, 0x0008, 0x4008, 0x0002,
    0x0008, 0x41e8, 0x0002, 0x00d8, 0x41f8, 0x0004, 0x0018, 0x41f8, 0x0004, 0x00d8, 0x41e8, 0x0006, 0x00d8, 0x5008, 0x0006, 0x0018,
    0x61e8, 0x0006, 0x0018, 0x7008, 0x0006, 0x0005, 0x00f8, 0x4008, 0x0008, 0x00e8, 0x4008, 0x0002, 0x0008, 0x4008, 0x0002, 0x00d8,
    0x5008, 0x0000, 0x0018, 0x7008, 0x0000, 0x000b, 0x00e8, 0x4008, 0x0002, 0x0008, 0x41e8, 0x0002, 0x00d8, 0x41f8, 0x0004, 0x0018,
    0x41f8, 0x0004, 0x00d8, 0x41e8, 0x0006, 0x00d8, 0x5008, 0x0006, 0x00f8, 0x41e8, 0x000a, 0x00f8, 0x41f8, 0x0004, 0x00f8, 0x7008,
    0x000a, 0x0018, 0x61e8, 0x0000, 0x0018, 0x7008, 0x0000, 0x000a, 0x00e8, 0x4008, 0x0002, 0x0008, 0x4008, 0x0002, 0x00d8, 0x41f8,
    0x0004, 0x0018, 0x41f8, 0x0004, 0x00d8, 0x41e8, 0x0006, 0x00d8, 0x5008, 0x0006, 0x0018, 0x61e8, 0x0006, 0x0018, 0x7008, 0x0006,
    0x00f8, 0x41f8, 0x0004, 0x00f8, 0x5008, 0x0044, 0x0009, 0x00f8, 0x41e8, 0x0008, 0x00f8, 0x4008, 0x0008, 0x00e8, 0x41e8, 0x0002,
    0x00e8, 0x4008, 0x0002, 0x0008, 0x4008, 0x0002, 0x00d8, 0x41e8, 0x0006, 0x00f8, 0x41f8, 0x0004, 0x00d8, 0x5008, 0x0000, 0x0018,
};

// [0890e338] rap_machine_pal: 0x60 bytes defined, 0x140 copied
static const u16 rom_rap_machine_pal[] = {
    0x2921, 0x0000, 0x1df6, 0x252a, 0x6b5b, 0x14df, 0x54c4, 0x6a3f, 0x7eae, 0x0bff, 0x06a0, 0x0fe0, 0x7fa0, 0x001f, 0x4a53, 0x7fff,
    0x3ec7, 0x0000, 0x3417, 0x4a53, 0x6b5b, 0x5402, 0x4100, 0x7fa2, 0x6600, 0x169e, 0x0fe0, 0x1d9f, 0x0000, 0x6a3f, 0x2d6c, 0x7fff,
    0x0000, 0x54c4, 0x0000, 0x14df, 0x0000, 0x0000, 0x0000, 0x7f8e, 0x7ee9, 0x0000, 0x01c6, 0x0000, 0x0000, 0x0000, 0x0000, 0x5adf,
    0x0003, 0x00f8, 0x41f8, 0x1042, 0x40f8, 0x4008, 0x1058, 0x4000, 0x4008, 0x105c, 0x0003, 0x00f6, 0x41f8, 0x1042, 0x40fa, 0x400a,
    0x1058, 0x4002, 0x4006, 0x105c, 0x0004, 0x00d8, 0x41f8, 0x1018, 0x80d8, 0x0008, 0x1055, 0x40e8, 0x01f8, 0x107c, 0x00e8, 0x0008,
    0x109b, 0x0004, 0x00d8, 0x41f8, 0x104c, 0x80d8, 0x0008, 0x1051, 0x40e8, 0x01f8, 0x1080, 0x00e8, 0x0008, 0x109a, 0x0004, 0x00d8,
    0x41f8, 0x1048, 0x80d8, 0x0008, 0x1050, 0x40e8, 0x01f8, 0x1078, 0x00e8, 0x0008, 0x109c, 0x0004, 0x00d8, 0x41f8, 0x100a, 0x80d8,
    0x0008, 0x1054, 0x40e8, 0x01f8, 0x1090, 0x00e8, 0x0008, 0x109c, 0x0004, 0x00d8, 0x41f8, 0x1006, 0x80d8, 0x0008, 0x1057, 0x40e8,
    0x01f8, 0x1096, 0x00e8, 0x0008, 0x1098, 0x0004, 0x00d8, 0x41f8, 0x1004, 0x80d8, 0x0008, 0x1053, 0x40e8, 0x01f8, 0x108e, 0x00e8,
    0x0008, 0x1098, 0x0004, 0x00fa, 0x41fa, 0x3016, 0x80fa, 0x000a, 0x3052, 0x400a, 0x01fa, 0x3086, 0x000a, 0x000a, 0x3099, 0x0003,
};

// [088fb1e4] rap_men_bg_pal: 0xc0 bytes defined, 0x140 copied
static const u16 rom_rap_men_bg_pal[] = {
    0x7ea0, 0x7e80, 0x7ec5, 0x7f0a, 0x7f4f, 0x7fb5, 0x7fda, 0x7fff, 0x0000, 0x0000, 0x0000, 0x6620, 0x7261, 0x0000, 0x6ea9, 0x0000,
    0x7ea0, 0x7e80, 0x7ec5, 0x7f0a, 0x7f4f, 0x7fb5, 0x7fda, 0x7fff, 0x0000, 0x0000, 0x0000, 0x0000, 0x0000, 0x0000, 0x0000, 0x0000,
    0x0000, 0x0000, 0x0000, 0x0000, 0x0000, 0x0000, 0x0000, 0x0000, 0x0000, 0x0000, 0x0000, 0x0000, 0x0000, 0x0000, 0x0000, 0x0000,
    0x0000, 0x0000, 0x0000, 0x0000, 0x0000, 0x0000, 0x0000, 0x0000, 0x0000, 0x0000, 0x0000, 0x0000, 0x0000, 0x0000, 0x0000, 0x0000,
    0x0000, 0x0000, 0x0000, 0x0000, 0x0000, 0x0000, 0x0000, 0x0000, 0x0000, 0x0000, 0x0000, 0x0000, 0x0000, 0x0000, 0x0000, 0x0000,
    0x7ea0, 0x6600, 0x55c0, 0x0000, 0x0000, 0x0000, 0x0000, 0x0000, 0x0000, 0x0000, 0x0000, 0x7260, 0x7f07, 0x001f, 0x7ffe, 0x7f4d,
    0x0001, 0x00f8, 0x0000, 0x0010, 0x0011, 0x00be, 0x81fe, 0x0098, 0x00c6, 0x41ee, 0x0254, 0x40c0, 0x01f8, 0x02fd, 0x40c9, 0x01f8,
    0x02dd, 0x80b7, 0x81ec, 0x0110, 0x00b7, 0x01fc, 0x031f, 0x80b7, 0x9004, 0x0110, 0x00b1, 0x81ec, 0x0010, 0x80c2, 0x81ec, 0x010a,
    0x80e2, 0x81ec, 0x010c, 0x80c2, 0x9004, 0x010a, 0x80e2, 0x9004, 0x010c, 0x80c2, 0x41fc, 0x0197, 0x80e2, 0x01fc, 0x02ce, 0x00f5,
    0x41ef, 0x0214, 0x00f5, 0x5001, 0x0214, 0x40b3, 0x81f8, 0x0202, 0x0011, 0x00be, 0x81fe, 0x0098, 0x40c0, 0x01f8, 0x02fd, 0x40c9,
};

// [088fb164] rap_men_obj_pal: 0x80 bytes defined, 0x140 copied
static const u16 rom_rap_men_obj_pal[] = {
    0x5780, 0x79bf, 0x7624, 0x7de5, 0x001f, 0x1d1f, 0x3e1f, 0x5eff, 0x7fff, 0x5fff, 0x7fd3, 0x03df, 0x4a52, 0x001f, 0x7fff, 0x0000,
    0x5780, 0x79bf, 0x7624, 0x7f56, 0x001f, 0x1d1f, 0x3e1f, 0x5eff, 0x7fff, 0x5fff, 0x7fd3, 0x03df, 0x4a52, 0x001f, 0x7fff, 0x7fff,
    0x5780, 0x79bf, 0x7624, 0x7f56, 0x001f, 0x1d1f, 0x3e1f, 0x5eff, 0x7fff, 0x5fff, 0x7fd3, 0x03df, 0x4a52, 0x001f, 0x7fff, 0x6739,
    0x5780, 0x79bf, 0x7624, 0x7f56, 0x001f, 0x1d1f, 0x3e1f, 0x5eff, 0x7fff, 0x5fff, 0x7fd3, 0x03df, 0x4a52, 0x001f, 0x7fff, 0x4e73,
    0x7ea0, 0x7e80, 0x7ec5, 0x7f0a, 0x7f4f, 0x7fb5, 0x7fda, 0x7fff, 0x0000, 0x0000, 0x0000, 0x6620, 0x7261, 0x0000, 0x6ea9, 0x0000,
    0x7ea0, 0x7e80, 0x7ec5, 0x7f0a, 0x7f4f, 0x7fb5, 0x7fda, 0x7fff, 0x0000, 0x0000, 0x0000, 0x0000, 0x0000, 0x0000, 0x0000, 0x0000,
    0x0000, 0x0000, 0x0000, 0x0000, 0x0000, 0x0000, 0x0000, 0x0000, 0x0000, 0x0000, 0x0000, 0x0000, 0x0000, 0x0000, 0x0000, 0x0000,
    0x0000, 0x0000, 0x0000, 0x0000, 0x0000, 0x0000, 0x0000, 0x0000, 0x0000, 0x0000, 0x0000, 0x0000, 0x0000, 0x0000, 0x0000, 0x0000,
    0x0000, 0x0000, 0x0000, 0x0000, 0x0000, 0x0000, 0x0000, 0x0000, 0x0000, 0x0000, 0x0000, 0x0000, 0x0000, 0x0000, 0x0000, 0x0000,
    0x7ea0, 0x6600, 0x55c0, 0x0000, 0x0000, 0x0000, 0x0000, 0x0000, 0x0000, 0x0000, 0x0000, 0x7260, 0x7f07, 0x001f, 0x7ffe, 0x7f4d,
};

// [088b3830] rap_men_prologue_pal: 0xa0 bytes defined, 0x140 copied
static const u16 rom_rap_men_prologue_pal[] = {
    0x1a7f, 0x0000, 0x001c, 0x211c, 0x6580, 0x75e0, 0x7ea0, 0x7f21, 0x7fd4, 0x0799, 0x03ff, 0x4a94, 0x52d8, 0x5f7b, 0x6fde, 0x7fff,
    0x1a7f, 0x0000, 0x6f7b, 0x0000, 0x0000, 0x0000, 0x0000, 0x0000, 0x0000, 0x0000, 0x0000, 0x0000, 0x03ff, 0x0000, 0x001c, 0x7fff,
    0x1a7f, 0x6f7b, 0x0000, 0x0000, 0x0000, 0x0000, 0x0000, 0x0000, 0x0000, 0x0000, 0x0000, 0x0000, 0x0000, 0x0000, 0x0000, 0x7fff,
    0x1a7f, 0x6f7b, 0x0000, 0x0000, 0x0000, 0x0000, 0x0000, 0x0000, 0x0000, 0x0000, 0x0000, 0x0000, 0x0000, 0x0000, 0x7fff, 0x001c,
    0x1a7f, 0x6f7b, 0x0000, 0x0000, 0x0000, 0x0000, 0x0000, 0x0000, 0x0000, 0x0000, 0x0000, 0x0000, 0x0000, 0x0000, 0x7fff, 0x03ff,
    0x0008, 0x00f0, 0x41c0, 0x100e, 0x00f0, 0x41d0, 0x100a, 0x00f0, 0x41e0, 0x1006, 0x00f0, 0x4010, 0x1008, 0x00f0, 0x4020, 0x1004,
    0x00f0, 0x4030, 0x1000, 0x00f0, 0x41f0, 0x1002, 0x00f0, 0x4000, 0x100c, 0x0008, 0x00ef, 0x41c0, 0x300e, 0x00f0, 0x41d0, 0x100a,
    0x00f0, 0x41e0, 0x1006, 0x00f0, 0x4010, 0x1008, 0x00f0, 0x4020, 0x1004, 0x00ef, 0x4030, 0x4000, 0x00f0, 0x41f0, 0x1002, 0x00f0,
    0x4000, 0x100c, 0x0008, 0x00f0, 0x41c0, 0x300e, 0x00ef, 0x41d0, 0x400a, 0x00f0, 0x41e0, 0x1006, 0x00f0, 0x4010, 0x1008, 0x00ef,
    0x4020, 0x3004, 0x00f0, 0x4030, 0x4000, 0x00f0, 0x41f0, 0x1002, 0x00f0, 0x4000, 0x100c, 0x0008, 0x00f0, 0x41c0, 0x300e, 0x00f0,
};

// [088fcfb4] rap_women_bg_pal: 0xc0 bytes defined, 0x140 copied
static const u16 rom_rap_women_bg_pal[] = {
    0x663f, 0x6a7f, 0x6ebf, 0x72ff, 0x773f, 0x7b7f, 0x7bbf, 0x7fff, 0x0000, 0x0000, 0x0000, 0x6620, 0x7261, 0x0000, 0x663f, 0x0000,
    0x663f, 0x6a7f, 0x6ebf, 0x72ff, 0x773f, 0x7b7f, 0x7bbf, 0x7fff, 0x0000, 0x0000, 0x0000, 0x0000, 0x0000, 0x0000, 0x0000, 0x0000,
    0x0000, 0x0000, 0x0000, 0x0000, 0x0000, 0x0000, 0x0000, 0x0000, 0x0000, 0x0000, 0x0000, 0x0000, 0x0000, 0x0000, 0x0000, 0x0000,
    0x0000, 0x0000, 0x0000, 0x0000, 0x0000, 0x0000, 0x0000, 0x0000, 0x0000, 0x0000, 0x0000, 0x0000, 0x0000, 0x0000, 0x0000, 0x0000,
    0x0000, 0x0000, 0x0000, 0x0000, 0x0000, 0x0000, 0x0000, 0x0000, 0x0000, 0x0000, 0x0000, 0x0000, 0x0000, 0x0000, 0x0000, 0x0000,
    0x663f, 0x51b9, 0x4575, 0x0000, 0x0000, 0x0000, 0x0000, 0x0000, 0x0000, 0x0000, 0x0000, 0x4575, 0x5e1d, 0x001f, 0x7ffe, 0x663f,
    0x0003, 0x00da, 0x81ec, 0x0098, 0x40f3, 0x81ec, 0x0204, 0x40fd, 0x41ec, 0x02b8, 0x0003, 0x00da, 0x81ec, 0x0098, 0x40f1, 0x81ec,
    0x01dc, 0x40fd, 0x41ec, 0x02b8, 0x0003, 0x00dd, 0x81ec, 0x0098, 0x40f5, 0x81ec, 0x0208, 0x40fd, 0x41ec, 0x02b8, 0x0003, 0x00dd,
    0x81ec, 0x0098, 0x40f5, 0x81ec, 0x0198, 0x40fd, 0x41ec, 0x02b8, 0x0003, 0x80e0, 0x81fe, 0x018c, 0x00e0, 0x81f5, 0x0114, 0x40fd,
    0x41ec, 0x02b8, 0x0003, 0x80e1, 0x81fe, 0x018c, 0x00df, 0x81f5, 0x0114, 0x40fd, 0x41ec, 0x02b8, 0x0002, 0x00e3, 0x81ec, 0x0188,
};

// [088fcf14] rap_women_obj_pal: 0xa0 bytes defined, 0x140 copied
static const u16 rom_rap_women_obj_pal[] = {
    0x663f, 0x6a7f, 0x7c40, 0x72ff, 0x773f, 0x7b7f, 0x7bbf, 0x7fff, 0x0000, 0x5fff, 0x7fd3, 0x6620, 0x4a52, 0x001f, 0x7fff, 0x0000,
    0x663f, 0x6a7f, 0x6ebf, 0x72ff, 0x773f, 0x7b7f, 0x7bbf, 0x7fff, 0x7fff, 0x5fff, 0x7fd3, 0x7f2b, 0x4a52, 0x001f, 0x7fff, 0x7fff,
    0x663f, 0x6a7f, 0x6ebf, 0x72ff, 0x773f, 0x7b7f, 0x7bbf, 0x7fff, 0x7fff, 0x5fff, 0x7fd3, 0x7ec2, 0x4a52, 0x001f, 0x7fff, 0x6739,
    0x6ebf, 0x72ff, 0x6ebf, 0x72ff, 0x773f, 0x7b7f, 0x7bbf, 0x7fff, 0x7fff, 0x5fff, 0x7fd3, 0x7ec2, 0x4a52, 0x001f, 0x7fff, 0x4e73,
    0x0000, 0x0000, 0x0000, 0x0000, 0x0000, 0x0000, 0x0000, 0x0000, 0x0000, 0x0000, 0x0000, 0x6620, 0x7261, 0x0000, 0x663f, 0x0000,
    0x663f, 0x6a7f, 0x6ebf, 0x72ff, 0x773f, 0x7b7f, 0x7bbf, 0x7fff, 0x0000, 0x0000, 0x0000, 0x6620, 0x7261, 0x0000, 0x663f, 0x0000,
    0x663f, 0x6a7f, 0x6ebf, 0x72ff, 0x773f, 0x7b7f, 0x7bbf, 0x7fff, 0x0000, 0x0000, 0x0000, 0x0000, 0x0000, 0x0000, 0x0000, 0x0000,
    0x0000, 0x0000, 0x0000, 0x0000, 0x0000, 0x0000, 0x0000, 0x0000, 0x0000, 0x0000, 0x0000, 0x0000, 0x0000, 0x0000, 0x0000, 0x0000,
    0x0000, 0x0000, 0x0000, 0x0000, 0x0000, 0x0000, 0x0000, 0x0000, 0x0000, 0x0000, 0x0000, 0x0000, 0x0000, 0x0000, 0x0000, 0x0000,
    0x0000, 0x0000, 0x0000, 0x0000, 0x0000, 0x0000, 0x0000, 0x0000, 0x0000, 0x0000, 0x0000, 0x0000, 0x0000, 0x0000, 0x0000, 0x0000,
};

// [088b3b1c] rap_women_prologue_pal: 0xa0 bytes defined, 0x140 copied
static const u16 rom_rap_women_prologue_pal[] = {
    0x1a7f, 0x0000, 0x7c00, 0x085f, 0x56b5, 0x6318, 0x6f7b, 0x529f, 0x6b5e, 0x77be, 0x7fff, 0x7c18, 0x0000, 0x0000, 0x0000, 0x0000,
    0x1a7f, 0x0000, 0x6f7b, 0x0000, 0x0000, 0x0000, 0x0000, 0x0000, 0x0000, 0x0000, 0x0000, 0x0000, 0x03ff, 0x0000, 0x001c, 0x7fff,
    0x1a7f, 0x6f7b, 0x0000, 0x0000, 0x0000, 0x0000, 0x0000, 0x0000, 0x0000, 0x0000, 0x0000, 0x0000, 0x0000, 0x0000, 0x0000, 0x7fff,
    0x1a7f, 0x6f7b, 0x0000, 0x0000, 0x0000, 0x0000, 0x0000, 0x0000, 0x0000, 0x0000, 0x0000, 0x0000, 0x0000, 0x0000, 0x7fff, 0x001c,
    0x1a7f, 0x6f7b, 0x0000, 0x0000, 0x0000, 0x0000, 0x0000, 0x0000, 0x0000, 0x0000, 0x0000, 0x0000, 0x0000, 0x0000, 0x7fff, 0x7ce4,
    0x0002, 0x40f0, 0x81c0, 0x0118, 0x40f0, 0x81e0, 0x011c, 0x0001, 0x40e0, 0xc1b0, 0x0118, 0x0005, 0x40d8, 0xc1a3, 0x0110, 0x80d8,
    0x41e3, 0x018e, 0x40f8, 0x41a3, 0x01ef, 0x40f8, 0x41c3, 0x01db, 0x00f8, 0x01e3, 0x019f, 0x0005, 0x00b8, 0xc1a0, 0x0010, 0x80b8,
    0xc1e0, 0x0018, 0x40f8, 0x41a0, 0x01cf, 0x40f8, 0x41c0, 0x01d7, 0x40f8, 0x41e0, 0x01d3, 0x0004, 0x00a8, 0xc19d, 0x0000, 0x40e0,
    0xc1ad, 0x0108, 0x00d8, 0x01e5, 0x019d, 0x00e0, 0x81e5, 0x001c, 0x0005, 0x00a0, 0xc19d, 0x0008, 0x40e0, 0xc1a6, 0x0100, 0x00e0,
    0x81e6, 0x009c, 0x80c0, 0x81e6, 0x018c, 0x00d8, 0x01dd, 0x01bd, 0x0001, 0x0000, 0x81b0, 0x0184, 0x0002, 0x0000, 0x81b0, 0x0184,
};

// [088b3dbc] rat_race_prologue_pal: 0x100 bytes defined, 0x140 copied
static const u16 rom_rat_race_prologue_pal[] = {
    0x6318, 0x18c6, 0x25ee, 0x0a4f, 0x2b38, 0x23bd, 0x37be, 0x43ff, 0x7fff, 0x0000, 0x0000, 0x0000, 0x2c00, 0x13ff, 0x001f, 0x0000,
    0x0000, 0x1d6c, 0x1d8e, 0x19b0, 0x15d1, 0x11f2, 0x05f3, 0x1676, 0x4ad7, 0x271a, 0x23bd, 0x37be, 0x73bd, 0x43ff, 0x63ff, 0x7fff,
    0x0000, 0x0000, 0x0000, 0x0000, 0x0000, 0x0000, 0x0000, 0x0000, 0x0000, 0x0000, 0x0000, 0x0000, 0x2463, 0x0fbd, 0x0000, 0x0000,
    0x0000, 0x0000, 0x0000, 0x0000, 0x0000, 0x0000, 0x0000, 0x0000, 0x0000, 0x0000, 0x0000, 0x0000, 0x1cc7, 0x0f5a, 0x0000, 0x0000,
    0x0000, 0x0000, 0x0000, 0x0000, 0x0000, 0x0000, 0x0000, 0x0000, 0x0000, 0x0000, 0x0000, 0x0000, 0x152b, 0x0ad8, 0x0000, 0x0000,
    0x0000, 0x0000, 0x0000, 0x0000, 0x0000, 0x0000, 0x0000, 0x0000, 0x0000, 0x0000, 0x0000, 0x0000, 0x0d8f, 0x0676, 0x0000, 0x0000,
    0x0000, 0x0000, 0x0000, 0x0000, 0x0000, 0x0000, 0x0000, 0x0000, 0x0000, 0x0000, 0x0000, 0x0000, 0x05f3, 0x05f3, 0x0000, 0x0000,
    0x0000, 0x0000, 0x0000, 0x0000, 0x0000, 0x0000, 0x0000, 0x0000, 0x0000, 0x0000, 0x0000, 0x0000, 0x0000, 0x05f3, 0x0000, 0x0000,
    0x000b, 0x8090, 0xc1e8, 0x1000, 0x8090, 0x8008, 0x100a, 0x8090, 0x4018, 0x1010, 0x80b0, 0x8008, 0x100c, 0x80b0, 0x4018, 0x100e,
    0x00d0, 0x81e8, 0x1004, 0x80d0, 0x8008, 0x1008, 0x80d0, 0x4018, 0x100f, 0x40f0, 0x81e8, 0x1011, 0x00f0, 0x4008, 0x1015, 0x80f0,
};

// [0890ae54] reading_obj_pal: 0x40 bytes defined, 0x200 copied
static const u16 rom_reading_obj_pal[] = {
    0x2d24, 0x0000, 0x003f, 0x2d24, 0x7c61, 0x2d24, 0x2d24, 0x2d24, 0x7fff, 0x2d24, 0x2d24, 0x2d24, 0x2d24, 0x2d24, 0x2d24, 0x2d24,
    0x21a5, 0x0000, 0x2d24, 0x2d24, 0x2d24, 0x2d24, 0x2d24, 0x2d24, 0x2d24, 0x2d24, 0x2d24, 0x2d24, 0x2d24, 0x2d24, 0x0ffe, 0x7fff,
    0x2d24, 0x0000, 0x003f, 0x2d24, 0x0ffe, 0x2d24, 0x2d24, 0x2d24, 0x7fff, 0x2d24, 0x2d24, 0x2d24, 0x2d24, 0x2d24, 0x2d24, 0x2d24,
    0x21a5, 0x0000, 0x2d24, 0x2d24, 0x2d24, 0x2d24, 0x2d24, 0x2d24, 0x2d24, 0x2d24, 0x2d24, 0x2d24, 0x2d24, 0x2d24, 0x0ffe, 0x7fff,
    0x30cb, 0x6f7b, 0x56df, 0x2d24, 0x2d24, 0x2d24, 0x2d24, 0x2d24, 0x2d24, 0x2d24, 0x2d24, 0x2d24, 0x2d24, 0x6bfb, 0x77bd, 0x7fff,
    0x2d24, 0x0000, 0x003f, 0x2d24, 0x0ffe, 0x2d24, 0x2d24, 0x2d24, 0x7fff, 0x2d24, 0x2d24, 0x2d24, 0x2d24, 0x2d24, 0x2d24, 0x2d24,
    0x21a5, 0x0000, 0x2d24, 0x2d24, 0x2d24, 0x2d24, 0x2d24, 0x2d24, 0x2d24, 0x2d24, 0x2d24, 0x2d24, 0x2d24, 0x2d24, 0x577a, 0x7fff,
    0x30cb, 0x739f, 0x73df, 0x637e, 0x0fff, 0x575d, 0x673f, 0x6b9f, 0x52d8, 0x0b7b, 0x4efa, 0x637d, 0x18a2, 0x73fd, 0x6bfb, 0x7fff,
    0x0000, 0x0000, 0x0000, 0x0000, 0x0000, 0x0000, 0x0000, 0x0000, 0x0000, 0x0000, 0x0000, 0x0000, 0x0000, 0x0000, 0x0000, 0x0000,
    0x30cb, 0x6f7f, 0x73df, 0x5b3c, 0x0fff, 0x533c, 0x5efd, 0x6b7c, 0x4a96, 0x0b7b, 0x46b8, 0x637d, 0x18a2, 0x6bfb, 0x63b9, 0x7fff,
    0x2d24, 0x0000, 0x003f, 0x2d24, 0x0ffe, 0x739f, 0x6f7e, 0x67bb, 0x7fff, 0x73fe, 0x2d24, 0x2d24, 0x2d24, 0x2d24, 0x2d24, 0x2d24,
    0x21a5, 0x0000, 0x2d24, 0x2d24, 0x2d24, 0x2d24, 0x2d24, 0x2d24, 0x2d24, 0x2d24, 0x2d24, 0x2d24, 0x2d24, 0x2d24, 0x0ffe, 0x7fff,
    0x30cb, 0x4ef7, 0x2d24, 0x2d24, 0x2d24, 0x2d24, 0x2d24, 0x2d24, 0x2d24, 0x2d24, 0x2d24, 0x2d24, 0x2d24, 0x6bfb, 0x679c, 0x73ff,
    0x0000, 0x0000, 0x0000, 0x0000, 0x0000, 0x0000, 0x0000, 0x0000, 0x0000, 0x0000, 0x0000, 0x0000, 0x0000, 0x0000, 0x0000, 0x0000,
    0x0000, 0x0000, 0x0000, 0x0000, 0x0000, 0x0000, 0x0000, 0x0000, 0x0000, 0x0000, 0x0000, 0x0000, 0x0000, 0x0000, 0x0000, 0x0000,
    0x0000, 0x0000, 0x0000, 0x0000, 0x0000, 0x0000, 0x0000, 0x0000, 0x0000, 0x0000, 0x0000, 0x0000, 0x0000, 0x0000, 0x0000, 0x0000,
};

// [0890ae94] reading_style_bulletin_pal: 0x60 bytes defined, 0x200 copied
static const u16 rom_reading_style_bulletin_pal[] = {
    0x2d24, 0x0000, 0x003f, 0x2d24, 0x0ffe, 0x2d24, 0x2d24, 0x2d24, 0x7fff, 0x2d24, 0x2d24, 0x2d24, 0x2d24, 0x2d24, 0x2d24, 0x2d24,
    0x21a5, 0x0000, 0x2d24, 0x2d24, 0x2d24, 0x2d24, 0x2d24, 0x2d24, 0x2d24, 0x2d24, 0x2d24, 0x2d24, 0x2d24, 0x2d24, 0x0ffe, 0x7fff,
    0x30cb, 0x6f7b, 0x56df, 0x2d24, 0x2d24, 0x2d24, 0x2d24, 0x2d24, 0x2d24, 0x2d24, 0x2d24, 0x2d24, 0x2d24, 0x6bfb, 0x77bd, 0x7fff,
    0x2d24, 0x0000, 0x003f, 0x2d24, 0x0ffe, 0x2d24, 0x2d24, 0x2d24, 0x7fff, 0x2d24, 0x2d24, 0x2d24, 0x2d24, 0x2d24, 0x2d24, 0x2d24,
    0x21a5, 0x0000, 0x2d24, 0x2d24, 0x2d24, 0x2d24, 0x2d24, 0x2d24, 0x2d24, 0x2d24, 0x2d24, 0x2d24, 0x2d24, 0x2d24, 0x577a, 0x7fff,
    0x30cb, 0x739f, 0x73df, 0x637e, 0x0fff, 0x575d, 0x673f, 0x6b9f, 0x52d8, 0x0b7b, 0x4efa, 0x637d, 0x18a2, 0x73fd, 0x6bfb, 0x7fff,
    0x0000, 0x0000, 0x0000, 0x0000, 0x0000, 0x0000, 0x0000, 0x0000, 0x0000, 0x0000, 0x0000, 0x0000, 0x0000, 0x0000, 0x0000, 0x0000,
    0x30cb, 0x6f7f, 0x73df, 0x5b3c, 0x0fff, 0x533c, 0x5efd, 0x6b7c, 0x4a96, 0x0b7b, 0x46b8, 0x637d, 0x18a2, 0x6bfb, 0x63b9, 0x7fff,
    0x2d24, 0x0000, 0x003f, 0x2d24, 0x0ffe, 0x739f, 0x6f7e, 0x67bb, 0x7fff, 0x73fe, 0x2d24, 0x2d24, 0x2d24, 0x2d24, 0x2d24, 0x2d24,
    0x21a5, 0x0000, 0x2d24, 0x2d24, 0x2d24, 0x2d24, 0x2d24, 0x2d24, 0x2d24, 0x2d24, 0x2d24, 0x2d24, 0x2d24, 0x2d24, 0x0ffe, 0x7fff,
    0x30cb, 0x4ef7, 0x2d24, 0x2d24, 0x2d24, 0x2d24, 0x2d24, 0x2d24, 0x2d24, 0x2d24, 0x2d24, 0x2d24, 0x2d24, 0x6bfb, 0x679c, 0x73ff,
    0x0000, 0x0000, 0x0000, 0x0000, 0x0000, 0x0000, 0x0000, 0x0000, 0x0000, 0x0000, 0x0000, 0x0000, 0x0000, 0x0000, 0x0000, 0x0000,
    0x0000, 0x0000, 0x0000, 0x0000, 0x0000, 0x0000, 0x0000, 0x0000, 0x0000, 0x0000, 0x0000, 0x0000, 0x0000, 0x0000, 0x0000, 0x0000,
    0x0000, 0x0000, 0x0000, 0x0000, 0x0000, 0x0000, 0x0000, 0x0000, 0x0000, 0x0000, 0x0000, 0x0000, 0x0000, 0x0000, 0x0000, 0x0000,
    0x0000, 0x0000, 0x0000, 0x0000, 0x0000, 0x0000, 0x0000, 0x0000, 0x0000, 0x0000, 0x0000, 0x0000, 0x0000, 0x0000, 0x0000, 0x0000,
    0x0000, 0x0000, 0x0000, 0x0000, 0x0000, 0x0000, 0x0000, 0x0000, 0x0000, 0x0000, 0x0000, 0x0000, 0x0000, 0x0000, 0x0000, 0x0000,
};

// [0890b330] reading_style_cherry_pal: 0x60 bytes defined, 0x200 copied
static const u16 rom_reading_style_cherry_pal[] = {
    0x2d24, 0x0000, 0x003f, 0x2d24, 0x0ffe, 0x739f, 0x6f7e, 0x67bb, 0x7fff, 0x73fe, 0x2d24, 0x2d24, 0x2d24, 0x2d24, 0x2d24, 0x2d24,
    0x21a5, 0x0000, 0x2d24, 0x2d24, 0x2d24, 0x2d24, 0x2d24, 0x2d24, 0x2d24, 0x2d24, 0x2d24, 0x2d24, 0x2d24, 0x2d24, 0x0ffe, 0x7fff,
    0x30cb, 0x0000, 0x2d24, 0x2d24, 0x2d24, 0x2d24, 0x2d24, 0x2d24, 0x2d24, 0x2d24, 0x2d24, 0x2d24, 0x2d24, 0x6bfb, 0x63b9, 0x7fff,
    0x2d24, 0x0000, 0x003f, 0x2d24, 0x0ffe, 0x2d24, 0x2d24, 0x2d24, 0x7fff, 0x2d24, 0x2d24, 0x2d24, 0x2d24, 0x2d24, 0x2d24, 0x2d24,
    0x21a5, 0x0000, 0x2d24, 0x2d24, 0x2d24, 0x2d24, 0x2d24, 0x2d24, 0x2d24, 0x2d24, 0x2d24, 0x2d24, 0x2d24, 0x2d24, 0x0ffe, 0x7fff,
    0x30cb, 0x0000, 0x2d24, 0x2d24, 0x2d24, 0x2d24, 0x2d24, 0x2d24, 0x2d24, 0x2d24, 0x2d24, 0x2d24, 0x2d24, 0x7f9c, 0x77bd, 0x7fff,
    0x0008, 0x00f0, 0x41d8, 0x2182, 0x00f0, 0x41e8, 0x215e, 0x00f0, 0x41f8, 0x2188, 0x00f0, 0x4008, 0x218a, 0x0000, 0x41e8, 0x2186,
    0x0000, 0x41f8, 0x2184, 0x0000, 0x4008, 0x2158, 0x0000, 0x4018, 0x215a, 0x000b, 0x40db, 0x01ea, 0x21d6, 0x40da, 0x0010, 0x21d4,
    0x00da, 0x0020, 0x21da, 0x40e5, 0xc1dc, 0x2008, 0x80e5, 0x801c, 0x208c, 0x80e5, 0x402c, 0x2097, 0x4005, 0x41dc, 0x2194, 0x4005,
    0x41fc, 0x2190, 0x4005, 0x001c, 0x21d8, 0x0005, 0x002c, 0x21db, 0x0001, 0x41cc, 0x215c, 0x0013, 0x40f2, 0x81cd, 0x210c, 0x40f2,
    0x81ed, 0x209c, 0x40f2, 0x800d, 0x20dc, 0x80f2, 0x002d, 0x218f, 0x4002, 0x41cd, 0x21c8, 0x4002, 0x41ed, 0x21bc, 0x4002, 0x400d,
    0x21b4, 0x0002, 0x002d, 0x21dd, 0x00ea, 0x41c9, 0x2156, 0x0000, 0x61db, 0x2156, 0x00e8, 0x71f0, 0x2156, 0x0000, 0x5006, 0x2156,
    0x00eb, 0x601e, 0x2156, 0x00ec, 0x4007, 0x2154, 0x00fa, 0x4019, 0x2154, 0x00fb, 0x41f1, 0x2154, 0x00f1, 0x41dd, 0x2154, 0x00fe,
    0x41c9, 0x2154, 0x00ff, 0x4026, 0x2156, 0x000d, 0x40f0, 0x81d3, 0x2110, 0x40f0, 0x81f3, 0x2148, 0x40f0, 0x8013, 0x2144, 0x80f0,
    0x0033, 0x218e, 0x4000, 0x41d3, 0x21b8, 0x4000, 0x41f3, 0x219c, 0x4000, 0x4013, 0x21b0, 0x0000, 0x0033, 0x21de, 0x00e0, 0x402c,
    0x2180, 0x0008, 0x41da, 0x2180, 0x0007, 0x4025, 0x2180, 0x00e5, 0x41d0, 0x2180, 0x00d8, 0xc1e8, 0x2000, 0x0002, 0x4006, 0x81e7,
};

// [0890b1f4] reading_style_classroom_pal: 0xa0 bytes defined, 0x200 copied
static const u16 rom_reading_style_classroom_pal[] = {
    0x2d24, 0x7fff, 0x003f, 0x2d24, 0x0ffe, 0x2d24, 0x2d24, 0x2d24, 0x5756, 0x5f78, 0x5f78, 0x6379, 0x6799, 0x6b9a, 0x6bbb, 0x6fbb,
    0x21a5, 0x7fff, 0x2d24, 0x2d24, 0x2d24, 0x2d24, 0x2d24, 0x2d24, 0x2d24, 0x2d24, 0x2d24, 0x2d24, 0x2d24, 0x2d24, 0x041b, 0x7fff,
    0x30cb, 0x0421, 0x156d, 0x1dae, 0x29f0, 0x3632, 0x3e74, 0x4ab6, 0x56f8, 0x2d24, 0x2d24, 0x2d24, 0x2d24, 0x14a5, 0x1ce7, 0x7fff,
    0x0000, 0x0000, 0x0000, 0x0000, 0x0000, 0x0000, 0x0000, 0x0000, 0x0000, 0x0000, 0x0000, 0x0000, 0x0000, 0x0000, 0x0000, 0x0000,
    0x0000, 0x46d2, 0x4af3, 0x4f14, 0x5315, 0x5315, 0x5736, 0x5b36, 0x5f57, 0x5f58, 0x6779, 0x6b9b, 0x73bc, 0x73dd, 0x7bde, 0x7fff,
    0x2d24, 0x0000, 0x003f, 0x2d24, 0x0ffe, 0x2d24, 0x2d24, 0x2d24, 0x7fff, 0x2d24, 0x2d24, 0x2d24, 0x2d24, 0x2d24, 0x2d24, 0x2d24,
    0x21a5, 0x0000, 0x2d24, 0x2d24, 0x2d24, 0x2d24, 0x2d24, 0x2d24, 0x2d24, 0x2d24, 0x2d24, 0x2d24, 0x2d24, 0x2d24, 0x0ffe, 0x7fff,
    0x30cb, 0x77bd, 0x2d24, 0x2d24, 0x2d24, 0x2d24, 0x2d24, 0x2d24, 0x2d24, 0x2d24, 0x2d24, 0x2d24, 0x77bd, 0x77bd, 0x7bde, 0x7fff,
    0x0002, 0x40fe, 0x0000, 0x1000, 0x00fe, 0x0010, 0x1009, 0x0002, 0x4007, 0x0000, 0x1002, 0x0007, 0x0010, 0x1008, 0xb2f4, 0x0890,
    0x0004, 0x0000, 0x0000, 0x0000, 0x0000, 0x0000, 0xb302, 0x0890, 0x0004, 0x0000, 0x0000, 0x0000, 0x0000, 0x0000, 0x2d24, 0x0000,
    0x003f, 0x2d24, 0x0ffe, 0x739f, 0x6f7e, 0x67bb, 0x7fff, 0x73fe, 0x2d24, 0x2d24, 0x2d24, 0x2d24, 0x2d24, 0x2d24, 0x21a5, 0x0000,
    0x2d24, 0x2d24, 0x2d24, 0x2d24, 0x2d24, 0x2d24, 0x2d24, 0x2d24, 0x2d24, 0x2d24, 0x2d24, 0x2d24, 0x0ffe, 0x7fff, 0x30cb, 0x0000,
    0x2d24, 0x2d24, 0x2d24, 0x2d24, 0x2d24, 0x2d24, 0x2d24, 0x2d24, 0x2d24, 0x2d24, 0x2d24, 0x6bfb, 0x63b9, 0x7fff, 0x2d24, 0x0000,
    0x003f, 0x2d24, 0x0ffe, 0x2d24, 0x2d24, 0x2d24, 0x7fff, 0x2d24, 0x2d24, 0x2d24, 0x2d24, 0x2d24, 0x2d24, 0x2d24, 0x21a5, 0x0000,
    0x2d24, 0x2d24, 0x2d24, 0x2d24, 0x2d24, 0x2d24, 0x2d24, 0x2d24, 0x2d24, 0x2d24, 0x2d24, 0x2d24, 0x0ffe, 0x7fff, 0x30cb, 0x0000,
    0x2d24, 0x2d24, 0x2d24, 0x2d24, 0x2d24, 0x2d24, 0x2d24, 0x2d24, 0x2d24, 0x2d24, 0x2d24, 0x7f9c, 0x77bd, 0x7fff, 0x0008, 0x00f0,
};

// [0890af94] reading_style_cooking_pal: 0x1a0 bytes defined, 0x200 copied
static const u16 rom_reading_style_cooking_pal[] = {
    0x2d24, 0x0000, 0x003f, 0x2d24, 0x0ffe, 0x739f, 0x6f7e, 0x67bb, 0x7fff, 0x73fe, 0x2d24, 0x2d24, 0x2d24, 0x2d24, 0x2d24, 0x2d24,
    0x21a5, 0x0000, 0x2d24, 0x2d24, 0x2d24, 0x2d24, 0x2d24, 0x2d24, 0x2d24, 0x2d24, 0x2d24, 0x2d24, 0x2d24, 0x2d24, 0x0ffe, 0x7fff,
    0x30cb, 0x4ef7, 0x2d24, 0x2d24, 0x2d24, 0x2d24, 0x2d24, 0x2d24, 0x2d24, 0x2d24, 0x2d24, 0x2d24, 0x2d24, 0x6bfb, 0x679c, 0x73ff,
    0x0000, 0x0000, 0x0000, 0x0000, 0x0000, 0x0000, 0x0000, 0x0000, 0x0000, 0x0000, 0x0000, 0x0000, 0x0000, 0x0000, 0x0000, 0x0000,
    0x0000, 0x0000, 0x0000, 0x0000, 0x0000, 0x0000, 0x0000, 0x0000, 0x0000, 0x0000, 0x0000, 0x0000, 0x0000, 0x0000, 0x0000, 0x0000,
    0x0000, 0x0000, 0x0000, 0x0000, 0x0000, 0x0000, 0x0000, 0x0000, 0x0000, 0x0000, 0x0000, 0x0000, 0x0000, 0x0000, 0x0000, 0x0000,
    0x0000, 0x0000, 0x0000, 0x0000, 0x0000, 0x0000, 0x0000, 0x0000, 0x0000, 0x0000, 0x0000, 0x0000, 0x0000, 0x0000, 0x0000, 0x0000,
    0x0000, 0x0000, 0x0000, 0x0000, 0x0000, 0x0000, 0x0000, 0x0000, 0x0000, 0x0000, 0x0000, 0x0000, 0x0000, 0x0000, 0x0000, 0x0000,
    0x0000, 0x0000, 0x0000, 0x0000, 0x0000, 0x0000, 0x0000, 0x0000, 0x0000, 0x0000, 0x0000, 0x0000, 0x0000, 0x0000, 0x0000, 0x0000,
    0x0000, 0x0000, 0x0000, 0x0000, 0x0000, 0x0000, 0x0000, 0x0000, 0x0000, 0x0000, 0x0000, 0x0000, 0x0000, 0x0000, 0x0000, 0x0000,
    0x0000, 0x0000, 0x0000, 0x0000, 0x0000, 0x0000, 0x0000, 0x0000, 0x0000, 0x0000, 0x0000, 0x0000, 0x0000, 0x0000, 0x0000, 0x0000,
    0x0000, 0x0000, 0x0000, 0x0000, 0x0000, 0x0000, 0x0000, 0x0000, 0x0000, 0x0000, 0x0000, 0x0000, 0x0000, 0x0000, 0x0000, 0x0000,
    0x2d24, 0x0000, 0x003f, 0x2d24, 0x0ffe, 0x2d24, 0x2d24, 0x2d24, 0x7fff, 0x2d24, 0x2d24, 0x2d24, 0x2d24, 0x2d24, 0x2d24, 0x2d24,
    0x2d24, 0x0000, 0x7e3c, 0x2d24, 0x0ffe, 0x2d24, 0x2d24, 0x2d24, 0x7cf3, 0x2d24, 0x2d24, 0x2d24, 0x2d24, 0x2d24, 0x2d24, 0x2d24,
    0x21a5, 0x0000, 0x2d24, 0x2d24, 0x2d24, 0x2d24, 0x2d24, 0x2d24, 0x2d24, 0x2d24, 0x2d24, 0x2d24, 0x2d24, 0x2d24, 0x0ffe, 0x7fff,
    0x0d8b, 0x0000, 0x30cb, 0x000a, 0x0012, 0x6f75, 0x7375, 0x7fff, 0x5bfb, 0x469f, 0x6f75, 0x2d24, 0x2d24, 0x6bfb, 0x63b9, 0x4e73,
};

// [0890b194] reading_style_haiku_pal: 0x60 bytes defined, 0x200 copied
static const u16 rom_reading_style_haiku_pal[] = {
    0x2d24, 0x0000, 0x003f, 0x2d24, 0x0ffe, 0x739f, 0x6f7e, 0x67bb, 0x7fff, 0x73fe, 0x7fd9, 0x7fdb, 0x7ffc, 0x77bf, 0x2d24, 0x2d24,
    0x21a5, 0x0000, 0x2d24, 0x2d24, 0x2d24, 0x2d24, 0x2d24, 0x2d24, 0x2d24, 0x2d24, 0x2d24, 0x2d24, 0x2d24, 0x2d24, 0x0ffe, 0x7fff,
    0x30cb, 0x5ad6, 0x2d24, 0x2d24, 0x2d24, 0x2d24, 0x2d24, 0x2d24, 0x2d24, 0x2d24, 0x2d24, 0x2d24, 0x2d24, 0x6bfb, 0x77bd, 0x7fff,
    0x2d24, 0x7fff, 0x003f, 0x2d24, 0x0ffe, 0x2d24, 0x2d24, 0x2d24, 0x5756, 0x5f78, 0x5f78, 0x6379, 0x6799, 0x6b9a, 0x6bbb, 0x6fbb,
    0x21a5, 0x7fff, 0x2d24, 0x2d24, 0x2d24, 0x2d24, 0x2d24, 0x2d24, 0x2d24, 0x2d24, 0x2d24, 0x2d24, 0x2d24, 0x2d24, 0x041b, 0x7fff,
    0x30cb, 0x0421, 0x156d, 0x1dae, 0x29f0, 0x3632, 0x3e74, 0x4ab6, 0x56f8, 0x2d24, 0x2d24, 0x2d24, 0x2d24, 0x14a5, 0x1ce7, 0x7fff,
    0x0000, 0x0000, 0x0000, 0x0000, 0x0000, 0x0000, 0x0000, 0x0000, 0x0000, 0x0000, 0x0000, 0x0000, 0x0000, 0x0000, 0x0000, 0x0000,
    0x0000, 0x46d2, 0x4af3, 0x4f14, 0x5315, 0x5315, 0x5736, 0x5b36, 0x5f57, 0x5f58, 0x6779, 0x6b9b, 0x73bc, 0x73dd, 0x7bde, 0x7fff,
    0x2d24, 0x0000, 0x003f, 0x2d24, 0x0ffe, 0x2d24, 0x2d24, 0x2d24, 0x7fff, 0x2d24, 0x2d24, 0x2d24, 0x2d24, 0x2d24, 0x2d24, 0x2d24,
    0x21a5, 0x0000, 0x2d24, 0x2d24, 0x2d24, 0x2d24, 0x2d24, 0x2d24, 0x2d24, 0x2d24, 0x2d24, 0x2d24, 0x2d24, 0x2d24, 0x0ffe, 0x7fff,
    0x30cb, 0x77bd, 0x2d24, 0x2d24, 0x2d24, 0x2d24, 0x2d24, 0x2d24, 0x2d24, 0x2d24, 0x2d24, 0x2d24, 0x77bd, 0x77bd, 0x7bde, 0x7fff,
    0x0002, 0x40fe, 0x0000, 0x1000, 0x00fe, 0x0010, 0x1009, 0x0002, 0x4007, 0x0000, 0x1002, 0x0007, 0x0010, 0x1008, 0xb2f4, 0x0890,
    0x0004, 0x0000, 0x0000, 0x0000, 0x0000, 0x0000, 0xb302, 0x0890, 0x0004, 0x0000, 0x0000, 0x0000, 0x0000, 0x0000, 0x2d24, 0x0000,
    0x003f, 0x2d24, 0x0ffe, 0x739f, 0x6f7e, 0x67bb, 0x7fff, 0x73fe, 0x2d24, 0x2d24, 0x2d24, 0x2d24, 0x2d24, 0x2d24, 0x21a5, 0x0000,
    0x2d24, 0x2d24, 0x2d24, 0x2d24, 0x2d24, 0x2d24, 0x2d24, 0x2d24, 0x2d24, 0x2d24, 0x2d24, 0x2d24, 0x0ffe, 0x7fff, 0x30cb, 0x0000,
    0x2d24, 0x2d24, 0x2d24, 0x2d24, 0x2d24, 0x2d24, 0x2d24, 0x2d24, 0x2d24, 0x2d24, 0x2d24, 0x6bfb, 0x63b9, 0x7fff, 0x2d24, 0x0000,
};

// [0890b134] reading_style_mail_pal: 0x60 bytes defined, 0x200 copied
static const u16 rom_reading_style_mail_pal[] = {
    0x2d24, 0x0000, 0x7e3c, 0x2d24, 0x0ffe, 0x2d24, 0x2d24, 0x2d24, 0x7cf3, 0x2d24, 0x2d24, 0x2d24, 0x2d24, 0x2d24, 0x2d24, 0x2d24,
    0x21a5, 0x0000, 0x2d24, 0x2d24, 0x2d24, 0x2d24, 0x2d24, 0x2d24, 0x2d24, 0x2d24, 0x2d24, 0x2d24, 0x2d24, 0x2d24, 0x0ffe, 0x7fff,
    0x0d8b, 0x0000, 0x30cb, 0x000a, 0x0012, 0x6f75, 0x7375, 0x7fff, 0x5bfb, 0x469f, 0x6f75, 0x2d24, 0x2d24, 0x6bfb, 0x63b9, 0x4e73,
    0x2d24, 0x0000, 0x003f, 0x2d24, 0x0ffe, 0x739f, 0x6f7e, 0x67bb, 0x7fff, 0x73fe, 0x7fd9, 0x7fdb, 0x7ffc, 0x77bf, 0x2d24, 0x2d24,
    0x21a5, 0x0000, 0x2d24, 0x2d24, 0x2d24, 0x2d24, 0x2d24, 0x2d24, 0x2d24, 0x2d24, 0x2d24, 0x2d24, 0x2d24, 0x2d24, 0x0ffe, 0x7fff,
    0x30cb, 0x5ad6, 0x2d24, 0x2d24, 0x2d24, 0x2d24, 0x2d24, 0x2d24, 0x2d24, 0x2d24, 0x2d24, 0x2d24, 0x2d24, 0x6bfb, 0x77bd, 0x7fff,
    0x2d24, 0x7fff, 0x003f, 0x2d24, 0x0ffe, 0x2d24, 0x2d24, 0x2d24, 0x5756, 0x5f78, 0x5f78, 0x6379, 0x6799, 0x6b9a, 0x6bbb, 0x6fbb,
    0x21a5, 0x7fff, 0x2d24, 0x2d24, 0x2d24, 0x2d24, 0x2d24, 0x2d24, 0x2d24, 0x2d24, 0x2d24, 0x2d24, 0x2d24, 0x2d24, 0x041b, 0x7fff,
    0x30cb, 0x0421, 0x156d, 0x1dae, 0x29f0, 0x3632, 0x3e74, 0x4ab6, 0x56f8, 0x2d24, 0x2d24, 0x2d24, 0x2d24, 0x14a5, 0x1ce7, 0x7fff,
    0x0000, 0x0000, 0x0000, 0x0000, 0x0000, 0x0000, 0x0000, 0x0000, 0x0000, 0x0000, 0x0000, 0x0000, 0x0000, 0x0000, 0x0000, 0x0000,
    0x0000, 0x46d2, 0x4af3, 0x4f14, 0x5315, 0x5315, 0x5736, 0x5b36, 0x5f57, 0x5f58, 0x6779, 0x6b9b, 0x73bc, 0x73dd, 0x7bde, 0x7fff,
    0x2d24, 0x0000, 0x003f, 0x2d24, 0x0ffe, 0x2d24, 0x2d24, 0x2d24, 0x7fff, 0x2d24, 0x2d24, 0x2d24, 0x2d24, 0x2d24, 0x2d24, 0x2d24,
    0x21a5, 0x0000, 0x2d24, 0x2d24, 0x2d24, 0x2d24, 0x2d24, 0x2d24, 0x2d24, 0x2d24, 0x2d24, 0x2d24, 0x2d24, 0x2d24, 0x0ffe, 0x7fff,
    0x30cb, 0x77bd, 0x2d24, 0x2d24, 0x2d24, 0x2d24, 0x2d24, 0x2d24, 0x2d24, 0x2d24, 0x2d24, 0x2d24, 0x77bd, 0x77bd, 0x7bde, 0x7fff,
    0x0002, 0x40fe, 0x0000, 0x1000, 0x00fe, 0x0010, 0x1009, 0x0002, 0x4007, 0x0000, 0x1002, 0x0007, 0x0010, 0x1008, 0xb2f4, 0x0890,
    0x0004, 0x0000, 0x0000, 0x0000, 0x0000, 0x0000, 0xb302, 0x0890, 0x0004, 0x0000, 0x0000, 0x0000, 0x0000, 0x0000, 0x2d24, 0x0000,
};

// [0890aef4] reading_style_manzai_pal: 0xa0 bytes defined, 0x200 copied
static const u16 rom_reading_style_manzai_pal[] = {
    0x2d24, 0x0000, 0x003f, 0x2d24, 0x0ffe, 0x2d24, 0x2d24, 0x2d24, 0x7fff, 0x2d24, 0x2d24, 0x2d24, 0x2d24, 0x2d24, 0x2d24, 0x2d24,
    0x21a5, 0x0000, 0x2d24, 0x2d24, 0x2d24, 0x2d24, 0x2d24, 0x2d24, 0x2d24, 0x2d24, 0x2d24, 0x2d24, 0x2d24, 0x2d24, 0x577a, 0x7fff,
    0x30cb, 0x739f, 0x73df, 0x637e, 0x0fff, 0x575d, 0x673f, 0x6b9f, 0x52d8, 0x0b7b, 0x4efa, 0x637d, 0x18a2, 0x73fd, 0x6bfb, 0x7fff,
    0x0000, 0x0000, 0x0000, 0x0000, 0x0000, 0x0000, 0x0000, 0x0000, 0x0000, 0x0000, 0x0000, 0x0000, 0x0000, 0x0000, 0x0000, 0x0000,
    0x30cb, 0x6f7f, 0x73df, 0x5b3c, 0x0fff, 0x533c, 0x5efd, 0x6b7c, 0x4a96, 0x0b7b, 0x46b8, 0x637d, 0x18a2, 0x6bfb, 0x63b9, 0x7fff,
    0x2d24, 0x0000, 0x003f, 0x2d24, 0x0ffe, 0x739f, 0x6f7e, 0x67bb, 0x7fff, 0x73fe, 0x2d24, 0x2d24, 0x2d24, 0x2d24, 0x2d24, 0x2d24,
    0x21a5, 0x0000, 0x2d24, 0x2d24, 0x2d24, 0x2d24, 0x2d24, 0x2d24, 0x2d24, 0x2d24, 0x2d24, 0x2d24, 0x2d24, 0x2d24, 0x0ffe, 0x7fff,
    0x30cb, 0x4ef7, 0x2d24, 0x2d24, 0x2d24, 0x2d24, 0x2d24, 0x2d24, 0x2d24, 0x2d24, 0x2d24, 0x2d24, 0x2d24, 0x6bfb, 0x679c, 0x73ff,
    0x0000, 0x0000, 0x0000, 0x0000, 0x0000, 0x0000, 0x0000, 0x0000, 0x0000, 0x0000, 0x0000, 0x0000, 0x0000, 0x0000, 0x0000, 0x0000,
    0x0000, 0x0000, 0x0000, 0x0000, 0x0000, 0x0000, 0x0000, 0x0000, 0x0000, 0x0000, 0x0000, 0x0000, 0x0000, 0x0000, 0x0000, 0x0000,
    0x0000, 0x0000, 0x0000, 0x0000, 0x0000, 0x0000, 0x0000, 0x0000, 0x0000, 0x0000, 0x0000, 0x0000, 0x0000, 0x0000, 0x0000, 0x0000,
    0x0000, 0x0000, 0x0000, 0x0000, 0x0000, 0x0000, 0x0000, 0x0000, 0x0000, 0x0000, 0x0000, 0x0000, 0x0000, 0x0000, 0x0000, 0x0000,
    0x0000, 0x0000, 0x0000, 0x0000, 0x0000, 0x0000, 0x0000, 0x0000, 0x0000, 0x0000, 0x0000, 0x0000, 0x0000, 0x0000, 0x0000, 0x0000,
    0x0000, 0x0000, 0x0000, 0x0000, 0x0000, 0x0000, 0x0000, 0x0000, 0x0000, 0x0000, 0x0000, 0x0000, 0x0000, 0x0000, 0x0000, 0x0000,
    0x0000, 0x0000, 0x0000, 0x0000, 0x0000, 0x0000, 0x0000, 0x0000, 0x0000, 0x0000, 0x0000, 0x0000, 0x0000, 0x0000, 0x0000, 0x0000,
    0x0000, 0x0000, 0x0000, 0x0000, 0x0000, 0x0000, 0x0000, 0x0000, 0x0000, 0x0000, 0x0000, 0x0000, 0x0000, 0x0000, 0x0000, 0x0000,
};

// [0890b390] reading_style_sea_pal: 0x60 bytes defined, 0x200 copied
static const u16 rom_reading_style_sea_pal[] = {
    0x2d24, 0x0000, 0x003f, 0x2d24, 0x0ffe, 0x2d24, 0x2d24, 0x2d24, 0x7fff, 0x2d24, 0x2d24, 0x2d24, 0x2d24, 0x2d24, 0x2d24, 0x2d24,
    0x21a5, 0x0000, 0x2d24, 0x2d24, 0x2d24, 0x2d24, 0x2d24, 0x2d24, 0x2d24, 0x2d24, 0x2d24, 0x2d24, 0x2d24, 0x2d24, 0x0ffe, 0x7fff,
    0x30cb, 0x0000, 0x2d24, 0x2d24, 0x2d24, 0x2d24, 0x2d24, 0x2d24, 0x2d24, 0x2d24, 0x2d24, 0x2d24, 0x2d24, 0x7f9c, 0x77bd, 0x7fff,
    0x0008, 0x00f0, 0x41d8, 0x2182, 0x00f0, 0x41e8, 0x215e, 0x00f0, 0x41f8, 0x2188, 0x00f0, 0x4008, 0x218a, 0x0000, 0x41e8, 0x2186,
    0x0000, 0x41f8, 0x2184, 0x0000, 0x4008, 0x2158, 0x0000, 0x4018, 0x215a, 0x000b, 0x40db, 0x01ea, 0x21d6, 0x40da, 0x0010, 0x21d4,
    0x00da, 0x0020, 0x21da, 0x40e5, 0xc1dc, 0x2008, 0x80e5, 0x801c, 0x208c, 0x80e5, 0x402c, 0x2097, 0x4005, 0x41dc, 0x2194, 0x4005,
    0x41fc, 0x2190, 0x4005, 0x001c, 0x21d8, 0x0005, 0x002c, 0x21db, 0x0001, 0x41cc, 0x215c, 0x0013, 0x40f2, 0x81cd, 0x210c, 0x40f2,
    0x81ed, 0x209c, 0x40f2, 0x800d, 0x20dc, 0x80f2, 0x002d, 0x218f, 0x4002, 0x41cd, 0x21c8, 0x4002, 0x41ed, 0x21bc, 0x4002, 0x400d,
    0x21b4, 0x0002, 0x002d, 0x21dd, 0x00ea, 0x41c9, 0x2156, 0x0000, 0x61db, 0x2156, 0x00e8, 0x71f0, 0x2156, 0x0000, 0x5006, 0x2156,
    0x00eb, 0x601e, 0x2156, 0x00ec, 0x4007, 0x2154, 0x00fa, 0x4019, 0x2154, 0x00fb, 0x41f1, 0x2154, 0x00f1, 0x41dd, 0x2154, 0x00fe,
    0x41c9, 0x2154, 0x00ff, 0x4026, 0x2156, 0x000d, 0x40f0, 0x81d3, 0x2110, 0x40f0, 0x81f3, 0x2148, 0x40f0, 0x8013, 0x2144, 0x80f0,
    0x0033, 0x218e, 0x4000, 0x41d3, 0x21b8, 0x4000, 0x41f3, 0x219c, 0x4000, 0x4013, 0x21b0, 0x0000, 0x0033, 0x21de, 0x00e0, 0x402c,
    0x2180, 0x0008, 0x41da, 0x2180, 0x0007, 0x4025, 0x2180, 0x00e5, 0x41d0, 0x2180, 0x00d8, 0xc1e8, 0x2000, 0x0002, 0x4006, 0x81e7,
    0x2104, 0x4006, 0x8007, 0x20d8, 0x0002, 0x4056, 0x81e8, 0x2104, 0x4056, 0x8008, 0x20d8, 0x0002, 0x00e3, 0x41c0, 0x2152, 0x80e3,
    0x01d0, 0x218d, 0x0007, 0x40f6, 0x81e0, 0x0108, 0x40f6, 0x8000, 0x0100, 0x4006, 0x41e0, 0x01c4, 0x4006, 0x4000, 0x01c0, 0x0006,
    0x41e0, 0x0150, 0x00ef, 0x81e0, 0x0018, 0x00ef, 0x9000, 0x0018, 0x0008, 0x80f0, 0x8190, 0x0092, 0x00f0, 0x81a0, 0x0014, 0x00f0,
};

// [0890b294] reading_style_train_pal: 0x60 bytes defined, 0x200 copied
static const u16 rom_reading_style_train_pal[] = {
    0x2d24, 0x0000, 0x003f, 0x2d24, 0x0ffe, 0x2d24, 0x2d24, 0x2d24, 0x7fff, 0x2d24, 0x2d24, 0x2d24, 0x2d24, 0x2d24, 0x2d24, 0x2d24,
    0x21a5, 0x0000, 0x2d24, 0x2d24, 0x2d24, 0x2d24, 0x2d24, 0x2d24, 0x2d24, 0x2d24, 0x2d24, 0x2d24, 0x2d24, 0x2d24, 0x0ffe, 0x7fff,
    0x30cb, 0x77bd, 0x2d24, 0x2d24, 0x2d24, 0x2d24, 0x2d24, 0x2d24, 0x2d24, 0x2d24, 0x2d24, 0x2d24, 0x77bd, 0x77bd, 0x7bde, 0x7fff,
    0x0002, 0x40fe, 0x0000, 0x1000, 0x00fe, 0x0010, 0x1009, 0x0002, 0x4007, 0x0000, 0x1002, 0x0007, 0x0010, 0x1008, 0xb2f4, 0x0890,
    0x0004, 0x0000, 0x0000, 0x0000, 0x0000, 0x0000, 0xb302, 0x0890, 0x0004, 0x0000, 0x0000, 0x0000, 0x0000, 0x0000, 0x2d24, 0x0000,
    0x003f, 0x2d24, 0x0ffe, 0x739f, 0x6f7e, 0x67bb, 0x7fff, 0x73fe, 0x2d24, 0x2d24, 0x2d24, 0x2d24, 0x2d24, 0x2d24, 0x21a5, 0x0000,
    0x2d24, 0x2d24, 0x2d24, 0x2d24, 0x2d24, 0x2d24, 0x2d24, 0x2d24, 0x2d24, 0x2d24, 0x2d24, 0x2d24, 0x0ffe, 0x7fff, 0x30cb, 0x0000,
    0x2d24, 0x2d24, 0x2d24, 0x2d24, 0x2d24, 0x2d24, 0x2d24, 0x2d24, 0x2d24, 0x2d24, 0x2d24, 0x6bfb, 0x63b9, 0x7fff, 0x2d24, 0x0000,
    0x003f, 0x2d24, 0x0ffe, 0x2d24, 0x2d24, 0x2d24, 0x7fff, 0x2d24, 0x2d24, 0x2d24, 0x2d24, 0x2d24, 0x2d24, 0x2d24, 0x21a5, 0x0000,
    0x2d24, 0x2d24, 0x2d24, 0x2d24, 0x2d24, 0x2d24, 0x2d24, 0x2d24, 0x2d24, 0x2d24, 0x2d24, 0x2d24, 0x0ffe, 0x7fff, 0x30cb, 0x0000,
    0x2d24, 0x2d24, 0x2d24, 0x2d24, 0x2d24, 0x2d24, 0x2d24, 0x2d24, 0x2d24, 0x2d24, 0x2d24, 0x7f9c, 0x77bd, 0x7fff, 0x0008, 0x00f0,
    0x41d8, 0x2182, 0x00f0, 0x41e8, 0x215e, 0x00f0, 0x41f8, 0x2188, 0x00f0, 0x4008, 0x218a, 0x0000, 0x41e8, 0x2186, 0x0000, 0x41f8,
    0x2184, 0x0000, 0x4008, 0x2158, 0x0000, 0x4018, 0x215a, 0x000b, 0x40db, 0x01ea, 0x21d6, 0x40da, 0x0010, 0x21d4, 0x00da, 0x0020,
    0x21da, 0x40e5, 0xc1dc, 0x2008, 0x80e5, 0x801c, 0x208c, 0x80e5, 0x402c, 0x2097, 0x4005, 0x41dc, 0x2194, 0x4005, 0x41fc, 0x2190,
    0x4005, 0x001c, 0x21d8, 0x0005, 0x002c, 0x21db, 0x0001, 0x41cc, 0x215c, 0x0013, 0x40f2, 0x81cd, 0x210c, 0x40f2, 0x81ed, 0x209c,
    0x40f2, 0x800d, 0x20dc, 0x80f2, 0x002d, 0x218f, 0x4002, 0x41cd, 0x21c8, 0x4002, 0x41ed, 0x21bc, 0x4002, 0x400d, 0x21b4, 0x0002,
};

// [088b1830] remix_1_prologue_bg_pal: 0x120 bytes defined, 0x140 copied
static const u16 rom_remix_1_prologue_bg_pal[] = {
    0x16e0, 0x14aa, 0x2548, 0x14b9, 0x6545, 0x2e4b, 0x1f45, 0x26f5, 0x1759, 0x0000, 0x0000, 0x0000, 0x0000, 0x0000, 0x0000, 0x0000,
    0x0000, 0x642b, 0x141d, 0x283a, 0x001f, 0x3c37, 0x5455, 0x6852, 0x7c70, 0x00bf, 0x015f, 0x01bf, 0x021f, 0x02bf, 0x035f, 0x039d,
    0x0000, 0x0000, 0x0000, 0x0000, 0x0000, 0x0000, 0x0000, 0x0000, 0x0000, 0x0000, 0x0000, 0x0000, 0x0000, 0x0000, 0x0000, 0x0000,
    0x0000, 0x0000, 0x0000, 0x0000, 0x0000, 0x0000, 0x0000, 0x0000, 0x0000, 0x0000, 0x0000, 0x0000, 0x0000, 0x0000, 0x0000, 0x0000,
    0x0000, 0x0000, 0x0000, 0x021f, 0x023f, 0x025f, 0x027f, 0x02bf, 0x02df, 0x02ff, 0x037f, 0x03bf, 0x03bf, 0x03df, 0x03ff, 0x03ff,
    0x0000, 0x0000, 0x0000, 0x0000, 0x0000, 0x0000, 0x0000, 0x0000, 0x0000, 0x0000, 0x0000, 0x0000, 0x0000, 0x0000, 0x0000, 0x0000,
    0x0000, 0x0000, 0x0000, 0x021f, 0x023f, 0x027f, 0x029f, 0x02bf, 0x02df, 0x031f, 0x033f, 0x035f, 0x039f, 0x03bf, 0x03df, 0x03ff,
    0x0000, 0x0000, 0x0000, 0x0000, 0x0000, 0x0000, 0x0000, 0x0000, 0x0000, 0x0000, 0x0000, 0x0000, 0x0000, 0x0000, 0x0000, 0x0000,
    0x0000, 0x0000, 0x0000, 0x001f, 0x081d, 0x141a, 0x1c18, 0x2815, 0x3412, 0x3c10, 0x480d, 0x540a, 0x5c08, 0x6805, 0x7402, 0x7c00,
    0x0001, 0x00fc, 0x01fc, 0x009f, 0x0007, 0x0098, 0x81a1, 0x0010, 0x40b8, 0x41a1, 0x00cd, 0x00a0, 0x81c1, 0x000c, 0x80a0, 0x81e1,
};

// [088b1810] remix_1_prologue_obj_pal: 0x20 bytes defined, 0x140 copied
static const u16 rom_remix_1_prologue_obj_pal[] = {
    0x16e0, 0x14aa, 0x2548, 0x14b9, 0x6545, 0x2e4b, 0x1f45, 0x26f5, 0x1759, 0x56b5, 0x6318, 0x6f7b, 0x7bde, 0x0000, 0x7fff, 0x0000,
    0x16e0, 0x14aa, 0x2548, 0x14b9, 0x6545, 0x2e4b, 0x1f45, 0x26f5, 0x1759, 0x0000, 0x0000, 0x0000, 0x0000, 0x0000, 0x0000, 0x0000,
    0x0000, 0x642b, 0x141d, 0x283a, 0x001f, 0x3c37, 0x5455, 0x6852, 0x7c70, 0x00bf, 0x015f, 0x01bf, 0x021f, 0x02bf, 0x035f, 0x039d,
    0x0000, 0x0000, 0x0000, 0x0000, 0x0000, 0x0000, 0x0000, 0x0000, 0x0000, 0x0000, 0x0000, 0x0000, 0x0000, 0x0000, 0x0000, 0x0000,
    0x0000, 0x0000, 0x0000, 0x0000, 0x0000, 0x0000, 0x0000, 0x0000, 0x0000, 0x0000, 0x0000, 0x0000, 0x0000, 0x0000, 0x0000, 0x0000,
    0x0000, 0x0000, 0x0000, 0x021f, 0x023f, 0x025f, 0x027f, 0x02bf, 0x02df, 0x02ff, 0x037f, 0x03bf, 0x03bf, 0x03df, 0x03ff, 0x03ff,
    0x0000, 0x0000, 0x0000, 0x0000, 0x0000, 0x0000, 0x0000, 0x0000, 0x0000, 0x0000, 0x0000, 0x0000, 0x0000, 0x0000, 0x0000, 0x0000,
    0x0000, 0x0000, 0x0000, 0x021f, 0x023f, 0x027f, 0x029f, 0x02bf, 0x02df, 0x031f, 0x033f, 0x035f, 0x039f, 0x03bf, 0x03df, 0x03ff,
    0x0000, 0x0000, 0x0000, 0x0000, 0x0000, 0x0000, 0x0000, 0x0000, 0x0000, 0x0000, 0x0000, 0x0000, 0x0000, 0x0000, 0x0000, 0x0000,
    0x0000, 0x0000, 0x0000, 0x001f, 0x081d, 0x141a, 0x1c18, 0x2815, 0x3412, 0x3c10, 0x480d, 0x540a, 0x5c08, 0x6805, 0x7402, 0x7c00,
};

// [088b1cdc] remix_2_prologue_pal: 0x40 bytes defined, 0x140 copied
static const u16 rom_remix_2_prologue_pal[] = {
    0x16e0, 0x14aa, 0x2548, 0x14b9, 0x6545, 0x2e4b, 0x1f45, 0x26f5, 0x1759, 0x0295, 0x02f7, 0x033a, 0x03bd, 0x0000, 0x03ff, 0x0000,
    0x0000, 0x5760, 0x5700, 0x56a1, 0x5661, 0x5602, 0x55c3, 0x5163, 0x5104, 0x50c5, 0x4163, 0x3222, 0x22e1, 0x1f20, 0x1760, 0x13a0,
    0x0001, 0x00fc, 0x01fc, 0x009d, 0x0006, 0x4088, 0x4048, 0x00c3, 0x8088, 0x8068, 0x001e, 0x80a8, 0x4070, 0x0080, 0x4098, 0xc1a9,
    0x0000, 0x40b8, 0x41a9, 0x00cf, 0x40b8, 0x41c9, 0x00cb, 0x000d, 0x00cf, 0x81b1, 0x0014, 0x40ef, 0x81b1, 0x0083, 0x4088, 0x4048,
    0x00c3, 0x4088, 0x4028, 0x00c3, 0x4088, 0x4008, 0x00c3, 0x4088, 0x41e8, 0x00c3, 0x4088, 0x41c8, 0x00c3, 0x8088, 0x8068, 0x001e,
    0x4088, 0x01b8, 0x00c3, 0x80a8, 0x4070, 0x0080, 0x4098, 0xc1a9, 0x0000, 0x40b8, 0x41a9, 0x00cf, 0x40b8, 0x41c9, 0x00cb, 0x0012,
    0x00cf, 0x81b1, 0x0014, 0x40ef, 0x81b1, 0x0083, 0x00cf, 0x81d3, 0x0008, 0x40ef, 0x81d3, 0x0087, 0x4088, 0x4048, 0x00c3, 0x4088,
    0x4028, 0x00c3, 0x4088, 0x4008, 0x00c3, 0x4088, 0x41e8, 0x00c3, 0x4088, 0x41c8, 0x00c3, 0x8088, 0x8068, 0x001e, 0x4088, 0x8198,
    0x0097, 0x4088, 0x01b8, 0x00c3, 0x80a8, 0x4070, 0x0080, 0x8098, 0x4198, 0x0080, 0x80b8, 0x4198, 0x0080, 0x4098, 0xc1a9, 0x0000,
    0x40b8, 0x41a9, 0x00cf, 0x40b8, 0x41c9, 0x00cb, 0x0018, 0x00cf, 0x81b1, 0x0014, 0x40ef, 0x81b1, 0x0083, 0x00cf, 0x81d3, 0x0008,
};

// [088b2084] remix_3_prologue_pal: 0x40 bytes defined, 0x140 copied
static const u16 rom_remix_3_prologue_pal[] = {
    0x16e0, 0x14aa, 0x2548, 0x14b9, 0x6545, 0x2e4b, 0x1f45, 0x3164, 0x3dc2, 0x2940, 0x3160, 0x3de0, 0x4a20, 0x0000, 0x5260, 0x0000,
    0x0000, 0x089a, 0x10fd, 0x159f, 0x1dbe, 0x0ddf, 0x25ff, 0x121f, 0x1e3f, 0x0e7f, 0x169f, 0x16df, 0x16ff, 0x1b3f, 0x1b7f, 0x23bf,
    0x0001, 0x00fc, 0x01fc, 0x009d, 0x0006, 0x4088, 0x4048, 0x00c3, 0x8088, 0x8068, 0x001e, 0x80a8, 0x4070, 0x0080, 0x4098, 0xc1a9,
    0x0000, 0x40b8, 0x41a9, 0x00cf, 0x40b8, 0x41c9, 0x00cb, 0x000d, 0x00cf, 0x81b1, 0x0014, 0x40ef, 0x81b1, 0x0083, 0x4088, 0x4048,
    0x00c3, 0x4088, 0x4028, 0x00c3, 0x4088, 0x4008, 0x00c3, 0x4088, 0x41e8, 0x00c3, 0x4088, 0x41c8, 0x00c3, 0x8088, 0x8068, 0x001e,
    0x4088, 0x01b8, 0x00c3, 0x80a8, 0x4070, 0x0080, 0x4098, 0xc1a9, 0x0000, 0x40b8, 0x41a9, 0x00cf, 0x40b8, 0x41c9, 0x00cb, 0x0012,
    0x00cf, 0x81b1, 0x0014, 0x40ef, 0x81b1, 0x0083, 0x00cf, 0x81d3, 0x0008, 0x40ef, 0x81d3, 0x0087, 0x4088, 0x4048, 0x00c3, 0x4088,
    0x4028, 0x00c3, 0x4088, 0x4008, 0x00c3, 0x4088, 0x41e8, 0x00c3, 0x4088, 0x41c8, 0x00c3, 0x8088, 0x8068, 0x001e, 0x4088, 0x8198,
    0x0097, 0x4088, 0x01b8, 0x00c3, 0x80a8, 0x4070, 0x0080, 0x8098, 0x4198, 0x0080, 0x80b8, 0x4198, 0x0080, 0x4098, 0xc1a9, 0x0000,
    0x40b8, 0x41a9, 0x00cf, 0x40b8, 0x41c9, 0x00cb, 0x0018, 0x00cf, 0x81b1, 0x0014, 0x40ef, 0x81b1, 0x0083, 0x00cf, 0x81d3, 0x0008,
};

// [088b242c] remix_4_prologue_pal: 0xa0 bytes defined, 0x140 copied
static const u16 rom_remix_4_prologue_pal[] = {
    0x16e0, 0x14aa, 0x0000, 0x0000, 0x0000, 0x0000, 0x0000, 0x3f35, 0x4399, 0x36f4, 0x3b35, 0x4399, 0x4bfc, 0x1da8, 0x4bfc, 0x0000,
    0x0000, 0x1c33, 0x2850, 0x306e, 0x408d, 0x48aa, 0x4ca6, 0x54e4, 0x5944, 0x6143, 0x65c3, 0x6a22, 0x7282, 0x76e0, 0x7b00, 0x7721,
    0x0000, 0x0000, 0x0000, 0x0000, 0x0000, 0x0000, 0x0000, 0x0000, 0x0000, 0x0000, 0x0000, 0x0000, 0x0000, 0x0000, 0x0000, 0x0000,
    0x0000, 0x0000, 0x0000, 0x0000, 0x0000, 0x0000, 0x0000, 0x0000, 0x0000, 0x0000, 0x0000, 0x0000, 0x0000, 0x0000, 0x0000, 0x0000,
    0x0000, 0x4d41, 0x4182, 0x39c3, 0x2e04, 0x2245, 0x1666, 0x12aa, 0x12cd, 0x0f0f, 0x0f33, 0x0b55, 0x0b97, 0x07bb, 0x03dd, 0x03ff,
    0x0001, 0x00fc, 0x01fc, 0x009d, 0x0006, 0x4088, 0x4048, 0x00c3, 0x8088, 0x8068, 0x001e, 0x80a8, 0x4070, 0x0080, 0x4098, 0xc1a9,
    0x0000, 0x40b8, 0x41a9, 0x00cf, 0x40b8, 0x41c9, 0x00cb, 0x000d, 0x00cf, 0x81b1, 0x0014, 0x40ef, 0x81b1, 0x0083, 0x4088, 0x4048,
    0x00c3, 0x4088, 0x4028, 0x00c3, 0x4088, 0x4008, 0x00c3, 0x4088, 0x41e8, 0x00c3, 0x4088, 0x41c8, 0x00c3, 0x8088, 0x8068, 0x001e,
    0x4088, 0x01b8, 0x00c3, 0x80a8, 0x4070, 0x0080, 0x4098, 0xc1a9, 0x0000, 0x40b8, 0x41a9, 0x00cf, 0x40b8, 0x41c9, 0x00cb, 0x0012,
    0x00cf, 0x81b1, 0x0014, 0x40ef, 0x81b1, 0x0083, 0x00cf, 0x81d3, 0x0008, 0x40ef, 0x81d3, 0x0087, 0x4088, 0x4048, 0x00c3, 0x4088,
};

// [088b2834] remix_5_prologue_pal: 0x40 bytes defined, 0x140 copied
static const u16 rom_remix_5_prologue_pal[] = {
    0x16e0, 0x14aa, 0x0000, 0x0000, 0x0000, 0x0000, 0x0000, 0x5b2f, 0x5f90, 0x4eed, 0x5b4e, 0x5f90, 0x6bf2, 0x3587, 0x6bf2, 0x0000,
    0x0000, 0x6c14, 0x6c16, 0x7017, 0x7418, 0x7419, 0x701b, 0x701d, 0x641e, 0x505f, 0x507e, 0x38ff, 0x551c, 0x3d5e, 0x363f, 0x235f,
    0x0001, 0x00fc, 0x01fc, 0x009d, 0x0006, 0x4088, 0x4048, 0x00c3, 0x8088, 0x8068, 0x001e, 0x80a8, 0x4070, 0x0080, 0x4098, 0xc1a9,
    0x0000, 0x40b8, 0x41a9, 0x00cf, 0x40b8, 0x41c9, 0x00cb, 0x000d, 0x00cf, 0x81b1, 0x0014, 0x40ef, 0x81b1, 0x0083, 0x4088, 0x4048,
    0x00c3, 0x4088, 0x4028, 0x00c3, 0x4088, 0x4008, 0x00c3, 0x4088, 0x41e8, 0x00c3, 0x4088, 0x41c8, 0x00c3, 0x8088, 0x8068, 0x001e,
    0x4088, 0x01b8, 0x00c3, 0x80a8, 0x4070, 0x0080, 0x4098, 0xc1a9, 0x0000, 0x40b8, 0x41a9, 0x00cf, 0x40b8, 0x41c9, 0x00cb, 0x0012,
    0x00cf, 0x81b1, 0x0014, 0x40ef, 0x81b1, 0x0083, 0x00cf, 0x81d3, 0x0008, 0x40ef, 0x81d3, 0x0087, 0x4088, 0x4048, 0x00c3, 0x4088,
    0x4028, 0x00c3, 0x4088, 0x4008, 0x00c3, 0x4088, 0x41e8, 0x00c3, 0x4088, 0x41c8, 0x00c3, 0x8088, 0x8068, 0x001e, 0x4088, 0x8198,
    0x0097, 0x4088, 0x01b8, 0x00c3, 0x80a8, 0x4070, 0x0080, 0x8098, 0x4198, 0x0080, 0x80b8, 0x4198, 0x0080, 0x4098, 0xc1a9, 0x0000,
    0x40b8, 0x41a9, 0x00cf, 0x40b8, 0x41c9, 0x00cb, 0x0018, 0x00cf, 0x81b1, 0x0014, 0x40ef, 0x81b1, 0x0083, 0x00cf, 0x81d3, 0x0008,
};

// [088b2bdc] remix_6_prologue_pal: 0x40 bytes defined, 0x140 copied
static const u16 rom_remix_6_prologue_pal[] = {
    0x16e0, 0x14aa, 0x0000, 0x0000, 0x0000, 0x0000, 0x0000, 0x4c00, 0x5840, 0x4420, 0x5000, 0x5840, 0x6460, 0x1c03, 0x6460, 0x0000,
    0x0000, 0x03fe, 0x0bdc, 0x13da, 0x1bb8, 0x23b6, 0x2fb3, 0x3791, 0x3f8f, 0x476d, 0x4f6b, 0x5b68, 0x6346, 0x6b44, 0x7342, 0x7f20,
    0x0001, 0x00fc, 0x01fc, 0x309d, 0x0006, 0x4088, 0x4048, 0x30c3, 0x8088, 0x8068, 0x301e, 0x80a8, 0x4070, 0x3080, 0x4098, 0xc1a9,
    0x3000, 0x40b8, 0x41a9, 0x30cf, 0x40b8, 0x41c9, 0x30cb, 0x000d, 0x00cf, 0x81b1, 0x3014, 0x40ef, 0x81b1, 0x3083, 0x4088, 0x4048,
    0x30c3, 0x4088, 0x4028, 0x30c3, 0x4088, 0x4008, 0x30c3, 0x4088, 0x41e8, 0x30c3, 0x4088, 0x41c8, 0x30c3, 0x8088, 0x8068, 0x301e,
    0x4088, 0x01b8, 0x30c3, 0x80a8, 0x4070, 0x3080, 0x4098, 0xc1a9, 0x3000, 0x40b8, 0x41a9, 0x30cf, 0x40b8, 0x41c9, 0x30cb, 0x0012,
    0x00cf, 0x81b1, 0x3014, 0x40ef, 0x81b1, 0x3083, 0x00cf, 0x81d3, 0x3008, 0x40ef, 0x81d3, 0x3087, 0x4088, 0x4048, 0x30c3, 0x4088,
    0x4028, 0x30c3, 0x4088, 0x4008, 0x30c3, 0x4088, 0x41e8, 0x30c3, 0x4088, 0x41c8, 0x30c3, 0x8088, 0x8068, 0x301e, 0x4088, 0x8198,
    0x3097, 0x4088, 0x01b8, 0x30c3, 0x80a8, 0x4070, 0x3080, 0x8098, 0x4198, 0x3080, 0x80b8, 0x4198, 0x3080, 0x4098, 0xc1a9, 0x3000,
    0x40b8, 0x41a9, 0x30cf, 0x40b8, 0x41c9, 0x30cb, 0x0018, 0x00cf, 0x81b1, 0x3014, 0x40ef, 0x81b1, 0x3083, 0x00cf, 0x81d3, 0x3008,
};

// [088b2f84] remix_7_prologue_pal: 0x80 bytes defined, 0x140 copied
static const u16 rom_remix_7_prologue_pal[] = {
    0x0000, 0x439b, 0x2b9a, 0x1b9a, 0x077a, 0x02fb, 0x02bb, 0x021a, 0x1a7f, 0x1adf, 0x1b7f, 0x1bdf, 0x1bff, 0x33ff, 0x4bff, 0x67ff,
    0x0000, 0x439b, 0x2b9a, 0x1b9a, 0x077a, 0x02fb, 0x02bb, 0x021a, 0x1a7f, 0x1adf, 0x1b7f, 0x1bdf, 0x1bff, 0x33ff, 0x4bff, 0x67ff,
    0x0000, 0x3391, 0x2f53, 0x2b35, 0x2b17, 0x26f9, 0x22db, 0x1e9c, 0x1a7f, 0x1aff, 0x1b9f, 0x1bff, 0x1bff, 0x33ff, 0x4bff, 0x67ff,
    0x16e0, 0x14aa, 0x0000, 0x0000, 0x0000, 0x0000, 0x0000, 0x00c0, 0x0100, 0x0140, 0x01a0, 0x01e0, 0x0240, 0x0000, 0x0280, 0x0000,
    0x0001, 0x00fc, 0x01fc, 0x009d, 0x0006, 0x4088, 0x4048, 0x30c3, 0x8088, 0x8068, 0x301e, 0x80a8, 0x4070, 0x3080, 0x4098, 0xc1a9,
    0x3000, 0x40b8, 0x41a9, 0x30cf, 0x40b8, 0x41c9, 0x30cb, 0x000d, 0x00cf, 0x81b1, 0x3014, 0x40ef, 0x81b1, 0x3083, 0x4088, 0x4048,
    0x30c3, 0x4088, 0x4028, 0x30c3, 0x4088, 0x4008, 0x30c3, 0x4088, 0x41e8, 0x30c3, 0x4088, 0x41c8, 0x30c3, 0x8088, 0x8068, 0x301e,
    0x4088, 0x01b8, 0x30c3, 0x80a8, 0x4070, 0x3080, 0x4098, 0xc1a9, 0x3000, 0x40b8, 0x41a9, 0x30cf, 0x40b8, 0x41c9, 0x30cb, 0x0012,
    0x00cf, 0x81b1, 0x3014, 0x40ef, 0x81b1, 0x3083, 0x00cf, 0x81d3, 0x3008, 0x40ef, 0x81d3, 0x3087, 0x4088, 0x4048, 0x30c3, 0x4088,
    0x4028, 0x30c3, 0x4088, 0x4008, 0x30c3, 0x4088, 0x41e8, 0x30c3, 0x4088, 0x41c8, 0x30c3, 0x8088, 0x8068, 0x301e, 0x4088, 0x8198,
};

// [088b336c] remix_8_prologue_pal: 0xa0 bytes defined, 0x140 copied
static const u16 rom_remix_8_prologue_pal[] = {
    0x0000, 0x5b40, 0x5f42, 0x6765, 0x6b88, 0x6f8b, 0x77ad, 0x7bd0, 0x7ff3, 0x6bee, 0x6ff1, 0x73f5, 0x77f8, 0x7bfc, 0x7fff, 0x7ffd,
    0x0000, 0x01ff, 0x0e5f, 0x1a9f, 0x22df, 0x2eff, 0x331f, 0x3f5f, 0x4f7f, 0x379f, 0x0fff, 0x4fbf, 0x57df, 0x63df, 0x73ff, 0x7fff,
    0x0000, 0x01ff, 0x0e5f, 0x1a9f, 0x22df, 0x2eff, 0x331f, 0x3f5f, 0x4f7f, 0x379f, 0x4fbf, 0x57df, 0x63df, 0x73ff, 0x7fff, 0x0fff,
    0x0000, 0x4c1f, 0x4c7f, 0x50df, 0x4d1f, 0x557f, 0x559f, 0x59ff, 0x627f, 0x309a, 0x38ba, 0x40fb, 0x491c, 0x513d, 0x557e, 0x5d9f,
    0x0000, 0x0000, 0x0000, 0x0000, 0x0000, 0x0000, 0x0000, 0x0000, 0x0000, 0x01f9, 0x0000, 0x0000, 0x0000, 0x0000, 0x0000, 0x0000,
    0x0001, 0x00fc, 0x01fc, 0x0091, 0x0002, 0x40e0, 0xc000, 0x1008, 0x00e0, 0x8040, 0x1018, 0x0003, 0x40b3, 0xc050, 0x0000, 0x40d3,
    0x8050, 0x008c, 0x40d3, 0x8070, 0x0088, 0x0006, 0x40c8, 0xc01a, 0x0000, 0x40e8, 0x801a, 0x008c, 0x40e8, 0x803a, 0x0088, 0x40b3,
    0xc050, 0x0000, 0x40d3, 0x8050, 0x008c, 0x40d3, 0x8070, 0x0088, 0x0009, 0x40e5, 0xc1e5, 0x0000, 0x4005, 0x81e5, 0x008c, 0x4005,
    0x8005, 0x0088, 0x40c8, 0xc01a, 0x0000, 0x40e8, 0x801a, 0x008c, 0x40e8, 0x803a, 0x0088, 0x40b3, 0xc050, 0x0000, 0x40d3, 0x8050,
    0x008c, 0x40d3, 0x8070, 0x0088, 0x000c, 0x40e5, 0xc1e5, 0x0000, 0x4005, 0x81e5, 0x008c, 0x4005, 0x8005, 0x0088, 0x40c8, 0xc01a,
};

// [088e8c38] rhythm_tweezers_2_pal: 0xc0 bytes defined, 0x140 copied
static const u16 rom_rhythm_tweezers_2_pal[] = {
    0x037f, 0x4f5f, 0x1df6, 0x5ad7, 0x6b5b, 0x14df, 0x0c73, 0x6a3f, 0x7e4d, 0x0bff, 0x06a0, 0x0fe0, 0x7fa0, 0x001f, 0x7fff, 0x1800,
    0x318d, 0x0000, 0x4a53, 0x318d, 0x5419, 0x6c5f, 0x62e0, 0x7fc4, 0x0230, 0x0bff, 0x0b40, 0x0fe0, 0x001b, 0x001f, 0x7fff, 0x0000,
    0x7ee0, 0x2727, 0x1284, 0x47b1, 0x0000, 0x3bf0, 0x0c73, 0x63fd, 0x1f69, 0x0bff, 0x06a0, 0x0fe0, 0x001b, 0x001f, 0x7fff, 0x0000,
    0x037f, 0x0000, 0x667a, 0x771f, 0x5dd5, 0x7fff, 0x4570, 0x6a3f, 0x2108, 0x39ce, 0x6318, 0x0000, 0x3254, 0x7b1b, 0x7fff, 0x0000,
    0x0000, 0x0000, 0x0000, 0x0000, 0x0000, 0x0000, 0x0000, 0x0000, 0x0110, 0x01b4, 0x0278, 0x0000, 0x0000, 0x0000, 0x7fff, 0x0000,
    0x0000, 0x0000, 0x0000, 0x0000, 0x0000, 0x0000, 0x0000, 0x0000, 0x0000, 0x0000, 0x0000, 0x0000, 0x0000, 0x0000, 0x3b1f, 0x0000,
    0x0001, 0x8000, 0x01fc, 0x90ce, 0x0001, 0x8000, 0x01fc, 0x90cd, 0x0001, 0x8000, 0x01fc, 0x90d0, 0x0001, 0x0000, 0x01fc, 0x9122,
    0x0001, 0x0000, 0x01fc, 0x9123, 0x0001, 0x00fe, 0x01fc, 0x9120, 0x0001, 0x00fe, 0x01fc, 0x9121, 0x0001, 0x00fe, 0x01fc, 0x9126,
    0x0001, 0x00f8, 0x41f8, 0x9099, 0x0001, 0x00f8, 0x41f8, 0x0091, 0x0001, 0x00f8, 0x41f8, 0x1091, 0x0001, 0x00f8, 0x41f8, 0x2091,
    0x0001, 0x00f8, 0x41f8, 0x3091, 0x0001, 0x00f8, 0x41f8, 0x4091, 0x0001, 0x00f8, 0x41f8, 0x5091, 0x0001, 0x00f8, 0x41f8, 0x6091,
};

// [088e8b78] rhythm_tweezers_pal: 0xc0 bytes defined, 0x140 copied
static const u16 rom_rhythm_tweezers_pal[] = {
    0x037f, 0x4f5f, 0x1df6, 0x5ad7, 0x6b5b, 0x14df, 0x0c73, 0x6a3f, 0x7e4d, 0x0bff, 0x06a0, 0x0fe0, 0x7fa0, 0x001f, 0x7fff, 0x1800,
    0x318d, 0x0000, 0x4a53, 0x318d, 0x5419, 0x6c5f, 0x62e0, 0x7fc4, 0x0230, 0x0bff, 0x0b40, 0x0fe0, 0x001b, 0x001f, 0x7fff, 0x0000,
    0x7ee0, 0x3596, 0x3174, 0x41d9, 0x0000, 0x59da, 0x0c73, 0x6a3f, 0x45fb, 0x0bff, 0x06a0, 0x0fe0, 0x001b, 0x001f, 0x7fff, 0x0000,
    0x037f, 0x0000, 0x26fa, 0x379f, 0x0277, 0x7fff, 0x012d, 0x6a3f, 0x0110, 0x01b4, 0x337f, 0x0000, 0x3254, 0x6fff, 0x7fff, 0x0000,
    0x0000, 0x0000, 0x0000, 0x0000, 0x0000, 0x0000, 0x0000, 0x0000, 0x0110, 0x01b4, 0x0278, 0x0000, 0x0000, 0x0000, 0x7bde, 0x0000,
    0x0000, 0x0000, 0x0000, 0x0000, 0x0000, 0x0000, 0x0000, 0x0000, 0x0000, 0x0000, 0x0000, 0x0000, 0x0000, 0x0000, 0x3b1f, 0x0000,
    0x037f, 0x4f5f, 0x1df6, 0x5ad7, 0x6b5b, 0x14df, 0x0c73, 0x6a3f, 0x7e4d, 0x0bff, 0x06a0, 0x0fe0, 0x7fa0, 0x001f, 0x7fff, 0x1800,
    0x318d, 0x0000, 0x4a53, 0x318d, 0x5419, 0x6c5f, 0x62e0, 0x7fc4, 0x0230, 0x0bff, 0x0b40, 0x0fe0, 0x001b, 0x001f, 0x7fff, 0x0000,
    0x7ee0, 0x2727, 0x1284, 0x47b1, 0x0000, 0x3bf0, 0x0c73, 0x63fd, 0x1f69, 0x0bff, 0x06a0, 0x0fe0, 0x001b, 0x001f, 0x7fff, 0x0000,
    0x037f, 0x0000, 0x667a, 0x771f, 0x5dd5, 0x7fff, 0x4570, 0x6a3f, 0x2108, 0x39ce, 0x6318, 0x0000, 0x3254, 0x7b1b, 0x7fff, 0x0000,
};

// [088af784] rhythm_tweezers_prologue_bg_pal: 0x20 bytes defined, 0x140 copied
static const u16 rom_rhythm_tweezers_prologue_bg_pal[] = {
    0x05bf, 0x7f8d, 0x5623, 0x72e4, 0x1f1d, 0x7fff, 0x739c, 0x235f, 0x0000, 0x0000, 0x0000, 0x0000, 0x0000, 0x0000, 0x0000, 0x0000,
    0x0001, 0x00fc, 0x01fc, 0x0010, 0x0001, 0x0000, 0xc18e, 0x1010, 0x0002, 0x0000, 0xc18e, 0x1010, 0x0000, 0xc030, 0x1000, 0x0001,
    0x80c0, 0xc000, 0x1008, 0x0001, 0x00c0, 0xc000, 0x1008, 0x0000, 0xf7ac, 0x088a, 0x0014, 0x0000, 0xf7b4, 0x088a, 0x003c, 0x0000,
    0xf7a4, 0x088a, 0x0014, 0x0000, 0x0000, 0x0000, 0x0000, 0x0000, 0xf7c2, 0x088a, 0x0014, 0x0000, 0xf7ca, 0x088a, 0x003c, 0x0000,
    0xf7a4, 0x088a, 0x0014, 0x0000, 0x0000, 0x0000, 0x0000, 0x0000, 0x0240, 0x0444, 0x2000, 0x3c63, 0x5cc6, 0x3dad, 0x2273, 0x075a,
    0x018f, 0x0254, 0x0000, 0x0000, 0x0000, 0x0000, 0x0000, 0x7fff, 0x01e0, 0x0444, 0x00c9, 0x018f, 0x0254, 0x075a, 0x0bff, 0x18ce,
    0x1755, 0x4e3a, 0x1755, 0x1755, 0x6b5e, 0x1755, 0x1755, 0x7fff, 0x0180, 0x0444, 0x1755, 0x1755, 0x1755, 0x1c9a, 0x1454, 0x2d79,
    0x45fe, 0x527f, 0x62df, 0x6f9f, 0x739f, 0x3df5, 0x6699, 0x77bf, 0x0240, 0x0444, 0x1755, 0x1755, 0x1755, 0x04a4, 0x08e5, 0x0d27,
    0x01cb, 0x0631, 0x0ab4, 0x0af8, 0x0f5a, 0x13dd, 0x33ff, 0x4fff, 0x0240, 0x0000, 0x0000, 0x0000, 0x0000, 0x0000, 0x0000, 0x0000,
    0x0000, 0x0000, 0x0000, 0x0000, 0x0000, 0x0000, 0x0000, 0x0000, 0x0240, 0x0000, 0x0000, 0x0000, 0x0000, 0x0000, 0x0000, 0x0000,
};

// [088af6e4] rhythm_tweezers_prologue_obj_pal: 0xa0 bytes defined, 0x140 copied
static const u16 rom_rhythm_tweezers_prologue_obj_pal[] = {
    0x7c86, 0x0000, 0x0000, 0x0000, 0x0000, 0x0000, 0x0000, 0x0000, 0x0000, 0x0000, 0x0000, 0x0000, 0x0000, 0x0000, 0x0000, 0x0000,
    0x7c86, 0x0000, 0x0000, 0x0000, 0x0000, 0x0000, 0x0000, 0x0000, 0x0000, 0x0000, 0x0000, 0x0000, 0x0000, 0x0000, 0x0000, 0x1ce7,
    0x7c86, 0x0000, 0x0000, 0x0000, 0x0000, 0x0000, 0x0000, 0x0000, 0x0000, 0x0000, 0x0000, 0x0000, 0x0000, 0x0000, 0x0000, 0x3def,
    0x7c86, 0x0000, 0x0000, 0x0000, 0x0000, 0x0000, 0x0000, 0x0000, 0x0000, 0x0000, 0x0000, 0x0000, 0x0000, 0x0000, 0x0000, 0x5ef7,
    0x7c86, 0x0000, 0x0000, 0x0000, 0x0000, 0x0000, 0x0000, 0x0000, 0x0000, 0x0000, 0x0000, 0x0000, 0x0000, 0x0000, 0x0000, 0x7fff,
    0x05bf, 0x7f8d, 0x5623, 0x72e4, 0x1f1d, 0x7fff, 0x739c, 0x235f, 0x0000, 0x0000, 0x0000, 0x0000, 0x0000, 0x0000, 0x0000, 0x0000,
    0x0001, 0x00fc, 0x01fc, 0x0010, 0x0001, 0x0000, 0xc18e, 0x1010, 0x0002, 0x0000, 0xc18e, 0x1010, 0x0000, 0xc030, 0x1000, 0x0001,
    0x80c0, 0xc000, 0x1008, 0x0001, 0x00c0, 0xc000, 0x1008, 0x0000, 0xf7ac, 0x088a, 0x0014, 0x0000, 0xf7b4, 0x088a, 0x003c, 0x0000,
    0xf7a4, 0x088a, 0x0014, 0x0000, 0x0000, 0x0000, 0x0000, 0x0000, 0xf7c2, 0x088a, 0x0014, 0x0000, 0xf7ca, 0x088a, 0x003c, 0x0000,
    0xf7a4, 0x088a, 0x0014, 0x0000, 0x0000, 0x0000, 0x0000, 0x0000, 0x0240, 0x0444, 0x2000, 0x3c63, 0x5cc6, 0x3dad, 0x2273, 0x075a,
};

// [088b0018] samurai_slice_prologue_pal: 0x40 bytes defined, 0x140 copied
static const u16 rom_samurai_slice_prologue_pal[] = {
    0x0260, 0x0000, 0x0842, 0x1084, 0x18c6, 0x2108, 0x2d6b, 0x39ce, 0x4a52, 0x56b5, 0x5ef7, 0x6739, 0x739c, 0x77bd, 0x7fc0, 0x7fff,
    0x0260, 0x0421, 0x1085, 0x20eb, 0x001f, 0x2110, 0x043f, 0x0c7b, 0x18d6, 0x14bf, 0x251f, 0x319f, 0x4a5f, 0x673f, 0x77bf, 0x7fff,
    0x0001, 0x00fc, 0x01fc, 0x0100, 0x0003, 0x40e0, 0xc1b8, 0x0100, 0x40e0, 0xc1f8, 0x0108, 0x80e0, 0x8038, 0x0110, 0x0004, 0x0000,
    0xc188, 0x1018, 0x00c0, 0xc1a0, 0x1010, 0x40b0, 0x81b8, 0x1116, 0x80b0, 0x01d8, 0x111b, 0x0018, 0x0000, 0xc188, 0x1018, 0x00c0,
    0xc1a0, 0x1010, 0x40b0, 0x81b8, 0x1116, 0x80b0, 0x01d8, 0x111b, 0x40b0, 0x81d0, 0x1112, 0x80b0, 0x01f0, 0x111a, 0x00c0, 0xc1b8,
    0x1008, 0x0000, 0xc1a8, 0x1000, 0x40b0, 0x81ec, 0x2112, 0x80b0, 0x000c, 0x211a, 0x00c0, 0xc1d4, 0x2008, 0x0000, 0xc1c4, 0x2000,
    0x40b0, 0x8008, 0x3112, 0x80b0, 0x0028, 0x311a, 0x00c0, 0xc1f0, 0x3008, 0x0000, 0xc1e0, 0x3000, 0x40b0, 0x8024, 0x4112, 0x80b0,
    0x0044, 0x411a, 0x00c0, 0xc00c, 0x4008, 0x0000, 0xc1fc, 0x4000, 0x40b0, 0x8040, 0x5112, 0x80b0, 0x0060, 0x511a, 0x00c0, 0xc028,
    0x5008, 0x0000, 0xc018, 0x5000, 0x0018, 0x0000, 0xc188, 0x1018, 0x00c0, 0xc1a0, 0x1010, 0x40b0, 0x81b8, 0x1116, 0x80b0, 0x01d8,
    0x111b, 0x40b0, 0x81cc, 0x1112, 0x80b0, 0x01ec, 0x111a, 0x00c0, 0xc1b4, 0x1008, 0x0000, 0xc1a4, 0x1000, 0x40b0, 0x81e4, 0x2112,
};

// [0890bc58] score_results_pal: 0xa0 bytes defined, 0x200 copied
static const u16 rom_score_results_pal[] = {
    0x7fff, 0x0000, 0x1df6, 0x252a, 0x6b5b, 0x39d8, 0x55ac, 0x6a3f, 0x0100, 0x01c0, 0x02a0, 0x03e0, 0x6ffb, 0x001f, 0x4a53, 0x7fff,
    0x54c4, 0x0000, 0x0000, 0x252a, 0x0000, 0x0000, 0x0000, 0x0000, 0x0000, 0x0000, 0x0000, 0x0000, 0x0000, 0x0000, 0x0000, 0x7fff,
    0x0000, 0x0000, 0x0000, 0x0000, 0x0000, 0x0000, 0x0000, 0x0000, 0x0000, 0x0000, 0x0000, 0x0000, 0x0000, 0x0000, 0x0000, 0x0000,
    0x0000, 0x0000, 0x0000, 0x0000, 0x0000, 0x0000, 0x0000, 0x0000, 0x0000, 0x0000, 0x0000, 0x0000, 0x0000, 0x0000, 0x0000, 0x0000,
    0x54c4, 0x0000, 0x4a53, 0x0000, 0x001f, 0x0000, 0x0000, 0x0000, 0x7fff, 0x0000, 0x0000, 0x0000, 0x0000, 0x0000, 0x0000, 0x0000,
    0x0005, 0x40f8, 0x8006, 0x2004, 0x40f8, 0x8026, 0x2004, 0x40f8, 0x8046, 0x2004, 0x00f8, 0x41f6, 0x200c, 0x00f8, 0x5066, 0x200c,
    0x0002, 0x40f4, 0x41fe, 0x2040, 0x40f4, 0x504e, 0x2040, 0x0002, 0x40f4, 0x41fd, 0x2040, 0x40f4, 0x504f, 0x2040, 0x0002, 0x40f4,
    0x41fc, 0x2040, 0x40f4, 0x5050, 0x2040, 0x0002, 0x4003, 0x41fe, 0x2040, 0x4003, 0x504e, 0x2040, 0x0002, 0x4003, 0x41fd, 0x2040,
    0x4003, 0x504f, 0x2040, 0x0002, 0x4003, 0x41fc, 0x2040, 0x4003, 0x5050, 0x2040, 0x0004, 0x40f8, 0x8000, 0x2004, 0x40f8, 0x8020,
    0x2004, 0x00f8, 0x41f4, 0x200c, 0x00f8, 0x503c, 0x200c, 0x0005, 0x80f8, 0x01fe, 0x2018, 0x40f8, 0x8006, 0x2000, 0x40f8, 0x8026,
    0x2000, 0x40f8, 0x8046, 0x2000, 0x80f8, 0x1066, 0x2018, 0x0002, 0x00fc, 0x0000, 0x203f, 0x00fc, 0x0064, 0x603e, 0x0002, 0x00fc,
    0x0000, 0x203f, 0x00fc, 0x0064, 0x703e, 0x0002, 0x00fc, 0x0000, 0x203f, 0x00fc, 0x0064, 0x803e, 0x0002, 0x00fc, 0x0000, 0x203f,
    0x00fc, 0x0064, 0x903e, 0x0002, 0x00fc, 0x0000, 0x203f, 0x00fc, 0x0064, 0xa03e, 0x0002, 0x00fc, 0x0000, 0x203f, 0x00fc, 0x0064,
    0xb03e, 0x0002, 0x00fc, 0x0000, 0x203f, 0x00fc, 0x0064, 0xc03e, 0x0002, 0x00fc, 0x0000, 0x203f, 0x00fc, 0x0064, 0xd03e, 0x0002,
    0x00fc, 0x0000, 0x203f, 0x00fc, 0x0064, 0xe03e, 0x0002, 0x00fc, 0x0000, 0x203f, 0x00fc, 0x0064, 0xf03e, 0x0001, 0x00fc, 0x0000,
    0x203f, 0x0001, 0x00fc, 0x0064, 0x603e, 0x0001, 0x00fc, 0x0064, 0x703e, 0x0001, 0x00fc, 0x0064, 0x803e, 0x0001, 0x00fc, 0x0064,
};

// [088cbb0c] showtime_bg_pal: 0x20 bytes defined, 0x140 copied
static const u16 rom_showtime_bg_pal[] = {
    0x2b40, 0x4e80, 0x6700, 0x7fe3, 0x5f18, 0x7fe3, 0x0000, 0x4d04, 0x7dc7, 0x0000, 0x0000, 0x0000, 0x0000, 0x7eb1, 0x7fff, 0x0000,
    0x2b40, 0x0000, 0x55fa, 0x5dfb, 0x6ddd, 0x759e, 0x665c, 0x7a1f, 0x7a7f, 0x6ebd, 0x7afe, 0x7f3f, 0x7f5f, 0x7eb1, 0x7fff, 0x7fe3,
    0x0000, 0x4174, 0x0000, 0x0000, 0x0000, 0x7d1d, 0x0000, 0x4c92, 0x7d1d, 0x0000, 0x0000, 0x0000, 0x0000, 0x0000, 0x7fff, 0x0000,
    0x0006, 0x00fb, 0x41f8, 0x8005, 0x4005, 0x01f8, 0x8009, 0x800b, 0x41fc, 0x8004, 0x802a, 0x41fc, 0x8004, 0x8049, 0x41fc, 0x8004,
    0x8010, 0x8001, 0x8000, 0x0006, 0x00fe, 0x41f8, 0x8005, 0x4009, 0x01f8, 0x8009, 0x800f, 0x41fc, 0x8004, 0x802e, 0x41fc, 0x8004,
    0x804d, 0x41fc, 0x8004, 0x8014, 0x8001, 0x8000, 0x0006, 0x00ff, 0x41f8, 0x8005, 0x400d, 0x01f8, 0x8009, 0x8013, 0x41fc, 0x8004,
    0x8032, 0x41fc, 0x8004, 0x8051, 0x41fc, 0x8004, 0x8018, 0x8001, 0x8000, 0x0006, 0x0000, 0x41f8, 0x8005, 0x4011, 0x01f8, 0x8009,
    0x8017, 0x41fc, 0x8004, 0x8036, 0x41fc, 0x8004, 0x8055, 0x41fc, 0x8004, 0x801c, 0x8001, 0x8000, 0x0006, 0x0000, 0x41f8, 0x8005,
    0x4013, 0x01f8, 0x8009, 0x8019, 0x41fc, 0x8004, 0x8038, 0x41fc, 0x8004, 0x8057, 0x41fc, 0x8004, 0x801e, 0x8001, 0x8000, 0x0006,
    0x0000, 0x41f8, 0x8005, 0x4014, 0x01f8, 0x8009, 0x801a, 0x41fc, 0x8004, 0x8039, 0x41fc, 0x8004, 0x8058, 0x41fc, 0x8004, 0x801f,
};

// [088cba2c] showtime_obj_pal: 0xe0 bytes defined, 0x140 copied
static const u16 rom_showtime_obj_pal[] = {
    0x7ee0, 0x09db, 0x0531, 0x0000, 0x4210, 0x0292, 0x2d6b, 0x0bff, 0x7dc7, 0x03e5, 0x665f, 0x4e73, 0x5ef7, 0x18df, 0x7fff, 0x0000,
    0x2b40, 0x4e80, 0x6700, 0x7fe3, 0x5f18, 0x0000, 0x0000, 0x4d04, 0x7dc7, 0x0000, 0x0000, 0x2d6b, 0x0000, 0x7eb1, 0x7fff, 0x0000,
    0x7ee0, 0x0000, 0x0000, 0x0000, 0x0000, 0x0000, 0x0000, 0x0000, 0x0000, 0x0000, 0x7fff, 0x7ff6, 0x0000, 0x0000, 0x0000, 0x0000,
    0x7ee0, 0x37ed, 0x6f7d, 0x5ad8, 0x001f, 0x1d5f, 0x4e73, 0x2268, 0x0000, 0x0000, 0x0292, 0x03fc, 0x0cb2, 0x001f, 0x7fff, 0x0000,
    0x7ee0, 0x09db, 0x0531, 0x0000, 0x0000, 0x0000, 0x2d6b, 0x0bff, 0x7dc7, 0x03e5, 0x665f, 0x7fff, 0x7fff, 0x18df, 0x7fff, 0x0000,
    0x0000, 0x0000, 0x0000, 0x0000, 0x0000, 0x0000, 0x0000, 0x0000, 0x0000, 0x0000, 0x0000, 0x0000, 0x0000, 0x0000, 0x0000, 0x0000,
    0x000b, 0x0000, 0x0000, 0x0000, 0x0000, 0x0000, 0x0000, 0x4c92, 0x7d1d, 0x0000, 0x0000, 0x0000, 0x0000, 0x0000, 0x7fff, 0x0000,
    0x2b40, 0x4e80, 0x6700, 0x7fe3, 0x5f18, 0x7fe3, 0x0000, 0x4d04, 0x7dc7, 0x0000, 0x0000, 0x0000, 0x0000, 0x7eb1, 0x7fff, 0x0000,
    0x2b40, 0x0000, 0x55fa, 0x5dfb, 0x6ddd, 0x759e, 0x665c, 0x7a1f, 0x7a7f, 0x6ebd, 0x7afe, 0x7f3f, 0x7f5f, 0x7eb1, 0x7fff, 0x7fe3,
    0x0000, 0x4174, 0x0000, 0x0000, 0x0000, 0x7d1d, 0x0000, 0x4c92, 0x7d1d, 0x0000, 0x0000, 0x0000, 0x0000, 0x0000, 0x7fff, 0x0000,
};

// [088ae444] showtime_prologue_pal: 0x40 bytes defined, 0x140 copied
static const u16 rom_showtime_prologue_pal[] = {
    0x023f, 0x000c, 0x23fd, 0x1b17, 0x4630, 0x6318, 0x7fff, 0x7348, 0x7bc8, 0x59c5, 0x6a69, 0x72c7, 0x6aac, 0x7312, 0x2ba0, 0x01bf,
    0x023f, 0x0000, 0x0000, 0x0000, 0x0000, 0x0000, 0x7fff, 0x0000, 0x0000, 0x0000, 0x0000, 0x0000, 0x0000, 0x0000, 0x0000, 0x0000,
    0x0001, 0x00fc, 0x01fc, 0x00df, 0x0006, 0x00e0, 0x81ec, 0x0004, 0x80e0, 0x400c, 0x001e, 0x00fe, 0x81ec, 0x0000, 0x80fe, 0x400c,
    0x001f, 0x001e, 0x81ec, 0x0018, 0x801e, 0x400c, 0x0084, 0x0006, 0x00e2, 0x81ec, 0x0004, 0x80e2, 0x400c, 0x001e, 0x0005, 0x81ec,
    0x0000, 0x8005, 0x400c, 0x001f, 0x0025, 0x81ec, 0x0018, 0x8025, 0x400c, 0x0084, 0x0006, 0x00e4, 0x81ec, 0x0004, 0x80e4, 0x400c,
    0x001e, 0x000a, 0x81ec, 0x0000, 0x800a, 0x400c, 0x001f, 0x002a, 0x81ec, 0x0018, 0x802a, 0x400c, 0x0084, 0x0006, 0x00e6, 0x81ec,
    0x0004, 0x80e6, 0x400c, 0x001e, 0x000f, 0x81ec, 0x0000, 0x800f, 0x400c, 0x001f, 0x002f, 0x81ec, 0x0018, 0x802f, 0x400c, 0x0084,
    0x0006, 0x00e6, 0x81ec, 0x0004, 0x80e6, 0x400c, 0x001e, 0x0012, 0x81ec, 0x0000, 0x8012, 0x400c, 0x001f, 0x0032, 0x81ec, 0x0018,
    0x8032, 0x400c, 0x0084, 0x0006, 0x00e6, 0x81ec, 0x0004, 0x80e6, 0x400c, 0x001e, 0x0015, 0x81ec, 0x0000, 0x8015, 0x400c, 0x001f,
    0x0035, 0x81ec, 0x0018, 0x8035, 0x400c, 0x0084, 0x001e, 0x00e4, 0x81ab, 0x1004, 0x80e4, 0x41cb, 0x101e, 0x0002, 0x81ab, 0x1000,
};

// [088cbb2c] showtime_remix_3_bg_pal: 0x40 bytes defined, 0x140 copied
static const u16 rom_showtime_remix_3_bg_pal[] = {
    0x2b40, 0x0000, 0x55fa, 0x5dfb, 0x6ddd, 0x759e, 0x665c, 0x7a1f, 0x7a7f, 0x6ebd, 0x7afe, 0x7f3f, 0x7f5f, 0x7eb1, 0x7fff, 0x7fe3,
    0x0000, 0x4174, 0x0000, 0x0000, 0x0000, 0x7d1d, 0x0000, 0x4c92, 0x7d1d, 0x0000, 0x0000, 0x0000, 0x0000, 0x0000, 0x7fff, 0x0000,
    0x0006, 0x00fb, 0x41f8, 0x8005, 0x4005, 0x01f8, 0x8009, 0x800b, 0x41fc, 0x8004, 0x802a, 0x41fc, 0x8004, 0x8049, 0x41fc, 0x8004,
    0x8010, 0x8001, 0x8000, 0x0006, 0x00fe, 0x41f8, 0x8005, 0x4009, 0x01f8, 0x8009, 0x800f, 0x41fc, 0x8004, 0x802e, 0x41fc, 0x8004,
    0x804d, 0x41fc, 0x8004, 0x8014, 0x8001, 0x8000, 0x0006, 0x00ff, 0x41f8, 0x8005, 0x400d, 0x01f8, 0x8009, 0x8013, 0x41fc, 0x8004,
    0x8032, 0x41fc, 0x8004, 0x8051, 0x41fc, 0x8004, 0x8018, 0x8001, 0x8000, 0x0006, 0x0000, 0x41f8, 0x8005, 0x4011, 0x01f8, 0x8009,
    0x8017, 0x41fc, 0x8004, 0x8036, 0x41fc, 0x8004, 0x8055, 0x41fc, 0x8004, 0x801c, 0x8001, 0x8000, 0x0006, 0x0000, 0x41f8, 0x8005,
    0x4013, 0x01f8, 0x8009, 0x8019, 0x41fc, 0x8004, 0x8038, 0x41fc, 0x8004, 0x8057, 0x41fc, 0x8004, 0x801e, 0x8001, 0x8000, 0x0006,
    0x0000, 0x41f8, 0x8005, 0x4014, 0x01f8, 0x8009, 0x801a, 0x41fc, 0x8004, 0x8039, 0x41fc, 0x8004, 0x8058, 0x41fc, 0x8004, 0x801f,
    0x8001, 0x8000, 0x0006, 0x00fb, 0x41f8, 0x9005, 0x4005, 0x01f8, 0x9009, 0x800b, 0x41fc, 0x9004, 0x802a, 0x41fc, 0x9004, 0x8049,
};

// [088b8db4] sick_beats_prologue_pal: 0x20 bytes defined, 0x140 copied
static const u16 rom_sick_beats_prologue_pal[] = {
    0x0000, 0x0c45, 0x20ca, 0x2d4d, 0x4a40, 0x3dd0, 0x6302, 0x4a33, 0x4e74, 0x56b6, 0x7fe1, 0x5ef8, 0x675a, 0x739c, 0x041c, 0x7fff,
    0x0001, 0x00fc, 0x01fc, 0x400c, 0x0006, 0x00f0, 0x41c7, 0x4002, 0x00f4, 0x41db, 0x4008, 0x00f1, 0x41ef, 0x400a, 0x00f3, 0x4001,
    0x4004, 0x00f2, 0x4014, 0x4006, 0x00f4, 0x4026, 0x4000, 0x0006, 0x00f1, 0x41c7, 0x4002, 0x00f3, 0x41db, 0x4008, 0x00f4, 0x41ef,
    0x400a, 0x00f1, 0x4001, 0x4004, 0x00f1, 0x4014, 0x4006, 0x00f2, 0x4026, 0x4000, 0x0006, 0x00f2, 0x41c7, 0x4002, 0x00f2, 0x41db,
    0x4008, 0x00f2, 0x41ef, 0x400a, 0x00f2, 0x4001, 0x4004, 0x00f3, 0x4014, 0x4006, 0x00f2, 0x4026, 0x4000, 0x0000, 0x8ddc, 0x088b,
    0x0004, 0x0000, 0x8e02, 0x088b, 0x0004, 0x0000, 0x8e28, 0x088b, 0x0004, 0x0000, 0x0000, 0x0000, 0x0000, 0x0000, 0x56b5, 0x3417,
    0x7fff, 0x4b5f, 0x180f, 0x3532, 0x20a0, 0x3eba, 0x6739, 0x03dd, 0x035b, 0x02b4, 0x2d4c, 0x00ac, 0x019b, 0x3004, 0x42b2, 0x0000,
    0x7fff, 0x67df, 0x4fbf, 0x337f, 0x015f, 0x025f, 0x02ff, 0x5c17, 0x3c0f, 0x001a, 0x0000, 0x0368, 0x02e7, 0x0225, 0x56b5, 0x0d6f,
    0x7fff, 0x4b5f, 0x1a9a, 0x3417, 0x4e7f, 0x67df, 0x4fbf, 0x337f, 0x1aba, 0x0000, 0x0000, 0x0000, 0x0000, 0x18df, 0x0001, 0x00fb,
    0x01fd, 0x009f, 0x0004, 0x00e0, 0x81ac, 0x0004, 0x80e0, 0x41cc, 0x001c, 0x4000, 0x81ac, 0x0084, 0x8000, 0x01cc, 0x001f, 0x0008,
};

// [088ea85c] snappy_trio_bg_pal: 0x60 bytes defined, 0x140 copied
static const u16 rom_snappy_trio_bg_pal[] = {
    0x000f, 0x0000, 0x0000, 0x0000, 0x031f, 0x02df, 0x069f, 0x0a5f, 0x0a1e, 0x0dbe, 0x117e, 0x153d, 0x1462, 0x3525, 0x51c8, 0x7fff,
    0x0000, 0x7ad5, 0x18c6, 0x318c, 0x4a52, 0x5ad6, 0x0000, 0x0000, 0x0000, 0x0000, 0x0000, 0x0000, 0x0000, 0x0000, 0x7fff, 0x0000,
    0x0000, 0x0000, 0x0000, 0x021b, 0x027f, 0x031f, 0x013f, 0x153d, 0x2d1b, 0x4519, 0x5917, 0x7559, 0x3c01, 0x0000, 0x0000, 0x0000,
    0x0003, 0x00d1, 0x81ef, 0x1100, 0x80e5, 0x81e5, 0x1100, 0x80f8, 0x91e8, 0x101e, 0x0003, 0x00d2, 0x91f1, 0x1100, 0x80e3, 0x81e4,
    0x101c, 0x80f8, 0x81e8, 0x1100, 0x0003, 0x00d4, 0x91f2, 0x101c, 0x80e6, 0x91e5, 0x1102, 0x80f8, 0x81e8, 0x101c, 0x0007, 0x00c9,
    0x8000, 0x1094, 0x00d9, 0x41f0, 0x121e, 0x4001, 0x41e7, 0x1080, 0x0001, 0x8008, 0x1084, 0x8000, 0x01e0, 0x12c1, 0x0000, 0x81e8,
    0x1080, 0x40e1, 0xc1e8, 0x1000, 0x0007, 0x00ca, 0x8000, 0x1094, 0x00d9, 0x41f0, 0x121e, 0x4001, 0x41e7, 0x1080, 0x0001, 0x8008,
    0x1084, 0x8000, 0x01e0, 0x12c1, 0x0000, 0x81e8, 0x1080, 0x40e1, 0xc1e8, 0x1000, 0x0008, 0x40e0, 0x0014, 0x42de, 0x00cb, 0x8000,
    0x1094, 0x00da, 0x41f0, 0x121e, 0x4001, 0x41e7, 0x1080, 0x0001, 0x8008, 0x1084, 0x8000, 0x01e0, 0x12c1, 0x0000, 0x81e8, 0x1080,
    0x40e2, 0xc1e8, 0x1000, 0x0008, 0x40e0, 0x0014, 0x32ee, 0x00cb, 0x8000, 0x1094, 0x00da, 0x41f0, 0x121e, 0x4001, 0x41e7, 0x1080,
};

// [088afe04] snappy_trio_prologue_pal: 0x40 bytes defined, 0x140 copied
static const u16 rom_snappy_trio_prologue_pal[] = {
    0x5d7f, 0x055f, 0x0d9f, 0x15bf, 0x1dff, 0x2a1f, 0x325f, 0x3a7f, 0x42bf, 0x4adf, 0x531f, 0x5f3f, 0x677f, 0x6f9f, 0x77df, 0x7fff,
    0x5d7f, 0x5c20, 0x0000, 0x0000, 0x0000, 0x0000, 0x0000, 0x0000, 0x0000, 0x0000, 0x0000, 0x0000, 0x0000, 0x0000, 0x0000, 0x0000,
    0x0001, 0x00fc, 0x01fc, 0x00fd, 0x000b, 0x4000, 0xc1b0, 0x0080, 0x4000, 0xc1e9, 0x0018, 0x0000, 0x8029, 0x008c, 0x8000, 0x8049,
    0x0090, 0x4020, 0x41b0, 0x0100, 0x4020, 0x41d0, 0x00f9, 0x4020, 0x41e9, 0x00f5, 0x4020, 0x4009, 0x00d9, 0x4020, 0x4029, 0x00d5,
    0x4020, 0x0049, 0x00dd, 0x00f8, 0x01d8, 0x00df, 0x000a, 0x4000, 0xc1b0, 0x0008, 0x4000, 0xc1e9, 0x0000, 0x0000, 0x8029, 0x0088,
    0x8000, 0x8049, 0x0092, 0x4009, 0xc1b0, 0x0010, 0x4019, 0x81e9, 0x009c, 0x4019, 0x8009, 0x0094, 0x4019, 0x8029, 0x0098, 0x00f8,
    0x01d8, 0x00df, 0x8019, 0x0049, 0x00d4, 0x000b, 0x4000, 0xc1af, 0x0008, 0x4000, 0xc1e8, 0x0000, 0x0000, 0x8028, 0x0088, 0x8000,
    0x8048, 0x0092, 0x0020, 0x0048, 0x00fd, 0x400a, 0xc1b1, 0x0010, 0x401a, 0x81ea, 0x009c, 0x401a, 0x800a, 0x0094, 0x401a, 0x802a,
    0x0098, 0x0022, 0x004a, 0x00f4, 0x00f8, 0x01d7, 0x00df, 0x000b, 0x4000, 0xc1ae, 0x0008, 0x4000, 0xc1e7, 0x0000, 0x0000, 0x8027,
    0x0088, 0x8000, 0x8047, 0x0092, 0x0020, 0x0047, 0x00fd, 0x400b, 0xc1b2, 0x0010, 0x401b, 0x81eb, 0x009c, 0x401b, 0x800b, 0x0094,
};

// [088ad2fc] sneaky_spirits_prologue_pal: 0x40 bytes defined, 0x140 copied
static const u16 rom_sneaky_spirits_prologue_pal[] = {
    0x5ae3, 0x0401, 0x0c63, 0x14a6, 0x1ce8, 0x294b, 0x35ae, 0x41f0, 0x4a52, 0x5695, 0x5ef7, 0x6739, 0x6b5b, 0x77bd, 0x7bff, 0x7fff,
    0x4222, 0x0842, 0x2108, 0x318d, 0x4632, 0x5ed6, 0x6b5a, 0x77bd, 0x7fff, 0x0000, 0x0000, 0x0000, 0x0000, 0x0000, 0x0000, 0x0000,
    0x0001, 0x00fc, 0x01fc, 0x003b, 0x0001, 0x00e0, 0x8195, 0x0008, 0x0004, 0x00e0, 0x8195, 0x0008, 0x00e0, 0x81b5, 0x0004, 0x40e0,
    0x81d5, 0x0010, 0x40f0, 0x41d5, 0x0017, 0x000a, 0x00e0, 0x8195, 0x0008, 0x00e0, 0x81b5, 0x0004, 0x40e0, 0x81d5, 0x0010, 0x40f0,
    0x41d5, 0x0017, 0x00e0, 0x81f5, 0x0000, 0x00e8, 0x4015, 0x0014, 0x80e8, 0x0025, 0x0016, 0x40f8, 0x0015, 0x0037, 0x00f8, 0x0025,
    0x003c, 0x40d8, 0x0005, 0x0039, 0x000d, 0x00e0, 0x8195, 0x0008, 0x00e0, 0x81b5, 0x0004, 0x40e0, 0x81d5, 0x0010, 0x40f0, 0x41d5,
    0x0017, 0x00e0, 0x81f5, 0x0000, 0x00e8, 0x4015, 0x0014, 0x80e8, 0x0025, 0x0016, 0x40f8, 0x0015, 0x0037, 0x00f8, 0x0025, 0x003c,
    0x00e0, 0x802d, 0x000c, 0x40e8, 0x404d, 0x001b, 0x00e8, 0x0060, 0x001f, 0x40d8, 0x0005, 0x0039, 0xd33c, 0x088a, 0x0028, 0x0000,
    0xd344, 0x088a, 0x0006, 0x0000, 0xd34c, 0x088a, 0x0006, 0x0000, 0xd366, 0x088a, 0x0006, 0x0000, 0xd3a4, 0x088a, 0x0064, 0x0000,
    0x0000, 0x0000, 0x0000, 0x0000, 0x7e86, 0x0000, 0x7c00, 0x001f, 0x7c1f, 0x03e0, 0x7fe0, 0x03ff, 0x35ad, 0x35ad, 0x35ad, 0x35ad,
};

// [08912cdc] space_dance_bg_pal: 0x20 bytes defined, 0x140 copied
static const u16 rom_space_dance_bg_pal[] = {
    0x0000, 0x0000, 0x0000, 0x0000, 0x0000, 0x0000, 0x0000, 0x0000, 0x0000, 0x0000, 0x6800, 0x5c20, 0x6840, 0x7e0f, 0x7fff, 0x0000,
    0x6800, 0x0000, 0x0000, 0x0000, 0x0000, 0x0000, 0x0000, 0x6b3f, 0x5ef7, 0x6f7b, 0x6800, 0x5c20, 0x4c40, 0x7e0f, 0x7fff, 0x0000,
    0x0000, 0x0422, 0x0821, 0x0c21, 0x0000, 0x0000, 0x0000, 0x0000, 0x0000, 0x0000, 0x0000, 0x0000, 0x0000, 0x0000, 0x0000, 0x0000,
    0x000c, 0x80af, 0x01fd, 0x0154, 0x00bf, 0x01fd, 0x01bd, 0x00c1, 0x51fe, 0x0142, 0x80c1, 0x11f6, 0x0156, 0x40d1, 0x11fe, 0x019e,
    0x80d0, 0x91fc, 0x0018, 0x80d0, 0x51f4, 0x001a, 0x00f0, 0x51fc, 0x011c, 0x80f0, 0x11f4, 0x001f, 0x00f8, 0x41f5, 0x0086, 0x80f8,
    0x0005, 0x005f, 0x00e8, 0x01ef, 0x01c0, 0x000c, 0x80b0, 0x01fd, 0x0154, 0x00c0, 0x01fd, 0x01bd, 0x00c2, 0x51fe, 0x0142, 0x80c2,
    0x11f6, 0x0156, 0x40d2, 0x11fe, 0x019e, 0x80d0, 0x91fc, 0x0018, 0x80d0, 0x51f4, 0x001a, 0x00f0, 0x51fc, 0x011c, 0x80f0, 0x11f4,
    0x001f, 0x00f8, 0x41f5, 0x0086, 0x80f8, 0x0005, 0x005f, 0x00e8, 0x01ef, 0x01c0, 0x000c, 0x80ae, 0x01fd, 0x0154, 0x00be, 0x01fd,
    0x01bd, 0x00c0, 0x51fe, 0x0140, 0x80c0, 0x11f6, 0x015f, 0x40d0, 0x11fe, 0x019a, 0x80d0, 0x91fc, 0x0018, 0x80d0, 0x51f4, 0x001a,
    0x00f0, 0x51fc, 0x011c, 0x80f0, 0x11f4, 0x001f, 0x00f8, 0x41f5, 0x0086, 0x80f8, 0x0005, 0x005f, 0x00e8, 0x01ef, 0x01c0, 0x000c,
};

// [08912bfc] space_dance_obj_pal: 0xe0 bytes defined, 0x140 copied
static const u16 rom_space_dance_obj_pal[] = {
    0x5880, 0x37ff, 0x0000, 0x015b, 0x5ff7, 0x0922, 0x5ff7, 0x0000, 0x7beb, 0x7c85, 0x56c5, 0x6318, 0x27ff, 0x7be7, 0x7fff, 0x0000,
    0x6fe0, 0x0000, 0x0000, 0x0000, 0x0000, 0x0000, 0x0000, 0x0000, 0x0000, 0x0000, 0x0000, 0x0000, 0x7e5f, 0x79bf, 0x7edf, 0x0000,
    0x6fe0, 0x37ff, 0x0000, 0x0000, 0x0000, 0x0000, 0x0000, 0x0000, 0x0000, 0x0000, 0x0000, 0x6318, 0x27ff, 0x0000, 0x7fff, 0x0000,
    0x6fe0, 0x0000, 0x0000, 0x0000, 0x0000, 0x0000, 0x0000, 0x0000, 0x0000, 0x6c64, 0x0000, 0x0000, 0x1f5b, 0x5f05, 0x0000, 0x0000,
    0x6fe0, 0x0000, 0x0000, 0x0000, 0x0000, 0x0000, 0x0000, 0x0000, 0x0000, 0x5c63, 0x0000, 0x0000, 0x1ab6, 0x5284, 0x0000, 0x0000,
    0x6fe0, 0x0000, 0x0000, 0x0000, 0x0000, 0x0000, 0x0000, 0x0000, 0x0000, 0x5043, 0x0000, 0x0000, 0x0dad, 0x4623, 0x0000, 0x0000,
    0x6fe0, 0x0000, 0x0000, 0x0000, 0x0000, 0x0000, 0x0000, 0x0000, 0x0000, 0x4442, 0x0000, 0x0000, 0x0929, 0x35c3, 0x0000, 0x0000,
    0x0000, 0x0000, 0x0000, 0x0000, 0x0000, 0x0000, 0x0000, 0x0000, 0x0000, 0x0000, 0x6800, 0x5c20, 0x6840, 0x7e0f, 0x7fff, 0x0000,
    0x6800, 0x0000, 0x0000, 0x0000, 0x0000, 0x0000, 0x0000, 0x6b3f, 0x5ef7, 0x6f7b, 0x6800, 0x5c20, 0x4c40, 0x7e0f, 0x7fff, 0x0000,
    0x0000, 0x0422, 0x0821, 0x0c21, 0x0000, 0x0000, 0x0000, 0x0000, 0x0000, 0x0000, 0x0000, 0x0000, 0x0000, 0x0000, 0x0000, 0x0000,
};

// [088b76a8] space_dance_prologue_pal: 0x60 bytes defined, 0x140 copied
static const u16 rom_space_dance_prologue_pal[] = {
    0x059f, 0x07c0, 0x7c60, 0x3da0, 0x6700, 0x7fc0, 0x7bd1, 0x7fff, 0x0280, 0x001f, 0x0000, 0x0000, 0x0000, 0x0000, 0x0000, 0x0000,
    0x059f, 0x2bea, 0x0000, 0x0000, 0x0000, 0x0000, 0x0000, 0x7fff, 0x0000, 0x0000, 0x0000, 0x0000, 0x0000, 0x0000, 0x0000, 0x39ce,
    0x059f, 0x53f4, 0x0000, 0x0000, 0x0000, 0x0000, 0x0000, 0x7fff, 0x0000, 0x0000, 0x0000, 0x0000, 0x0000, 0x0000, 0x0000, 0x5ef7,
    0x0001, 0x00fc, 0x01fc, 0x009f, 0x0007, 0x0000, 0x81a8, 0x0088, 0x0008, 0x41c8, 0x0094, 0x8008, 0x01d8, 0x0096, 0x4018, 0x01c8,
    0x00b7, 0x0018, 0x01d8, 0x00b9, 0x00f8, 0x81e0, 0x0084, 0x4018, 0x41e0, 0x0097, 0x000a, 0x0005, 0x81a8, 0x0088, 0x000d, 0x41c8,
    0x0094, 0x800d, 0x01d8, 0x0096, 0x401d, 0x01c8, 0x00b7, 0x001d, 0x01d8, 0x00b9, 0x00fd, 0x81e0, 0x0084, 0x401d, 0x41e0, 0x0097,
    0x0005, 0x8000, 0x008c, 0x0005, 0x8020, 0x0090, 0x0005, 0x8040, 0x0080, 0x000a, 0x0000, 0x81a8, 0x0088, 0x0008, 0x41c8, 0x0094,
    0x8008, 0x01d8, 0x0096, 0x4018, 0x01c8, 0x00b7, 0x0018, 0x01d8, 0x00b9, 0x00f8, 0x81e0, 0x0084, 0x4018, 0x41e0, 0x0097, 0x0000,
    0x8000, 0x008c, 0x0000, 0x8020, 0x0090, 0x0000, 0x8040, 0x0080, 0x0003, 0x40d4, 0xc191, 0x0010, 0x40cc, 0x01a9, 0x009b, 0x40d4,
    0xc1d1, 0x0000, 0x0003, 0x40d8, 0xc195, 0x0010, 0x40d0, 0x01ad, 0x009b, 0x40d8, 0xc1d5, 0x0000, 0x0003, 0x40dc, 0xc199, 0x0010,
};

// [08912cfc] space_dance_remix_3_bg_pal: 0x40 bytes defined, 0x140 copied
static const u16 rom_space_dance_remix_3_bg_pal[] = {
    0x6800, 0x0000, 0x0000, 0x0000, 0x0000, 0x0000, 0x0000, 0x6b3f, 0x5ef7, 0x6f7b, 0x6800, 0x5c20, 0x4c40, 0x7e0f, 0x7fff, 0x0000,
    0x0000, 0x0422, 0x0821, 0x0c21, 0x0000, 0x0000, 0x0000, 0x0000, 0x0000, 0x0000, 0x0000, 0x0000, 0x0000, 0x0000, 0x0000, 0x0000,
    0x000c, 0x80af, 0x01fd, 0x0154, 0x00bf, 0x01fd, 0x01bd, 0x00c1, 0x51fe, 0x0142, 0x80c1, 0x11f6, 0x0156, 0x40d1, 0x11fe, 0x019e,
    0x80d0, 0x91fc, 0x0018, 0x80d0, 0x51f4, 0x001a, 0x00f0, 0x51fc, 0x011c, 0x80f0, 0x11f4, 0x001f, 0x00f8, 0x41f5, 0x0086, 0x80f8,
    0x0005, 0x005f, 0x00e8, 0x01ef, 0x01c0, 0x000c, 0x80b0, 0x01fd, 0x0154, 0x00c0, 0x01fd, 0x01bd, 0x00c2, 0x51fe, 0x0142, 0x80c2,
    0x11f6, 0x0156, 0x40d2, 0x11fe, 0x019e, 0x80d0, 0x91fc, 0x0018, 0x80d0, 0x51f4, 0x001a, 0x00f0, 0x51fc, 0x011c, 0x80f0, 0x11f4,
    0x001f, 0x00f8, 0x41f5, 0x0086, 0x80f8, 0x0005, 0x005f, 0x00e8, 0x01ef, 0x01c0, 0x000c, 0x80ae, 0x01fd, 0x0154, 0x00be, 0x01fd,
    0x01bd, 0x00c0, 0x51fe, 0x0140, 0x80c0, 0x11f6, 0x015f, 0x40d0, 0x11fe, 0x019a, 0x80d0, 0x91fc, 0x0018, 0x80d0, 0x51f4, 0x001a,
    0x00f0, 0x51fc, 0x011c, 0x80f0, 0x11f4, 0x001f, 0x00f8, 0x41f5, 0x0086, 0x80f8, 0x0005, 0x005f, 0x00e8, 0x01ef, 0x01c0, 0x000c,
    0x80b0, 0x01fd, 0x0154, 0x00c0, 0x01fd, 0x01bd, 0x00c2, 0x51fe, 0x0150, 0x40d2, 0x11fe, 0x0198, 0x80c2, 0x11f6, 0x0156, 0x80d0,
};

// [088ad464] spaceball_prologue_bg_pal: 0x20 bytes defined, 0x140 copied
static const u16 rom_spaceball_prologue_bg_pal[] = {
    0x4817, 0x0000, 0x0000, 0x0000, 0x0000, 0x7c83, 0x475f, 0x03fd, 0x6400, 0x1ba0, 0x12c0, 0x5ad6, 0x4631, 0x318c, 0x7fff, 0x0000,
    0x0001, 0x00fc, 0x01fc, 0x00dd, 0x0005, 0x40c7, 0xc1b5, 0x000c, 0x80c7, 0x41f5, 0x0097, 0x40e7, 0x81b5, 0x0104, 0x40e7, 0x81d5,
    0x0108, 0x80e7, 0x01f5, 0x009f, 0x000c, 0x40c7, 0xc1b5, 0x000c, 0x80c7, 0x41f5, 0x0097, 0x40e7, 0x81b5, 0x0104, 0x40e7, 0x81d5,
    0x0108, 0x80e7, 0x01f5, 0x009f, 0x40c8, 0xc000, 0x0014, 0x00c8, 0x8040, 0x001c, 0x40e8, 0x8000, 0x010c, 0x40e8, 0x8020, 0x0110,
    0x40e8, 0x8040, 0x0099, 0x40f8, 0x4000, 0x0114, 0x40f8, 0x4020, 0x0118, 0x0009, 0x40c5, 0xc1b1, 0x008c, 0x80c5, 0x81f1, 0x0094,
    0x40e5, 0x81b1, 0x0100, 0x40e5, 0x81d1, 0x00d9, 0x00e5, 0x41f1, 0x009d, 0x00c2, 0xc1fc, 0x0000, 0x80c2, 0xc03c, 0x0008, 0x80c2,
    0x405c, 0x0096, 0x80e2, 0x405c, 0x0098, 0x0000, 0xd484, 0x088a, 0x0004, 0x0000, 0xd48c, 0x088a, 0x0014, 0x0000, 0xd4ac, 0x088a,
    0x000a, 0x0000, 0xd4f6, 0x088a, 0x0006, 0x0000, 0xd4ac, 0x088a, 0x001e, 0x0000, 0x0000, 0x0000, 0x0000, 0x0000, 0x03fd, 0x7fff,
    0x7c60, 0x0000, 0x0000, 0x0000, 0x0000, 0x0000, 0x0000, 0x0000, 0x0000, 0x0000, 0x0000, 0x0000, 0x0000, 0x0000, 0x0000, 0x0000,
    0x1a7f, 0x0000, 0x0000, 0x0000, 0x0000, 0x0000, 0x0000, 0x0000, 0x0000, 0x0000, 0x0000, 0x0000, 0x0000, 0x0000, 0x0000, 0x1a5f,
};

// [088ad424] spaceball_prologue_obj_pal: 0x40 bytes defined, 0x140 copied
static const u16 rom_spaceball_prologue_obj_pal[] = {
    0x7e86, 0x0000, 0x7c00, 0x001f, 0x7c1f, 0x03e0, 0x7fe0, 0x03ff, 0x35ad, 0x35ad, 0x35ad, 0x35ad, 0x35ad, 0x35ad, 0x35ad, 0x7fff,
    0x0000, 0x0000, 0x7c00, 0x001f, 0x7c1f, 0x03e0, 0x7fe0, 0x03ff, 0x35ad, 0x35ad, 0x35ad, 0x35ad, 0x35ad, 0x35ad, 0x35ad, 0x0000,
    0x4817, 0x0000, 0x0000, 0x0000, 0x0000, 0x7c83, 0x475f, 0x03fd, 0x6400, 0x1ba0, 0x12c0, 0x5ad6, 0x4631, 0x318c, 0x7fff, 0x0000,
    0x0001, 0x00fc, 0x01fc, 0x00dd, 0x0005, 0x40c7, 0xc1b5, 0x000c, 0x80c7, 0x41f5, 0x0097, 0x40e7, 0x81b5, 0x0104, 0x40e7, 0x81d5,
    0x0108, 0x80e7, 0x01f5, 0x009f, 0x000c, 0x40c7, 0xc1b5, 0x000c, 0x80c7, 0x41f5, 0x0097, 0x40e7, 0x81b5, 0x0104, 0x40e7, 0x81d5,
    0x0108, 0x80e7, 0x01f5, 0x009f, 0x40c8, 0xc000, 0x0014, 0x00c8, 0x8040, 0x001c, 0x40e8, 0x8000, 0x010c, 0x40e8, 0x8020, 0x0110,
    0x40e8, 0x8040, 0x0099, 0x40f8, 0x4000, 0x0114, 0x40f8, 0x4020, 0x0118, 0x0009, 0x40c5, 0xc1b1, 0x008c, 0x80c5, 0x81f1, 0x0094,
    0x40e5, 0x81b1, 0x0100, 0x40e5, 0x81d1, 0x00d9, 0x00e5, 0x41f1, 0x009d, 0x00c2, 0xc1fc, 0x0000, 0x80c2, 0xc03c, 0x0008, 0x80c2,
    0x405c, 0x0096, 0x80e2, 0x405c, 0x0098, 0x0000, 0xd484, 0x088a, 0x0004, 0x0000, 0xd48c, 0x088a, 0x0014, 0x0000, 0xd4ac, 0x088a,
    0x000a, 0x0000, 0xd4f6, 0x088a, 0x0006, 0x0000, 0xd4ac, 0x088a, 0x001e, 0x0000, 0x0000, 0x0000, 0x0000, 0x0000, 0x03fd, 0x7fff,
};

// [0890c7e8] studio_bg_pal: 0xe0 bytes defined, 0x200 copied
static const u16 rom_studio_bg_pal[] = {
    0x0000, 0x0000, 0x0000, 0x0000, 0x0000, 0x0000, 0x0000, 0x0000, 0x7fff, 0x0000, 0x0000, 0x0000, 0x0000, 0x0000, 0x0000, 0x1800,
    0x0000, 0x0000, 0x0000, 0x0000, 0x0000, 0x0000, 0x0000, 0x0000, 0x7e4d, 0x0000, 0x0000, 0x0000, 0x0000, 0x0000, 0x0000, 0x0000,
    0x0000, 0x5560, 0x4bdf, 0x4a52, 0x5b1f, 0x1df6, 0x03d5, 0x6a3f, 0x3d20, 0x037f, 0x5f20, 0x597f, 0x0bff, 0x06d7, 0x6b5b, 0x7fff,
    0x52cc, 0x0000, 0x02bd, 0x77bd, 0x5f80, 0x59ed, 0x6b26, 0x7b87, 0x295f, 0x7ef4, 0x67e0, 0x2bff, 0x6e86, 0x3d84, 0x7309, 0x7fff,
    0x562f, 0x4f5f, 0x1df6, 0x252a, 0x6b5b, 0x14df, 0x54c4, 0x6a3f, 0x7e4d, 0x0bff, 0x0220, 0x03e1, 0x7fa0, 0x001f, 0x7fff, 0x1800,
    0x5f2e, 0x0120, 0x0e1f, 0x165f, 0x22bf, 0x2b1f, 0x377f, 0x3fdf, 0x1685, 0x261d, 0x275f, 0x27ff, 0x3083, 0x5d07, 0x27a9, 0x6fff,
    0x0143, 0x0000, 0x1df6, 0x252a, 0x0000, 0x0000, 0x0000, 0x0000, 0x28c0, 0x7f60, 0x7fff, 0x441f, 0x0000, 0x0000, 0x0000, 0x0000,
    0x0001, 0x00fc, 0x01fc, 0x0172, 0x0022, 0x0033, 0x804c, 0x0018, 0x00be, 0x8010, 0x2018, 0x0033, 0x81df, 0x1018, 0x00d8, 0x4058,
    0x10dd, 0x80d8, 0x0068, 0x1147, 0x40e8, 0x0058, 0x116e, 0x00e8, 0x0068, 0x117f, 0x00c5, 0x41c5, 0x00dd, 0x80c5, 0x01d5, 0x0147,
    0x40d5, 0x01c5, 0x016e, 0x00d5, 0x01d5, 0x017f, 0x00da, 0x418f, 0x20dd, 0x80da, 0x019f, 0x2147, 0x40ea, 0x018f, 0x216e, 0x00ea,
    0x019f, 0x217f, 0x002e, 0x4196, 0x00dd, 0x802e, 0x01a6, 0x0147, 0x403e, 0x0196, 0x016e, 0x003e, 0x01a6, 0x017f, 0x003e, 0x41b6,
    0x20dd, 0x803e, 0x01c6, 0x2147, 0x404e, 0x01b6, 0x216e, 0x004e, 0x01c6, 0x217f, 0x00c6, 0x41a7, 0x1118, 0x00da, 0x41bd, 0x2118,
    0x00c4, 0x41df, 0x1118, 0x00d2, 0x4033, 0x1118, 0x00c6, 0x4045, 0x0118, 0x00da, 0x4045, 0x2118, 0x0026, 0x405f, 0x2118, 0x0040,
    0x4013, 0x0118, 0x003c, 0x403b, 0x1118, 0x0041, 0x4190, 0x1118, 0x0021, 0x418b, 0x2118, 0x001c, 0x0036, 0x4050, 0x010c, 0x8036,
    0x0060, 0x0142, 0x4046, 0x0050, 0x015a, 0x0046, 0x0060, 0x0175, 0x00c1, 0x4014, 0x210c, 0x80c1, 0x0024, 0x2142, 0x40d1, 0x0014,
    0x215a, 0x00d1, 0x0024, 0x2175, 0x0036, 0x41e3, 0x110c, 0x8036, 0x01f3, 0x1142, 0x4046, 0x01e3, 0x115a, 0x0046, 0x01f3, 0x1175,
};

// [08914b50] tanuki_and_monkey_bg_pal: 0x20 bytes defined, 0x140 copied
static const u16 rom_tanuki_and_monkey_bg_pal[] = {
    0x12c0, 0x1086, 0x2d8b, 0x4e93, 0x6f5b, 0x7fff, 0x239f, 0x1f3b, 0x1ef9, 0x0000, 0x0000, 0x0000, 0x0000, 0x0000, 0x0000, 0x0000,
    0x000b, 0x00db, 0x41f0, 0x0204, 0x40eb, 0x01f0, 0x02fc, 0x00db, 0x5000, 0x0204, 0x40eb, 0x1000, 0x02fc, 0x00e8, 0x81e8, 0x0088,
    0x80e8, 0x8008, 0x010e, 0x0000, 0x41e0, 0x020a, 0x0010, 0x01e8, 0x0327, 0x0010, 0x01d8, 0x0327, 0x4000, 0x01e9, 0x02f6, 0x00f8,
    0x01d8, 0x0327, 0x0007, 0x00db, 0x41f0, 0x0204, 0x40eb, 0x01f0, 0x02fc, 0x00db, 0x5000, 0x0204, 0x40eb, 0x1000, 0x02fc, 0x00e8,
    0x81e8, 0x0088, 0x80e8, 0x8008, 0x010e, 0x4000, 0x01e9, 0x02f6, 0x0007, 0x00db, 0x41f0, 0x0218, 0x40eb, 0x01f0, 0x02fa, 0x00db,
    0x5000, 0x0218, 0x40eb, 0x1000, 0x02fa, 0x00e8, 0x81e8, 0x0088, 0x80e8, 0x8008, 0x010e, 0x4000, 0x01e9, 0x02f6, 0x0006, 0x00d9,
    0x41f1, 0x0204, 0x40e9, 0x01f1, 0x02fc, 0x00d9, 0x5001, 0x0204, 0x40e9, 0x1001, 0x02fc, 0x00e0, 0x81e8, 0x0084, 0x80e0, 0x8008,
    0x0182, 0x0006, 0x00d9, 0x41f1, 0x0218, 0x40e9, 0x01f1, 0x02fa, 0x00d9, 0x5001, 0x0218, 0x40e9, 0x1001, 0x02fa, 0x00e0, 0x81e8,
    0x0084, 0x80e0, 0x8008, 0x0182, 0x0006, 0x00d8, 0x41f1, 0x0204, 0x40e8, 0x01f1, 0x02fc, 0x00d8, 0x5001, 0x0204, 0x40e8, 0x1001,
    0x02fc, 0x00e0, 0x81e8, 0x000c, 0x80e0, 0x8008, 0x0180, 0x0006, 0x00d8, 0x41f1, 0x0218, 0x40e8, 0x01f1, 0x02fa, 0x00d8, 0x5001,
};

// [08914ab0] tanuki_and_monkey_obj_pal: 0xa0 bytes defined, 0xc0 copied
static const u16 rom_tanuki_and_monkey_obj_pal[] = {
    0x59e5, 0x1086, 0x2d8b, 0x4e93, 0x6f5b, 0x7fff, 0x0000, 0x0000, 0x0000, 0x0000, 0x0000, 0x0000, 0x0000, 0x0000, 0x0000, 0x0000,
    0x2656, 0x32ff, 0x4a53, 0x1df6, 0x7fff, 0x14df, 0x0c73, 0x19df, 0x13e9, 0x0bff, 0x06a0, 0x0fe0, 0x7fa0, 0x001f, 0x7fff, 0x1800,
    0x16cb, 0x7fff, 0x56b5, 0x566c, 0x66ce, 0x7f92, 0x0000, 0x0000, 0x0000, 0x0000, 0x15ff, 0x0000, 0x0000, 0x001f, 0x5adf, 0x0000,
    0x58f0, 0x1086, 0x2d8b, 0x4e93, 0x6f5b, 0x1cff, 0x0000, 0x0000, 0x0000, 0x0000, 0x0000, 0x0000, 0x0000, 0x0000, 0x0000, 0x0000,
    0x5a85, 0x1086, 0x2d8b, 0x4e93, 0x6f5b, 0x03fd, 0x0000, 0x0000, 0x0000, 0x0000, 0x0000, 0x0000, 0x0000, 0x0000, 0x0000, 0x0000,
    0x12c0, 0x1086, 0x2d8b, 0x4e93, 0x6f5b, 0x7fff, 0x239f, 0x1f3b, 0x1ef9, 0x0000, 0x0000, 0x0000, 0x0000, 0x0000, 0x0000, 0x0000,
};

// [08921dd0] tap_trial_2_bg_pal: 0x60 bytes defined, 0x140 copied
static const u16 rom_tap_trial_2_bg_pal[] = {
    0x57a2, 0x7fff, 0x56b5, 0x5db6, 0x69f9, 0x27ff, 0x0000, 0x0a95, 0x13fe, 0x0f59, 0x054a, 0x0f17, 0x73f5, 0x39df, 0x0000, 0x0000,
    0x0000, 0x0000, 0x0000, 0x0000, 0x0000, 0x0000, 0x0000, 0x0000, 0x0000, 0x0000, 0x0000, 0x13fe, 0x0000, 0x0000, 0x0000, 0x0000,
    0x0000, 0x0000, 0x0000, 0x0000, 0x0000, 0x27ff, 0x0000, 0x7fff, 0x4fff, 0x6bff, 0x054a, 0x73ff, 0x0000, 0x0000, 0x0000, 0x0000,
    0x0008, 0x00d0, 0x01f5, 0x01df, 0x00d0, 0x0003, 0x01df, 0x00e3, 0x41f0, 0x019e, 0x00e3, 0x5000, 0x019e, 0x00cc, 0x81f0, 0x0010,
    0x00e2, 0x41f8, 0x0180, 0x00f0, 0x41f0, 0x011d, 0x00f0, 0x5000, 0x011d, 0x0008, 0x00cf, 0x01f5, 0x01df, 0x00cf, 0x0003, 0x01df,
    0x00e3, 0x41f0, 0x019e, 0x00e3, 0x5000, 0x019e, 0x00cb, 0x81f0, 0x0010, 0x00e2, 0x41f8, 0x0180, 0x00f0, 0x41f0, 0x011d, 0x00f0,
    0x5000, 0x011d, 0x0008, 0x00ce, 0x01f5, 0x01df, 0x00ce, 0x0003, 0x01df, 0x00e3, 0x41f0, 0x019e, 0x00e3, 0x5000, 0x019e, 0x00e2,
    0x41f8, 0x0180, 0x00ca, 0x81f0, 0x0010, 0x00f0, 0x41f0, 0x011d, 0x00f0, 0x5000, 0x011d, 0x0007, 0x00df, 0x5000, 0x019e, 0x00df,
    0x41f0, 0x019e, 0x00c7, 0x81f0, 0x000c, 0x00d8, 0x41f8, 0x0115, 0x40e8, 0x01f8, 0x01d9, 0x00f0, 0x41f0, 0x011d, 0x00f0, 0x5000,
    0x011d, 0x0007, 0x00df, 0x5000, 0x019e, 0x00df, 0x41f0, 0x019e, 0x00c6, 0x81f0, 0x000c, 0x00d8, 0x41f8, 0x0115, 0x40e8, 0x01f8,
};

// [08921d90] tap_trial_2_obj_pal: 0x40 bytes defined, 0x140 copied
static const u16 rom_tap_trial_2_obj_pal[] = {
    0x57a2, 0x7fff, 0x56b5, 0x0a95, 0x66ce, 0x7f92, 0x7fff, 0x6b5a, 0x0000, 0x0aff, 0x5416, 0x323f, 0x047f, 0x0011, 0x5adf, 0x0000,
    0x57a2, 0x0000, 0x0000, 0x0000, 0x0000, 0x0000, 0x0000, 0x0000, 0x0000, 0x0000, 0x0000, 0x0000, 0x0000, 0x0aff, 0x0000, 0x0000,
    0x57a2, 0x7fff, 0x56b5, 0x5db6, 0x69f9, 0x27ff, 0x0000, 0x0a95, 0x13fe, 0x0f59, 0x054a, 0x0f17, 0x73f5, 0x39df, 0x0000, 0x0000,
    0x0000, 0x0000, 0x0000, 0x0000, 0x0000, 0x0000, 0x0000, 0x0000, 0x0000, 0x0000, 0x0000, 0x13fe, 0x0000, 0x0000, 0x0000, 0x0000,
    0x0000, 0x0000, 0x0000, 0x0000, 0x0000, 0x27ff, 0x0000, 0x7fff, 0x4fff, 0x6bff, 0x054a, 0x73ff, 0x0000, 0x0000, 0x0000, 0x0000,
    0x0008, 0x00d0, 0x01f5, 0x01df, 0x00d0, 0x0003, 0x01df, 0x00e3, 0x41f0, 0x019e, 0x00e3, 0x5000, 0x019e, 0x00cc, 0x81f0, 0x0010,
    0x00e2, 0x41f8, 0x0180, 0x00f0, 0x41f0, 0x011d, 0x00f0, 0x5000, 0x011d, 0x0008, 0x00cf, 0x01f5, 0x01df, 0x00cf, 0x0003, 0x01df,
    0x00e3, 0x41f0, 0x019e, 0x00e3, 0x5000, 0x019e, 0x00cb, 0x81f0, 0x0010, 0x00e2, 0x41f8, 0x0180, 0x00f0, 0x41f0, 0x011d, 0x00f0,
    0x5000, 0x011d, 0x0008, 0x00ce, 0x01f5, 0x01df, 0x00ce, 0x0003, 0x01df, 0x00e3, 0x41f0, 0x019e, 0x00e3, 0x5000, 0x019e, 0x00e2,
    0x41f8, 0x0180, 0x00ca, 0x81f0, 0x0010, 0x00f0, 0x41f0, 0x011d, 0x00f0, 0x5000, 0x011d, 0x0007, 0x00df, 0x5000, 0x019e, 0x00df,
};

// [088b7d28] tap_trial_2_prologue_bg_pal: 0x120 bytes defined, 0x140 copied
static const u16 rom_tap_trial_2_prologue_bg_pal[] = {
    0x2740, 0x0048, 0x1d06, 0x2d8b, 0x190b, 0x298e, 0x254a, 0x35ae, 0x3e11, 0x4634, 0x4e58, 0x5ab8, 0x62fb, 0x5af9, 0x6b7b, 0x7fff,
    0x0000, 0x0011, 0x1a14, 0x02fa, 0x1a7f, 0x36df, 0x471f, 0x3d90, 0x45d3, 0x4e56, 0x4277, 0x0000, 0x16b9, 0x02fa, 0x035e, 0x033c,
    0x2740, 0x14c4, 0x1d06, 0x2d8b, 0x190b, 0x298e, 0x254a, 0x35ae, 0x3e11, 0x4634, 0x4e58, 0x5ab8, 0x62fb, 0x4e95, 0x6b7b, 0x7fff,
    0x0000, 0x0000, 0x0000, 0x0000, 0x0000, 0x0000, 0x0000, 0x0000, 0x0000, 0x0000, 0x0000, 0x0000, 0x0000, 0x0000, 0x0000, 0x0000,
    0x57a2, 0x7fff, 0x56b5, 0x0a95, 0x66ce, 0x7f92, 0x7fff, 0x6b5a, 0x0000, 0x0aff, 0x5416, 0x323f, 0x047f, 0x0011, 0x5adf, 0x0000,
    0x0000, 0x0000, 0x0000, 0x0000, 0x0000, 0x0000, 0x0000, 0x0000, 0x0000, 0x0000, 0x0000, 0x0000, 0x0000, 0x0000, 0x0000, 0x0000,
    0x0000, 0x0000, 0x0000, 0x0000, 0x0000, 0x0000, 0x0000, 0x0000, 0x0000, 0x0000, 0x0000, 0x0000, 0x0000, 0x0000, 0x0000, 0x0000,
    0x0000, 0x0000, 0x0000, 0x0000, 0x0000, 0x0000, 0x0000, 0x5416, 0x44d8, 0x3599, 0x265b, 0x175d, 0x07ff, 0x075a, 0x0ab5, 0x0000,
    0x0000, 0x0011, 0x1a14, 0x5adf, 0x1a7f, 0x36df, 0x5b5f, 0x5416, 0x0617, 0x7fff, 0x2211, 0x4290, 0x632f, 0x632f, 0x3731, 0x2374,
    0x0001, 0x00f8, 0x0000, 0x003f, 0x0006, 0x80c8, 0x81a8, 0x000a, 0x80c8, 0x41b8, 0x000c, 0x00e8, 0x41a8, 0x0019, 0x80e8, 0x01b8,
};

// [088b7d08] tap_trial_2_prologue_obj_pal: 0x20 bytes defined, 0x140 copied
static const u16 rom_tap_trial_2_prologue_obj_pal[] = {
    0x0300, 0x0000, 0x39ce, 0x5ef7, 0x77bd, 0x7fff, 0x0000, 0x07df, 0x012a, 0x4002, 0x0000, 0x0000, 0x0000, 0x0000, 0x0000, 0x0000,
    0x2740, 0x0048, 0x1d06, 0x2d8b, 0x190b, 0x298e, 0x254a, 0x35ae, 0x3e11, 0x4634, 0x4e58, 0x5ab8, 0x62fb, 0x5af9, 0x6b7b, 0x7fff,
    0x0000, 0x0011, 0x1a14, 0x02fa, 0x1a7f, 0x36df, 0x471f, 0x3d90, 0x45d3, 0x4e56, 0x4277, 0x0000, 0x16b9, 0x02fa, 0x035e, 0x033c,
    0x2740, 0x14c4, 0x1d06, 0x2d8b, 0x190b, 0x298e, 0x254a, 0x35ae, 0x3e11, 0x4634, 0x4e58, 0x5ab8, 0x62fb, 0x4e95, 0x6b7b, 0x7fff,
    0x0000, 0x0000, 0x0000, 0x0000, 0x0000, 0x0000, 0x0000, 0x0000, 0x0000, 0x0000, 0x0000, 0x0000, 0x0000, 0x0000, 0x0000, 0x0000,
    0x57a2, 0x7fff, 0x56b5, 0x0a95, 0x66ce, 0x7f92, 0x7fff, 0x6b5a, 0x0000, 0x0aff, 0x5416, 0x323f, 0x047f, 0x0011, 0x5adf, 0x0000,
    0x0000, 0x0000, 0x0000, 0x0000, 0x0000, 0x0000, 0x0000, 0x0000, 0x0000, 0x0000, 0x0000, 0x0000, 0x0000, 0x0000, 0x0000, 0x0000,
    0x0000, 0x0000, 0x0000, 0x0000, 0x0000, 0x0000, 0x0000, 0x0000, 0x0000, 0x0000, 0x0000, 0x0000, 0x0000, 0x0000, 0x0000, 0x0000,
    0x0000, 0x0000, 0x0000, 0x0000, 0x0000, 0x0000, 0x0000, 0x5416, 0x44d8, 0x3599, 0x265b, 0x175d, 0x07ff, 0x075a, 0x0ab5, 0x0000,
    0x0000, 0x0011, 0x1a14, 0x5adf, 0x1a7f, 0x36df, 0x5b5f, 0x5416, 0x0617, 0x7fff, 0x2211, 0x4290, 0x632f, 0x632f, 0x3731, 0x2374,
};

// [08917590] tap_trial_bg_pal: 0x20 bytes defined, 0x140 copied
static const u16 rom_tap_trial_bg_pal[] = {
    0x57a2, 0x7fff, 0x56b5, 0x566c, 0x66ce, 0x7f92, 0x0000, 0x0000, 0x53b0, 0x67f6, 0x42ed, 0x5bf2, 0x73f5, 0x39df, 0x0000, 0x0000,
    0x000b, 0x00db, 0x41f0, 0x0208, 0x40eb, 0x01f0, 0x02fb, 0x00db, 0x5000, 0x0208, 0x40eb, 0x1000, 0x02fb, 0x00e8, 0x81e8, 0x008c,
    0x80e8, 0x8008, 0x011e, 0x0000, 0x41e0, 0x0214, 0x0010, 0x01e8, 0x0321, 0x0010, 0x01d8, 0x0321, 0x4000, 0x01e9, 0x02f3, 0x00f8,
    0x01d8, 0x0321, 0x0007, 0x00db, 0x41f0, 0x0208, 0x40eb, 0x01f0, 0x02fb, 0x00db, 0x5000, 0x0208, 0x40eb, 0x1000, 0x02fb, 0x00e8,
    0x81e8, 0x008c, 0x80e8, 0x8008, 0x011e, 0x4000, 0x01e9, 0x02f3, 0x0007, 0x00db, 0x41f0, 0x0204, 0x40eb, 0x01f0, 0x02ef, 0x00db,
    0x5000, 0x0204, 0x40eb, 0x1000, 0x02ef, 0x00e8, 0x81e8, 0x008c, 0x80e8, 0x8008, 0x011e, 0x4000, 0x01e9, 0x02f3, 0x0006, 0x00d9,
    0x41f1, 0x0208, 0x40e9, 0x01f1, 0x02fb, 0x00d9, 0x5001, 0x0208, 0x40e9, 0x1001, 0x02fb, 0x00e0, 0x81e8, 0x0000, 0x80e0, 0x8008,
    0x011c, 0x0006, 0x00d9, 0x41f1, 0x0204, 0x40e9, 0x01f1, 0x02ef, 0x00d9, 0x5001, 0x0204, 0x40e9, 0x1001, 0x02ef, 0x00e0, 0x81e8,
    0x0000, 0x80e0, 0x8008, 0x011c, 0x0006, 0x00d8, 0x41f1, 0x0208, 0x40e8, 0x01f1, 0x02fb, 0x00d8, 0x5001, 0x0208, 0x40e8, 0x1001,
    0x02fb, 0x00e0, 0x81e8, 0x0084, 0x80e0, 0x8008, 0x0182, 0x0006, 0x00d8, 0x41f1, 0x0204, 0x40e8, 0x01f1, 0x02ef, 0x00d8, 0x5001,
};

// [08917550] tap_trial_obj_pal: 0x40 bytes defined, 0x140 copied
static const u16 rom_tap_trial_obj_pal[] = {
    0x57a2, 0x7fff, 0x56b5, 0x566c, 0x66ce, 0x7f92, 0x0000, 0x0000, 0x0000, 0x0000, 0x15ff, 0x0000, 0x0000, 0x001f, 0x5adf, 0x0000,
    0x57a2, 0x0000, 0x0000, 0x0000, 0x0000, 0x0000, 0x0000, 0x0000, 0x0000, 0x0000, 0x0000, 0x0000, 0x0000, 0x0aff, 0x0000, 0x0000,
    0x57a2, 0x7fff, 0x56b5, 0x566c, 0x66ce, 0x7f92, 0x0000, 0x0000, 0x53b0, 0x67f6, 0x42ed, 0x5bf2, 0x73f5, 0x39df, 0x0000, 0x0000,
    0x000b, 0x00db, 0x41f0, 0x0208, 0x40eb, 0x01f0, 0x02fb, 0x00db, 0x5000, 0x0208, 0x40eb, 0x1000, 0x02fb, 0x00e8, 0x81e8, 0x008c,
    0x80e8, 0x8008, 0x011e, 0x0000, 0x41e0, 0x0214, 0x0010, 0x01e8, 0x0321, 0x0010, 0x01d8, 0x0321, 0x4000, 0x01e9, 0x02f3, 0x00f8,
    0x01d8, 0x0321, 0x0007, 0x00db, 0x41f0, 0x0208, 0x40eb, 0x01f0, 0x02fb, 0x00db, 0x5000, 0x0208, 0x40eb, 0x1000, 0x02fb, 0x00e8,
    0x81e8, 0x008c, 0x80e8, 0x8008, 0x011e, 0x4000, 0x01e9, 0x02f3, 0x0007, 0x00db, 0x41f0, 0x0204, 0x40eb, 0x01f0, 0x02ef, 0x00db,
    0x5000, 0x0204, 0x40eb, 0x1000, 0x02ef, 0x00e8, 0x81e8, 0x008c, 0x80e8, 0x8008, 0x011e, 0x4000, 0x01e9, 0x02f3, 0x0006, 0x00d9,
    0x41f1, 0x0208, 0x40e9, 0x01f1, 0x02fb, 0x00d9, 0x5001, 0x0208, 0x40e9, 0x1001, 0x02fb, 0x00e0, 0x81e8, 0x0000, 0x80e0, 0x8008,
    0x011c, 0x0006, 0x00d9, 0x41f1, 0x0204, 0x40e9, 0x01f1, 0x02ef, 0x00d9, 0x5001, 0x0204, 0x40e9, 0x1001, 0x02ef, 0x00e0, 0x81e8,
};

// [088b79d4] tap_trial_prologue_bg_pal: 0x60 bytes defined, 0x140 copied
static const u16 rom_tap_trial_prologue_bg_pal[] = {
    0x2740, 0x0048, 0x1d06, 0x2d8b, 0x190b, 0x298e, 0x254a, 0x35ae, 0x3e11, 0x4634, 0x4e58, 0x5ab8, 0x62fb, 0x5af9, 0x6b7b, 0x7fff,
    0x0000, 0x0433, 0x1a14, 0x2294, 0x1a7f, 0x36df, 0x5b5f, 0x0a9b, 0x0617, 0x0172, 0x2211, 0x4290, 0x632f, 0x632f, 0x3731, 0x2374,
    0x2740, 0x14c4, 0x1d06, 0x2d8b, 0x190b, 0x298e, 0x254a, 0x35ae, 0x3e11, 0x4634, 0x4e58, 0x5ab8, 0x62fb, 0x4e95, 0x6b7b, 0x7fff,
    0x0001, 0x00fc, 0x01fc, 0x0096, 0x0003, 0x40b4, 0xc1a0, 0x0010, 0x40b4, 0xc1e0, 0x0018, 0x80b4, 0x8020, 0x0090, 0x0003, 0x40b4,
    0xc1a4, 0x0010, 0x40b4, 0xc1e4, 0x0018, 0x80b4, 0x8024, 0x0090, 0x0003, 0x40b4, 0xc1a8, 0x0010, 0x40b4, 0xc1e8, 0x0018, 0x80b4,
    0x8028, 0x0090, 0x0003, 0x40b4, 0xc1ac, 0x0010, 0x40b4, 0xc1ec, 0x0018, 0x80b4, 0x802c, 0x0090, 0x0003, 0x40b4, 0xc1b0, 0x0010,
    0x40b4, 0xc1f0, 0x0018, 0x80b4, 0x8030, 0x0090, 0x0006, 0x40dc, 0xc1c0, 0x0008, 0x40d4, 0x01d8, 0x0092, 0x40dc, 0xc000, 0x0000,
    0x40b4, 0xc1b0, 0x0010, 0x40b4, 0xc1f0, 0x0018, 0x80b4, 0x8030, 0x0090, 0x0006, 0x40dc, 0xc1c4, 0x0008, 0x40d4, 0x01dc, 0x0092,
    0x40dc, 0xc004, 0x0000, 0x40b4, 0xc1b0, 0x0010, 0x40b4, 0xc1f0, 0x0018, 0x80b4, 0x8030, 0x0090, 0x0006, 0x40dc, 0xc1c8, 0x0008,
    0x40d4, 0x01e0, 0x0092, 0x40dc, 0xc008, 0x0000, 0x40b4, 0xc1b0, 0x0010, 0x40b4, 0xc1f0, 0x0018, 0x80b4, 0x8030, 0x0090, 0x0006,
};

// [088b79b4] tap_trial_prologue_obj_pal: 0x20 bytes defined, 0x140 copied
static const u16 rom_tap_trial_prologue_obj_pal[] = {
    0x0300, 0x0000, 0x39ce, 0x5ef7, 0x77bd, 0x7fff, 0x0000, 0x07df, 0x5880, 0x0000, 0x0000, 0x0000, 0x0000, 0x0000, 0x0000, 0x0000,
    0x2740, 0x0048, 0x1d06, 0x2d8b, 0x190b, 0x298e, 0x254a, 0x35ae, 0x3e11, 0x4634, 0x4e58, 0x5ab8, 0x62fb, 0x5af9, 0x6b7b, 0x7fff,
    0x0000, 0x0433, 0x1a14, 0x2294, 0x1a7f, 0x36df, 0x5b5f, 0x0a9b, 0x0617, 0x0172, 0x2211, 0x4290, 0x632f, 0x632f, 0x3731, 0x2374,
    0x2740, 0x14c4, 0x1d06, 0x2d8b, 0x190b, 0x298e, 0x254a, 0x35ae, 0x3e11, 0x4634, 0x4e58, 0x5ab8, 0x62fb, 0x4e95, 0x6b7b, 0x7fff,
    0x0001, 0x00fc, 0x01fc, 0x0096, 0x0003, 0x40b4, 0xc1a0, 0x0010, 0x40b4, 0xc1e0, 0x0018, 0x80b4, 0x8020, 0x0090, 0x0003, 0x40b4,
    0xc1a4, 0x0010, 0x40b4, 0xc1e4, 0x0018, 0x80b4, 0x8024, 0x0090, 0x0003, 0x40b4, 0xc1a8, 0x0010, 0x40b4, 0xc1e8, 0x0018, 0x80b4,
    0x8028, 0x0090, 0x0003, 0x40b4, 0xc1ac, 0x0010, 0x40b4, 0xc1ec, 0x0018, 0x80b4, 0x802c, 0x0090, 0x0003, 0x40b4, 0xc1b0, 0x0010,
    0x40b4, 0xc1f0, 0x0018, 0x80b4, 0x8030, 0x0090, 0x0006, 0x40dc, 0xc1c0, 0x0008, 0x40d4, 0x01d8, 0x0092, 0x40dc, 0xc000, 0x0000,
    0x40b4, 0xc1b0, 0x0010, 0x40b4, 0xc1f0, 0x0018, 0x80b4, 0x8030, 0x0090, 0x0006, 0x40dc, 0xc1c4, 0x0008, 0x40d4, 0x01dc, 0x0092,
    0x40dc, 0xc004, 0x0000, 0x40b4, 0xc1b0, 0x0010, 0x40b4, 0xc1f0, 0x0018, 0x80b4, 0x8030, 0x0090, 0x0006, 0x40dc, 0xc1c8, 0x0008,
};

// [0891eea0] tap_trial_remix_5_bg_pal: 0x20 bytes defined, 0x140 copied
static const u16 rom_tap_trial_remix_5_bg_pal[] = {
    0x57a2, 0x7fff, 0x56b5, 0x62a3, 0x6ee3, 0x7f43, 0x3981, 0x5569, 0x75ec, 0x7ef6, 0x6e2e, 0x7e91, 0x73f5, 0x39df, 0x0000, 0x0000,
    0x57a2, 0x7fff, 0x56b5, 0x566c, 0x66ce, 0x7f92, 0x62a3, 0x0000, 0x0000, 0x0000, 0x79bf, 0x02bd, 0x7d46, 0x747f, 0x5adf, 0x0000,
    0x57a2, 0x0000, 0x0000, 0x0000, 0x0000, 0x0000, 0x0000, 0x0000, 0x0000, 0x0000, 0x0000, 0x0000, 0x0000, 0x0aff, 0x0000, 0x0000,
    0x000b, 0x00db, 0x41f0, 0x0202, 0x40eb, 0x01f0, 0x02d8, 0x00db, 0x5000, 0x0202, 0x40eb, 0x1000, 0x02d8, 0x00e8, 0x81e8, 0x0088,
    0x80e8, 0x8008, 0x0182, 0x0000, 0x41e0, 0x020c, 0x0010, 0x01e8, 0x030f, 0x0010, 0x01d8, 0x030f, 0x4000, 0x01e9, 0x02fc, 0x00f8,
    0x01d8, 0x030f, 0x0007, 0x00db, 0x41f0, 0x0202, 0x40eb, 0x01f0, 0x02d8, 0x00db, 0x5000, 0x0202, 0x40eb, 0x1000, 0x02d8, 0x00e8,
    0x81e8, 0x0088, 0x80e8, 0x8008, 0x0182, 0x4000, 0x01e9, 0x02fc, 0x0007, 0x00db, 0x41f0, 0x0206, 0x40eb, 0x01f0, 0x02d4, 0x00db,
    0x5000, 0x0206, 0x40eb, 0x1000, 0x02d4, 0x00e8, 0x81e8, 0x0088, 0x80e8, 0x8008, 0x0182, 0x4000, 0x01e9, 0x02fc, 0x0006, 0x00d9,
    0x41f1, 0x0202, 0x40e9, 0x01f1, 0x02d8, 0x00d9, 0x5001, 0x0202, 0x40e9, 0x1001, 0x02d8, 0x00e0, 0x81e8, 0x0018, 0x80e0, 0x8008,
    0x011e, 0x0006, 0x00d9, 0x41f1, 0x0206, 0x40e9, 0x01f1, 0x02d4, 0x00d9, 0x5001, 0x0206, 0x40e9, 0x1001, 0x02d4, 0x00e0, 0x81e8,
};

// [0891eec0] tap_trial_remix_5_obj_pal: 0x40 bytes defined, 0x140 copied
static const u16 rom_tap_trial_remix_5_obj_pal[] = {
    0x57a2, 0x7fff, 0x56b5, 0x566c, 0x66ce, 0x7f92, 0x62a3, 0x0000, 0x0000, 0x0000, 0x79bf, 0x02bd, 0x7d46, 0x747f, 0x5adf, 0x0000,
    0x57a2, 0x0000, 0x0000, 0x0000, 0x0000, 0x0000, 0x0000, 0x0000, 0x0000, 0x0000, 0x0000, 0x0000, 0x0000, 0x0aff, 0x0000, 0x0000,
    0x000b, 0x00db, 0x41f0, 0x0202, 0x40eb, 0x01f0, 0x02d8, 0x00db, 0x5000, 0x0202, 0x40eb, 0x1000, 0x02d8, 0x00e8, 0x81e8, 0x0088,
    0x80e8, 0x8008, 0x0182, 0x0000, 0x41e0, 0x020c, 0x0010, 0x01e8, 0x030f, 0x0010, 0x01d8, 0x030f, 0x4000, 0x01e9, 0x02fc, 0x00f8,
    0x01d8, 0x030f, 0x0007, 0x00db, 0x41f0, 0x0202, 0x40eb, 0x01f0, 0x02d8, 0x00db, 0x5000, 0x0202, 0x40eb, 0x1000, 0x02d8, 0x00e8,
    0x81e8, 0x0088, 0x80e8, 0x8008, 0x0182, 0x4000, 0x01e9, 0x02fc, 0x0007, 0x00db, 0x41f0, 0x0206, 0x40eb, 0x01f0, 0x02d4, 0x00db,
    0x5000, 0x0206, 0x40eb, 0x1000, 0x02d4, 0x00e8, 0x81e8, 0x0088, 0x80e8, 0x8008, 0x0182, 0x4000, 0x01e9, 0x02fc, 0x0006, 0x00d9,
    0x41f1, 0x0202, 0x40e9, 0x01f1, 0x02d8, 0x00d9, 0x5001, 0x0202, 0x40e9, 0x1001, 0x02d8, 0x00e0, 0x81e8, 0x0018, 0x80e0, 0x8008,
    0x011e, 0x0006, 0x00d9, 0x41f1, 0x0206, 0x40e9, 0x01f1, 0x02d4, 0x00d9, 0x5001, 0x0206, 0x40e9, 0x1001, 0x02d4, 0x00e0, 0x81e8,
    0x0018, 0x80e0, 0x8008, 0x011e, 0x0006, 0x00d8, 0x41f1, 0x0202, 0x40e8, 0x01f1, 0x02d8, 0x00d8, 0x5001, 0x0202, 0x40e8, 0x1001,
};

// [0891ca04] tap_trial_remix_7_bg_pal: 0xe0 bytes defined, 0x140 copied
static const u16 rom_tap_trial_remix_7_bg_pal[] = {
    0x7fe8, 0x3a37, 0x7fff, 0x0000, 0x46df, 0x05ff, 0x001f, 0x0014, 0x0159, 0x0000, 0x29f7, 0x56b5, 0x39ce, 0x7fe8, 0x6245, 0x0000,
    0x7fe8, 0x3a37, 0x7fff, 0x0000, 0x0000, 0x0000, 0x0000, 0x0000, 0x0000, 0x04ef, 0x0575, 0x4e73, 0x39ce, 0x7fe8, 0x6245, 0x4583,
    0x7fe8, 0x3a37, 0x7fff, 0x1aff, 0x065b, 0x01d7, 0x01d6, 0x0000, 0x0000, 0x0000, 0x0000, 0x4e73, 0x0000, 0x0000, 0x0000, 0x0000,
    0x7fe8, 0x3a37, 0x7fff, 0x0edf, 0x0e9c, 0x0a38, 0x09f5, 0x0591, 0x054e, 0x00eb, 0x73ff, 0x5bff, 0x4b3a, 0x7fe8, 0x7f07, 0x4e73,
    0x7fe8, 0x3a37, 0x7fff, 0x7fea, 0x77aa, 0x6f69, 0x6728, 0x5ee7, 0x56a6, 0x0000, 0x0000, 0x0000, 0x0000, 0x0000, 0x0000, 0x0000,
    0x7fe8, 0x3a37, 0x7fff, 0x23fc, 0x0000, 0x45df, 0x001f, 0x0000, 0x1342, 0x0e62, 0x0000, 0x0000, 0x0000, 0x0000, 0x0000, 0x0000,
    0x7fe8, 0x7fff, 0x7fff, 0x0553, 0x09fb, 0x32df, 0x0000, 0x0000, 0x0000, 0x0000, 0x5ec8, 0x7fca, 0x7ff3, 0x39df, 0x0000, 0x0000,
    0x0009, 0x00e9, 0x01fd, 0x02b6, 0x00e8, 0x81e8, 0x0014, 0x80e8, 0x8008, 0x011a, 0x0000, 0x41e0, 0x01d9, 0x0010, 0x01e8, 0x02b7,
    0x0010, 0x01d8, 0x02b7, 0x4000, 0x01e9, 0x02a0, 0x00f8, 0x01d8, 0x02b7, 0x00d3, 0x81ee, 0x0004, 0x0005, 0x00e9, 0x01fd, 0x02b6,
    0x00e8, 0x81e8, 0x0014, 0x80e8, 0x8008, 0x011a, 0x4000, 0x01e9, 0x02a0, 0x00d3, 0x81ee, 0x0004, 0x0005, 0x00e9, 0x01fd, 0x02b6,
};

// [0891c964] tap_trial_remix_7_obj_pal: 0xa0 bytes defined, 0x140 copied
static const u16 rom_tap_trial_remix_7_obj_pal[] = {
    0x57a2, 0x7fff, 0x56b5, 0x566c, 0x66ce, 0x7f92, 0x05d5, 0x0000, 0x0000, 0x0000, 0x15ff, 0x4e7f, 0x001f, 0x7f8b, 0x5adf, 0x0000,
    0x57a2, 0x0000, 0x0000, 0x0000, 0x0000, 0x0000, 0x0000, 0x0000, 0x0000, 0x0000, 0x0000, 0x0000, 0x0000, 0x0aff, 0x0000, 0x0000,
    0x0000, 0x0000, 0x0000, 0x0000, 0x0000, 0x0000, 0x0000, 0x0000, 0x0000, 0x0000, 0x0000, 0x0000, 0x0000, 0x0000, 0x0000, 0x0000,
    0x0000, 0x0000, 0x0000, 0x0000, 0x0000, 0x0000, 0x0000, 0x0000, 0x0000, 0x0000, 0x0000, 0x0000, 0x0000, 0x0000, 0x0000, 0x0000,
    0x57a2, 0x76ff, 0x725d, 0x59d7, 0x0000, 0x0000, 0x0000, 0x0000, 0x0000, 0x0000, 0x0000, 0x0000, 0x0000, 0x001f, 0x7fff, 0x0000,
    0x7fe8, 0x3a37, 0x7fff, 0x0000, 0x46df, 0x05ff, 0x001f, 0x0014, 0x0159, 0x0000, 0x29f7, 0x56b5, 0x39ce, 0x7fe8, 0x6245, 0x0000,
    0x7fe8, 0x3a37, 0x7fff, 0x0000, 0x0000, 0x0000, 0x0000, 0x0000, 0x0000, 0x04ef, 0x0575, 0x4e73, 0x39ce, 0x7fe8, 0x6245, 0x4583,
    0x7fe8, 0x3a37, 0x7fff, 0x1aff, 0x065b, 0x01d7, 0x01d6, 0x0000, 0x0000, 0x0000, 0x0000, 0x4e73, 0x0000, 0x0000, 0x0000, 0x0000,
    0x7fe8, 0x3a37, 0x7fff, 0x0edf, 0x0e9c, 0x0a38, 0x09f5, 0x0591, 0x054e, 0x00eb, 0x73ff, 0x5bff, 0x4b3a, 0x7fe8, 0x7f07, 0x4e73,
    0x7fe8, 0x3a37, 0x7fff, 0x7fea, 0x77aa, 0x6f69, 0x6728, 0x5ee7, 0x56a6, 0x0000, 0x0000, 0x0000, 0x0000, 0x0000, 0x0000, 0x0000,
};

// [08919ee0] tap_trial_remix_8_bg_pal: 0x20 bytes defined, 0x140 copied
static const u16 rom_tap_trial_remix_8_bg_pal[] = {
    0x57a2, 0x7fff, 0x56b5, 0x4d06, 0x5d28, 0x7dac, 0x0000, 0x0000, 0x0000, 0x7bde, 0x5ec8, 0x7fca, 0x7ff3, 0x39df, 0x0000, 0x0000,
    0x000b, 0x00db, 0x41f0, 0x41dd, 0x40eb, 0x01f0, 0x42de, 0x00db, 0x5000, 0x41dd, 0x40eb, 0x1000, 0x42de, 0x00e8, 0x81e8, 0x4080,
    0x80e8, 0x8008, 0x4180, 0x0000, 0x41e0, 0x025e, 0x0010, 0x01e8, 0x0315, 0x0010, 0x01d8, 0x0315, 0x4000, 0x01e9, 0x42ec, 0x00f8,
    0x01d8, 0x0315, 0x0007, 0x00db, 0x41f0, 0x41dd, 0x40eb, 0x01f0, 0x42de, 0x00db, 0x5000, 0x41dd, 0x40eb, 0x1000, 0x42de, 0x00e8,
    0x81e8, 0x4080, 0x80e8, 0x8008, 0x4180, 0x4000, 0x01e9, 0x42ec, 0x0007, 0x00db, 0x41f0, 0x428a, 0x40eb, 0x01f0, 0x42f0, 0x00db,
    0x5000, 0x428a, 0x40eb, 0x1000, 0x42f0, 0x00e8, 0x81e8, 0x4080, 0x80e8, 0x8008, 0x4180, 0x4000, 0x01e9, 0x42ec, 0x0006, 0x00d9,
    0x41f1, 0x41dd, 0x40e9, 0x01f1, 0x42de, 0x00d9, 0x5001, 0x41dd, 0x40e9, 0x1001, 0x42de, 0x00e0, 0x81e8, 0x401c, 0x80e0, 0x8008,
    0x4182, 0x0006, 0x00d9, 0x41f1, 0x428a, 0x40e9, 0x01f1, 0x42f0, 0x00d9, 0x5001, 0x428a, 0x40e9, 0x1001, 0x42f0, 0x00e0, 0x81e8,
    0x401c, 0x80e0, 0x8008, 0x4182, 0x0006, 0x00d8, 0x41f1, 0x41dd, 0x40e8, 0x01f1, 0x42de, 0x00d8, 0x5001, 0x41dd, 0x40e8, 0x1001,
    0x42de, 0x00e0, 0x81e8, 0x4008, 0x80e0, 0x8008, 0x411c, 0x0006, 0x00d8, 0x41f1, 0x428a, 0x40e8, 0x01f1, 0x42f0, 0x00d8, 0x5001,
};

// [08919ea0] tap_trial_remix_8_obj_pal: 0x40 bytes defined, 0x140 copied
static const u16 rom_tap_trial_remix_8_obj_pal[] = {
    0x57a2, 0x7fff, 0x56b5, 0x4d06, 0x5d28, 0x7dac, 0x03a0, 0x0af6, 0x0ffe, 0x6f7f, 0x0d55, 0x0dbf, 0x659a, 0x7ddf, 0x3dff, 0x0000,
    0x57a2, 0x0000, 0x0000, 0x0000, 0x0000, 0x0000, 0x0000, 0x0000, 0x0000, 0x0000, 0x0000, 0x0000, 0x0000, 0x0aff, 0x0000, 0x0000,
    0x57a2, 0x7fff, 0x56b5, 0x4d06, 0x5d28, 0x7dac, 0x0000, 0x0000, 0x0000, 0x7bde, 0x5ec8, 0x7fca, 0x7ff3, 0x39df, 0x0000, 0x0000,
    0x000b, 0x00db, 0x41f0, 0x41dd, 0x40eb, 0x01f0, 0x42de, 0x00db, 0x5000, 0x41dd, 0x40eb, 0x1000, 0x42de, 0x00e8, 0x81e8, 0x4080,
    0x80e8, 0x8008, 0x4180, 0x0000, 0x41e0, 0x025e, 0x0010, 0x01e8, 0x0315, 0x0010, 0x01d8, 0x0315, 0x4000, 0x01e9, 0x42ec, 0x00f8,
    0x01d8, 0x0315, 0x0007, 0x00db, 0x41f0, 0x41dd, 0x40eb, 0x01f0, 0x42de, 0x00db, 0x5000, 0x41dd, 0x40eb, 0x1000, 0x42de, 0x00e8,
    0x81e8, 0x4080, 0x80e8, 0x8008, 0x4180, 0x4000, 0x01e9, 0x42ec, 0x0007, 0x00db, 0x41f0, 0x428a, 0x40eb, 0x01f0, 0x42f0, 0x00db,
    0x5000, 0x428a, 0x40eb, 0x1000, 0x42f0, 0x00e8, 0x81e8, 0x4080, 0x80e8, 0x8008, 0x4180, 0x4000, 0x01e9, 0x42ec, 0x0006, 0x00d9,
    0x41f1, 0x41dd, 0x40e9, 0x01f1, 0x42de, 0x00d9, 0x5001, 0x41dd, 0x40e9, 0x1001, 0x42de, 0x00e0, 0x81e8, 0x401c, 0x80e0, 0x8008,
    0x4182, 0x0006, 0x00d9, 0x41f1, 0x428a, 0x40e9, 0x01f1, 0x42f0, 0x00d9, 0x5001, 0x428a, 0x40e9, 0x1001, 0x42f0, 0x00e0, 0x81e8,
};

// [0890d5a8] title_pal: 0xe0 bytes defined, 0x200 copied
static const u16 rom_title_pal[] = {
    0x4339, 0x0421, 0x0dbf, 0x119b, 0x2192, 0x18e9, 0x165b, 0x0b1f, 0x7cc9, 0x4210, 0x7cc9, 0x7d6e, 0x7e12, 0x7eb7, 0x7f5b, 0x7fff,
    0x1b21, 0x0000, 0x0000, 0x0000, 0x0000, 0x0000, 0x0000, 0x0000, 0x7d6e, 0x0000, 0x7cc9, 0x692d, 0x51b2, 0x3a36, 0x22bb, 0x0b1f,
    0x0000, 0x0000, 0x0000, 0x0000, 0x0000, 0x0000, 0x0000, 0x0000, 0x7e12, 0x0000, 0x7cc9, 0x68ed, 0x5132, 0x3956, 0x217b, 0x0dbf,
    0x0000, 0x0000, 0x0000, 0x0000, 0x0000, 0x0000, 0x0000, 0x0000, 0x7eb7, 0x0000, 0x0000, 0x0000, 0x0000, 0x0000, 0x0000, 0x0000,
    0x0000, 0x0000, 0x0000, 0x739c, 0x0000, 0x0000, 0x0000, 0x0000, 0x7f5b, 0x0000, 0x0000, 0x0000, 0x0000, 0x0000, 0x0000, 0x2d4b,
    0x3d47, 0x0000, 0x0000, 0x7fff, 0x0000, 0x0000, 0x0000, 0x0000, 0x0000, 0x0000, 0x0000, 0x0000, 0x0000, 0x0000, 0x0000, 0x0000,
    0x0000, 0x5e1e, 0x625f, 0x6a9f, 0x6eff, 0x733f, 0x777f, 0x7bbf, 0x7fff, 0x7bdf, 0x7fff, 0x5e1e, 0x0000, 0x0000, 0x5e1e, 0x0000,
    0x0005, 0x40df, 0xc1e0, 0x1008, 0x40ff, 0x81e0, 0x10c0, 0x40ff, 0x8000, 0x109c, 0x4010, 0x81e0, 0x1088, 0x4010, 0x8000, 0x108c,
    0x0005, 0x40e0, 0xc1e0, 0x1008, 0x4000, 0x81e0, 0x10c0, 0x4000, 0x8000, 0x109c, 0x4010, 0x81e0, 0x1088, 0x4010, 0x8000, 0x108c,
    0x0005, 0x40e1, 0xc1e0, 0x1008, 0x4001, 0x81e0, 0x10c0, 0x4001, 0x8000, 0x109c, 0x4010, 0x81e0, 0x1088, 0x4010, 0x8000, 0x108c,
    0x0005, 0x4010, 0x81e0, 0x1088, 0x4010, 0x8000, 0x108c, 0x40e0, 0xc1e0, 0x1018, 0x4000, 0x81e0, 0x1094, 0x4000, 0x8000, 0x1098,
    0x0005, 0x4010, 0x81e0, 0x1088, 0x4010, 0x8000, 0x108c, 0x40e1, 0xc1e0, 0x1018, 0x4001, 0x81e0, 0x1094, 0x4001, 0x8000, 0x1098,
    0x0005, 0x4010, 0x81e0, 0x1088, 0x4010, 0x8000, 0x108c, 0x40e2, 0xc1e0, 0x1018, 0x4002, 0x81e0, 0x1094, 0x4002, 0x8000, 0x1098,
    0x0013, 0x4010, 0x8000, 0x108c, 0x40e2, 0xc1e0, 0x1000, 0x4002, 0x81e0, 0x1080, 0x4002, 0x8000, 0x1084, 0x4010, 0x81e0, 0x1088,
    0x00e0, 0x0002, 0x10c9, 0x00e0, 0x01f6, 0x10c9, 0x00df, 0x0011, 0x10c9, 0x00e5, 0x0019, 0x10c9, 0x00f0, 0x001b, 0x10c9, 0x00fc,
    0x0019, 0x10c9, 0x0005, 0x0012, 0x10c9, 0x0009, 0x0008, 0x10c9, 0x0005, 0x01e6, 0x10c9, 0x00fc, 0x01df, 0x10c9, 0x00f0, 0x01dd,
};

// [088b8408] toss_boys_2_prologue_bg_pal: 0x20 bytes defined, 0x140 copied
static const u16 rom_toss_boys_2_prologue_bg_pal[] = {
    0x7fff, 0x0000, 0x0c60, 0x0025, 0x000b, 0x0011, 0x40e0, 0x0019, 0x05a0, 0x001f, 0x79c0, 0x020f, 0x0b40, 0x0bc0, 0x0338, 0x03dd,
    0x000c, 0x00c8, 0x81a0, 0x5004, 0x80c8, 0x81c0, 0x5016, 0x40e8, 0x81a0, 0x5084, 0x00e8, 0x41c0, 0x5088, 0x40f8, 0x41a0, 0x508a,
    0x40f8, 0x01c0, 0x5094, 0x00c8, 0x8030, 0x5000, 0x80c8, 0x8050, 0x5014, 0x40e8, 0x8030, 0x5080, 0x00e8, 0x4050, 0x505e, 0x40f8,
    0x4030, 0x508e, 0x40f8, 0x0050, 0x5092, 0x000d, 0x00b0, 0x41f8, 0x101e, 0x8098, 0x81b8, 0x100c, 0x8098, 0x41c8, 0x101d, 0x8098,
    0x81d0, 0x100a, 0x8098, 0x41e0, 0x101b, 0x8098, 0x81e8, 0x1012, 0x8098, 0x41f8, 0x1019, 0x8098, 0x8000, 0x1010, 0x8098, 0x4010,
    0x1018, 0x8098, 0x8018, 0x100e, 0x8098, 0x4028, 0x101a, 0x8098, 0x8030, 0x1008, 0x8098, 0x4040, 0x101c, 0x000d, 0x00b0, 0x41f8,
    0x101e, 0x8090, 0x81b8, 0x100c, 0x8090, 0x41c8, 0x101d, 0x8098, 0x81d0, 0x100a, 0x8098, 0x41e0, 0x101b, 0x8098, 0x81e8, 0x1012,
    0x8098, 0x41f8, 0x1019, 0x8098, 0x8000, 0x1010, 0x8098, 0x4010, 0x1018, 0x8098, 0x8018, 0x100e, 0x8098, 0x4028, 0x101a, 0x8098,
    0x8030, 0x1008, 0x8098, 0x4040, 0x101c, 0x000d, 0x00b0, 0x41f8, 0x101e, 0x8094, 0x81b8, 0x100c, 0x8094, 0x41c8, 0x101d, 0x8090,
    0x81d0, 0x100a, 0x8090, 0x41e0, 0x101b, 0x8098, 0x81e8, 0x1012, 0x8098, 0x41f8, 0x1019, 0x8098, 0x8000, 0x1010, 0x8098, 0x4010,
};

// [088b83c8] toss_boys_2_prologue_obj_pal: 0x40 bytes defined, 0x140 copied
static const u16 rom_toss_boys_2_prologue_obj_pal[] = {
    0x7e86, 0x7fff, 0x7c00, 0x001f, 0x7c1f, 0x03e0, 0x7fe0, 0x03ff, 0x35ad, 0x35ad, 0x35ad, 0x35ad, 0x35ad, 0x35ad, 0x35ad, 0x7fff,
    0x0000, 0x0000, 0x7c00, 0x001f, 0x7c1f, 0x03e0, 0x7fe0, 0x03ff, 0x35ad, 0x35ad, 0x35ad, 0x35ad, 0x35ad, 0x35ad, 0x35ad, 0x0000,
    0x7fff, 0x0000, 0x0c60, 0x0025, 0x000b, 0x0011, 0x40e0, 0x0019, 0x05a0, 0x001f, 0x79c0, 0x020f, 0x0b40, 0x0bc0, 0x0338, 0x03dd,
    0x000c, 0x00c8, 0x81a0, 0x5004, 0x80c8, 0x81c0, 0x5016, 0x40e8, 0x81a0, 0x5084, 0x00e8, 0x41c0, 0x5088, 0x40f8, 0x41a0, 0x508a,
    0x40f8, 0x01c0, 0x5094, 0x00c8, 0x8030, 0x5000, 0x80c8, 0x8050, 0x5014, 0x40e8, 0x8030, 0x5080, 0x00e8, 0x4050, 0x505e, 0x40f8,
    0x4030, 0x508e, 0x40f8, 0x0050, 0x5092, 0x000d, 0x00b0, 0x41f8, 0x101e, 0x8098, 0x81b8, 0x100c, 0x8098, 0x41c8, 0x101d, 0x8098,
    0x81d0, 0x100a, 0x8098, 0x41e0, 0x101b, 0x8098, 0x81e8, 0x1012, 0x8098, 0x41f8, 0x1019, 0x8098, 0x8000, 0x1010, 0x8098, 0x4010,
    0x1018, 0x8098, 0x8018, 0x100e, 0x8098, 0x4028, 0x101a, 0x8098, 0x8030, 0x1008, 0x8098, 0x4040, 0x101c, 0x000d, 0x00b0, 0x41f8,
    0x101e, 0x8090, 0x81b8, 0x100c, 0x8090, 0x41c8, 0x101d, 0x8098, 0x81d0, 0x100a, 0x8098, 0x41e0, 0x101b, 0x8098, 0x81e8, 0x1012,
    0x8098, 0x41f8, 0x1019, 0x8098, 0x8000, 0x1010, 0x8098, 0x4010, 0x1018, 0x8098, 0x8018, 0x100e, 0x8098, 0x4028, 0x101a, 0x8098,
};

// [088b8118] toss_boys_prologue_bg_pal: 0x20 bytes defined, 0x140 copied
static const u16 rom_toss_boys_prologue_bg_pal[] = {
    0x0f80, 0x318c, 0x3def, 0x4a52, 0x56b5, 0x5ef7, 0x6739, 0x6f7b, 0x739c, 0x77bd, 0x7fff, 0x0000, 0x0000, 0x0000, 0x0000, 0x0000,
    0x0001, 0x00f8, 0x0000, 0x003f, 0x0006, 0x80c8, 0x81a8, 0x000a, 0x80c8, 0x41b8, 0x000c, 0x00e8, 0x41a8, 0x0019, 0x80e8, 0x01b8,
    0x001c, 0x40f8, 0x01a8, 0x0057, 0x00f8, 0x01b8, 0x003f, 0x0008, 0x80c8, 0x81a8, 0x000a, 0x80c8, 0x41b8, 0x000c, 0x00e8, 0x41a8,
    0x0019, 0x80e8, 0x01b8, 0x001c, 0x40f8, 0x01a8, 0x0057, 0x00f8, 0x01b8, 0x003f, 0x00d8, 0x81c0, 0x0000, 0x40f8, 0x41c0, 0x004f,
    0x000f, 0x80c8, 0x81a8, 0x000a, 0x80c8, 0x41b8, 0x000c, 0x00e8, 0x41a8, 0x0019, 0x80e8, 0x01b8, 0x001c, 0x40f8, 0x01a8, 0x0057,
    0x00f8, 0x01b8, 0x003f, 0x00d8, 0x81c0, 0x0000, 0x40f8, 0x41c0, 0x004f, 0x00c8, 0x81e0, 0x0004, 0x80c8, 0x4000, 0x000d, 0x40e8,
    0x81e0, 0x000f, 0x80e8, 0x0000, 0x001b, 0x40f8, 0x41e0, 0x0053, 0x00f8, 0x0000, 0x005b, 0x00c0, 0x41f8, 0x0015, 0x0011, 0x80c8,
    0x81a8, 0x000a, 0x80c8, 0x41b8, 0x000c, 0x00e8, 0x41a8, 0x0019, 0x80e8, 0x01b8, 0x001c, 0x40f8, 0x01a8, 0x0057, 0x00f8, 0x01b8,
    0x003f, 0x00d8, 0x81c0, 0x0000, 0x40f8, 0x41c0, 0x004f, 0x00c8, 0x81e0, 0x0004, 0x80c8, 0x4000, 0x000d, 0x40e8, 0x81e0, 0x000f,
    0x80e8, 0x0000, 0x001b, 0x40f8, 0x41e0, 0x0053, 0x00f8, 0x0000, 0x005b, 0x00e0, 0x4008, 0x0013, 0x80e0, 0x0018, 0x001d, 0x00c0,
};

// [088b80d8] toss_boys_prologue_obj_pal: 0x40 bytes defined, 0x140 copied
static const u16 rom_toss_boys_prologue_obj_pal[] = {
    0x7e86, 0x0000, 0x7c00, 0x001f, 0x7c1f, 0x03e0, 0x7fe0, 0x03ff, 0x35ad, 0x35ad, 0x35ad, 0x35ad, 0x35ad, 0x35ad, 0x35ad, 0x7fff,
    0x0000, 0x0000, 0x7c00, 0x001f, 0x7c1f, 0x03e0, 0x7fe0, 0x03ff, 0x35ad, 0x35ad, 0x35ad, 0x35ad, 0x35ad, 0x35ad, 0x35ad, 0x0000,
    0x0f80, 0x318c, 0x3def, 0x4a52, 0x56b5, 0x5ef7, 0x6739, 0x6f7b, 0x739c, 0x77bd, 0x7fff, 0x0000, 0x0000, 0x0000, 0x0000, 0x0000,
    0x0001, 0x00f8, 0x0000, 0x003f, 0x0006, 0x80c8, 0x81a8, 0x000a, 0x80c8, 0x41b8, 0x000c, 0x00e8, 0x41a8, 0x0019, 0x80e8, 0x01b8,
    0x001c, 0x40f8, 0x01a8, 0x0057, 0x00f8, 0x01b8, 0x003f, 0x0008, 0x80c8, 0x81a8, 0x000a, 0x80c8, 0x41b8, 0x000c, 0x00e8, 0x41a8,
    0x0019, 0x80e8, 0x01b8, 0x001c, 0x40f8, 0x01a8, 0x0057, 0x00f8, 0x01b8, 0x003f, 0x00d8, 0x81c0, 0x0000, 0x40f8, 0x41c0, 0x004f,
    0x000f, 0x80c8, 0x81a8, 0x000a, 0x80c8, 0x41b8, 0x000c, 0x00e8, 0x41a8, 0x0019, 0x80e8, 0x01b8, 0x001c, 0x40f8, 0x01a8, 0x0057,
    0x00f8, 0x01b8, 0x003f, 0x00d8, 0x81c0, 0x0000, 0x40f8, 0x41c0, 0x004f, 0x00c8, 0x81e0, 0x0004, 0x80c8, 0x4000, 0x000d, 0x40e8,
    0x81e0, 0x000f, 0x80e8, 0x0000, 0x001b, 0x40f8, 0x41e0, 0x0053, 0x00f8, 0x0000, 0x005b, 0x00c0, 0x41f8, 0x0015, 0x0011, 0x80c8,
    0x81a8, 0x000a, 0x80c8, 0x41b8, 0x000c, 0x00e8, 0x41a8, 0x0019, 0x80e8, 0x01b8, 0x001c, 0x40f8, 0x01a8, 0x0057, 0x00f8, 0x01b8,
};

// [0890dbc8] toys_menu_pal: 0x180 bytes defined, 0x200 copied
static const u16 rom_toys_menu_pal[] = {
    0x0277, 0x0000, 0x1df6, 0x252a, 0x6b5b, 0x14df, 0x54c4, 0x6a3f, 0x7e4d, 0x0bff, 0x06a0, 0x0fe0, 0x7fa0, 0x001f, 0x4a53, 0x7fff,
    0x3ec7, 0x0000, 0x14df, 0x4a53, 0x6b5b, 0x0bff, 0x4100, 0x7f20, 0x7e81, 0x169e, 0x01c6, 0x1d9f, 0x3f3f, 0x7d3e, 0x5adf, 0x7fff,
    0x0000, 0x0000, 0x0000, 0x0000, 0x0000, 0x0000, 0x0000, 0x0000, 0x0000, 0x0000, 0x0000, 0x0000, 0x1571, 0x0000, 0x0000, 0x0000,
    0x6310, 0x0000, 0x0089, 0x0000, 0x0000, 0x001f, 0x0098, 0x0000, 0x6e20, 0x0bff, 0x0000, 0x0000, 0x0000, 0x0000, 0x6b5b, 0x7fff,
    0x0277, 0x0bff, 0x0b7c, 0x0b9e, 0x5fff, 0x2f9f, 0x1af6, 0x4a52, 0x05f0, 0x0bdf, 0x012b, 0x24bf, 0x2087, 0x0dd6, 0x30eb, 0x7fff,
    0x0000, 0x0000, 0x0000, 0x0000, 0x0000, 0x0000, 0x0000, 0x0000, 0x0000, 0x0000, 0x0000, 0x0000, 0x0000, 0x0000, 0x0000, 0x0000,
    0x0000, 0x0000, 0x0000, 0x0000, 0x0000, 0x0000, 0x0000, 0x0000, 0x0000, 0x0000, 0x0000, 0x0000, 0x0000, 0x0000, 0x0000, 0x0000,
    0x0000, 0x0000, 0x0000, 0x0000, 0x0000, 0x0000, 0x0000, 0x0000, 0x0000, 0x0000, 0x0000, 0x0000, 0x0000, 0x0000, 0x0000, 0x0000,
    0x11a0, 0x0000, 0x252a, 0x0000, 0x54c4, 0x54c4, 0x54c4, 0x54c4, 0x0000, 0x54c4, 0x54c4, 0x000e, 0x2f9f, 0x001f, 0x4a53, 0x7fff,
    0x4100, 0x252a, 0x7fff, 0x252a, 0x54c4, 0x54c4, 0x54c4, 0x54c4, 0x54c4, 0x54c4, 0x54c4, 0x54c4, 0x54c4, 0x54c4, 0x54c4, 0x54c4,
    0x0277, 0x0000, 0x0000, 0x0000, 0x0000, 0x0000, 0x0000, 0x0000, 0x0000, 0x0000, 0x0000, 0x0000, 0x0000, 0x0000, 0x0000, 0x0000,
    0x0277, 0x012b, 0x0000, 0x0000, 0x0000, 0x0000, 0x0000, 0x0000, 0x0000, 0x0000, 0x0000, 0x0000, 0x0000, 0x0000, 0x0000, 0x0000,
    0x0003, 0x00f8, 0x41f8, 0x1112, 0x40f8, 0x4008, 0x111a, 0x4000, 0x4008, 0x113a, 0x0003, 0x00f6, 0x41f8, 0x1112, 0x40fa, 0x400a,
    0x111a, 0x4002, 0x4006, 0x113a, 0x0001, 0x00e0, 0xc1e0, 0x1008, 0x0001, 0x00e0, 0xc1e0, 0x1000, 0x0001, 0x00e0, 0xc1e0, 0x1018,
    0x0001, 0x00e0, 0xc1e0, 0x1010, 0x0001, 0x00f8, 0x41f8, 0x1114, 0x0001, 0x00f8, 0x41f8, 0x2118, 0x0001, 0x00f8, 0x41f8, 0x1116,
    0x0001, 0x00f8, 0x41f8, 0x2104, 0x0001, 0x00e9, 0x41f4, 0x1106, 0x0001, 0x00e9, 0x41f4, 0x2100, 0x0001, 0x0009, 0x41fd, 0x110a,
};

// [0892fc58] tram_pauline_obj_pal: 0xe0 bytes defined, 0x140 copied
static const u16 rom_tram_pauline_obj_pal[] = {
    0x57a2, 0x7fff, 0x56b5, 0x566c, 0x66ce, 0x7f92, 0x6318, 0x0000, 0x0000, 0x0000, 0x26bf, 0x0000, 0x0000, 0x001f, 0x5adf, 0x0000,
    0x57a2, 0x0000, 0x0000, 0x0000, 0x0000, 0x0000, 0x0000, 0x0000, 0x0000, 0x0000, 0x0000, 0x0000, 0x0000, 0x0aff, 0x0000, 0x0000,
    0x57a2, 0x6b93, 0x3ad1, 0x507f, 0x0000, 0x7fff, 0x03df, 0x27d8, 0x1f96, 0x0b33, 0x02f1, 0x068e, 0x01c6, 0x0000, 0x0000, 0x0000,
    0x57a2, 0x7fff, 0x56b5, 0x566c, 0x66ce, 0x7f92, 0x0000, 0x0000, 0x0000, 0x0000, 0x7d3e, 0x0000, 0x0000, 0x001f, 0x5adf, 0x0000,
    0x57a2, 0x0000, 0x0000, 0x0000, 0x0000, 0x0000, 0x0000, 0x0000, 0x0000, 0x0000, 0x0000, 0x0000, 0x0000, 0x0000, 0x0000, 0x0000,
    0x57a2, 0x7fff, 0x0000, 0x0000, 0x0000, 0x0000, 0x6318, 0x7f0f, 0x5e4b, 0x219f, 0x26bf, 0x3e38, 0x4b5f, 0x001f, 0x4ebf, 0x0000,
    0x57a2, 0x7fff, 0x0000, 0x0000, 0x7d3e, 0x0000, 0x6318, 0x7f0f, 0x5e4b, 0x219f, 0x7d3e, 0x3e38, 0x4b5f, 0x001f, 0x4ebf, 0x0000,
    0x0240, 0x02c3, 0x253f, 0x18dc, 0x0c78, 0x0015, 0x000f, 0x529f, 0x0000, 0x6318, 0x72d5, 0x7fff, 0x43df, 0x0254, 0x079f, 0x4210,
    0x0240, 0x4216, 0x4237, 0x4a57, 0x4659, 0x4a7a, 0x4e7c, 0x4e9c, 0x56b9, 0x631b, 0x72d5, 0x6f7d, 0x77be, 0x7fff, 0x075d, 0x4fdf,
    0x0240, 0x0000, 0x0000, 0x0000, 0x0000, 0x0000, 0x0000, 0x0000, 0x0000, 0x0000, 0x0000, 0x0000, 0x0000, 0x0000, 0x0000, 0x0000,
};

// [088b88ac] tram_pauline_prologue_pal: 0xe0 bytes defined, 0x140 copied
static const u16 rom_tram_pauline_prologue_pal[] = {
    0x78df, 0x02c3, 0x253f, 0x0c78, 0x0015, 0x000f, 0x1232, 0x35ad, 0x16f8, 0x1fff, 0x7fff, 0x43df, 0x211f, 0x4210, 0x5ef7, 0x0000,
    0x78df, 0x02c3, 0x253f, 0x0000, 0x7d3e, 0x0000, 0x0000, 0x7f0f, 0x0000, 0x1fff, 0x0000, 0x7cc5, 0x0365, 0x555f, 0x7fff, 0x0000,
    0x0000, 0x0000, 0x0000, 0x0000, 0x0000, 0x0000, 0x0000, 0x0000, 0x0000, 0x0000, 0x0000, 0x0000, 0x0000, 0x0000, 0x0000, 0x0000,
    0x0000, 0x0000, 0x0000, 0x0000, 0x0000, 0x0000, 0x0000, 0x0000, 0x0000, 0x0000, 0x0000, 0x0000, 0x0000, 0x0000, 0x0000, 0x0000,
    0x0000, 0x0000, 0x0000, 0x0000, 0x0000, 0x0000, 0x0000, 0x0000, 0x0000, 0x0000, 0x0000, 0x0000, 0x0000, 0x0000, 0x0000, 0x0000,
    0x78df, 0x6312, 0x0000, 0x0000, 0x0000, 0x0000, 0x6318, 0x7f0f, 0x5e4b, 0x1939, 0x1e19, 0x3e38, 0x3a9a, 0x001f, 0x4ebf, 0x0000,
    0x78df, 0x6312, 0x0000, 0x0000, 0x7d3e, 0x0000, 0x6318, 0x7f0f, 0x5e4b, 0x219f, 0x7d39, 0x3e38, 0x3a9a, 0x001f, 0x4ebf, 0x0000,
    0x0001, 0x00fc, 0x01fc, 0x009e, 0x0001, 0x4016, 0x4000, 0x008e, 0x0002, 0x4010, 0x8000, 0x0017, 0x8010, 0x0020, 0x008c, 0x0002,
    0x4011, 0x8000, 0x0013, 0x8011, 0x0020, 0x008b, 0x0002, 0x0008, 0x8000, 0x0000, 0x8008, 0x4020, 0x000c, 0x0003, 0x0000, 0x8000,
    0x0004, 0x8000, 0x4020, 0x000e, 0x4020, 0x4000, 0x0096, 0x0004, 0x0000, 0x8000, 0x0008, 0x8000, 0x4020, 0x000d, 0x4020, 0x4000,
};

// [0892d504] tram_pauline_remix_3_bg_pal: 0x60 bytes defined, 0x140 copied
static const u16 rom_tram_pauline_remix_3_bg_pal[] = {
    0x0000, 0x02c0, 0x0300, 0x0320, 0x0340, 0x0380, 0x03a0, 0x1f83, 0x3f67, 0x5f4a, 0x7f2e, 0x7f51, 0x7f95, 0x7fb8, 0x7fdc, 0x7fff,
    0x0000, 0x0200, 0x0260, 0x02c0, 0x0320, 0x0360, 0x03a0, 0x03e0, 0x7e83, 0x7ec8, 0x7f2e, 0x7f74, 0x7fba, 0x7fff, 0x0000, 0x0000,
    0x0000, 0x0200, 0x0260, 0x02c0, 0x0320, 0x0360, 0x03a0, 0x2360, 0x4321, 0x5ee2, 0x7e83, 0x7ee8, 0x7f2e, 0x7f74, 0x7fba, 0x7fff,
    0x0001, 0x00f8, 0x0000, 0x0293, 0x000e, 0x00d7, 0x41f0, 0x0190, 0x40e7, 0x01f0, 0x026e, 0x00d7, 0x5000, 0x0190, 0x40e7, 0x1000,
    0x026e, 0x00e8, 0x41e8, 0x01c2, 0x80e8, 0x01f8, 0x0216, 0x40f8, 0x01e8, 0x027a, 0x00f8, 0x01f8, 0x028f, 0x00e8, 0x5008, 0x01c2,
    0x80e8, 0x1000, 0x0216, 0x40f8, 0x1008, 0x027a, 0x00f8, 0x1000, 0x028f, 0x40f2, 0x41e2, 0x0157, 0x40fa, 0x41e2, 0x0177, 0x000e,
    0x00d8, 0x41f0, 0x0190, 0x40e8, 0x01f0, 0x026e, 0x00d8, 0x5000, 0x0190, 0x40e8, 0x1000, 0x026e, 0x00e8, 0x41e8, 0x01c2, 0x80e8,
    0x01f8, 0x0216, 0x40f8, 0x01e8, 0x027a, 0x00f8, 0x01f8, 0x028f, 0x00e8, 0x5008, 0x01c2, 0x80e8, 0x1000, 0x0216, 0x40f8, 0x1008,
    0x027a, 0x00f8, 0x1000, 0x028f, 0x40f1, 0x41e2, 0x0157, 0x40f9, 0x41e2, 0x0177, 0x000e, 0x00da, 0x41f0, 0x0190, 0x40ea, 0x01f0,
    0x026e, 0x00da, 0x5000, 0x0190, 0x40ea, 0x1000, 0x026e, 0x00e8, 0x41e8, 0x01c2, 0x80e8, 0x01f8, 0x0216, 0x40f8, 0x01e8, 0x027a,
};

// [0892d424] tram_pauline_tutorial_pal: 0xe0 bytes defined, 0x140 copied
static const u16 rom_tram_pauline_tutorial_pal[] = {
    0x57a2, 0x7fff, 0x56b5, 0x566c, 0x66ce, 0x7f92, 0x6318, 0x0000, 0x0000, 0x0000, 0x26bf, 0x0000, 0x0000, 0x001f, 0x5adf, 0x0000,
    0x57a2, 0x0000, 0x0000, 0x0000, 0x0000, 0x0000, 0x0000, 0x0000, 0x0000, 0x0000, 0x0000, 0x0000, 0x0000, 0x0aff, 0x0000, 0x0000,
    0x57a2, 0x6b93, 0x3ad1, 0x507f, 0x0000, 0x7fff, 0x03df, 0x27d8, 0x1f96, 0x0b33, 0x02f1, 0x068e, 0x01c6, 0x0000, 0x0000, 0x0000,
    0x57a2, 0x7fff, 0x56b5, 0x566c, 0x66ce, 0x7f92, 0x0000, 0x0000, 0x0000, 0x0000, 0x7d3e, 0x0000, 0x0000, 0x001f, 0x5adf, 0x0000,
    0x57a2, 0x0000, 0x0000, 0x0000, 0x0000, 0x0000, 0x0000, 0x0000, 0x0000, 0x0000, 0x0000, 0x0000, 0x0000, 0x0000, 0x0000, 0x0000,
    0x57a2, 0x7fff, 0x0000, 0x0000, 0x0000, 0x0000, 0x6318, 0x7f0f, 0x5e4b, 0x219f, 0x26bf, 0x3e38, 0x4b5f, 0x001f, 0x4ebf, 0x0000,
    0x57a2, 0x7fff, 0x0000, 0x0000, 0x0000, 0x0000, 0x6318, 0x7f0f, 0x5e4b, 0x219f, 0x7d3e, 0x3e38, 0x4b5f, 0x001f, 0x4ebf, 0x0000,
    0x0000, 0x02c0, 0x0300, 0x0320, 0x0340, 0x0380, 0x03a0, 0x1f83, 0x3f67, 0x5f4a, 0x7f2e, 0x7f51, 0x7f95, 0x7fb8, 0x7fdc, 0x7fff,
    0x0000, 0x0200, 0x0260, 0x02c0, 0x0320, 0x0360, 0x03a0, 0x03e0, 0x7e83, 0x7ec8, 0x7f2e, 0x7f74, 0x7fba, 0x7fff, 0x0000, 0x0000,
    0x0000, 0x0200, 0x0260, 0x02c0, 0x0320, 0x0360, 0x03a0, 0x2360, 0x4321, 0x5ee2, 0x7e83, 0x7ee8, 0x7f2e, 0x7f74, 0x7fba, 0x7fff,
};

// [088b8e70] wizards_waltz_prologue_pal: 0x60 bytes defined, 0x140 copied
static const u16 rom_wizards_waltz_prologue_pal[] = {
    0x56b5, 0x3417, 0x7fff, 0x4b5f, 0x180f, 0x3532, 0x20a0, 0x3eba, 0x6739, 0x03dd, 0x035b, 0x02b4, 0x2d4c, 0x00ac, 0x019b, 0x3004,
    0x42b2, 0x0000, 0x7fff, 0x67df, 0x4fbf, 0x337f, 0x015f, 0x025f, 0x02ff, 0x5c17, 0x3c0f, 0x001a, 0x0000, 0x0368, 0x02e7, 0x0225,
    0x56b5, 0x0d6f, 0x7fff, 0x4b5f, 0x1a9a, 0x3417, 0x4e7f, 0x67df, 0x4fbf, 0x337f, 0x1aba, 0x0000, 0x0000, 0x0000, 0x0000, 0x18df,
    0x0001, 0x00fb, 0x01fd, 0x009f, 0x0004, 0x00e0, 0x81ac, 0x0004, 0x80e0, 0x41cc, 0x001c, 0x4000, 0x81ac, 0x0084, 0x8000, 0x01cc,
    0x001f, 0x0008, 0x00e0, 0x81ac, 0x0004, 0x80e0, 0x41cc, 0x001c, 0x4000, 0x81ac, 0x0084, 0x8000, 0x01cc, 0x001f, 0x00e0, 0x81d4,
    0x0008, 0x80e0, 0x41f4, 0x001b, 0x4000, 0x81d4, 0x008c, 0x8000, 0x01f4, 0x005f, 0x000b, 0x00e0, 0x81ac, 0x0004, 0x80e0, 0x41cc,
    0x001c, 0x4000, 0x81ac, 0x0084, 0x8000, 0x01cc, 0x001f, 0x00e0, 0x81d4, 0x0008, 0x80e0, 0x41f4, 0x001b, 0x4000, 0x81d4, 0x008c,
    0x8000, 0x01f4, 0x005f, 0x00e0, 0x81fc, 0x000c, 0x4000, 0x81fc, 0x0088, 0x4010, 0x41fc, 0x0099, 0x0011, 0x00e0, 0x81ac, 0x0004,
    0x80e0, 0x41cc, 0x001c, 0x4000, 0x81ac, 0x0084, 0x8000, 0x01cc, 0x001f, 0x00e0, 0x81d4, 0x0008, 0x80e0, 0x41f4, 0x001b, 0x4000,
    0x81d4, 0x008c, 0x8000, 0x01f4, 0x005f, 0x00e0, 0x81fc, 0x000c, 0x4000, 0x81fc, 0x0088, 0x4010, 0x41fc, 0x0099, 0x00e8, 0x801c,
};

const struct PcPalOverread gPcPalOverreads[] = {
    { arrival_pal, rom_arrival_pal, 0x200 },
    { bon_dance_bg_pal, rom_bon_dance_bg_pal, 0x140 },
    { bon_dance_prologue_bg_pal, rom_bon_dance_prologue_bg_pal, 0x140 },
    { bon_dance_prologue_obj_pal, rom_bon_dance_prologue_obj_pal, 0x140 },
    { bon_odori_bg_pal, rom_bon_odori_bg_pal, 0x140 },
    { bon_odori_prologue_bg_pal, rom_bon_odori_prologue_bg_pal, 0x140 },
    { bon_odori_prologue_obj_pal, rom_bon_odori_prologue_obj_pal, 0x140 },
    { bouncy_road_prologue_pal, rom_bouncy_road_prologue_pal, 0x140 },
    { bunny_hop_prologue_pal, rom_bunny_hop_prologue_pal, 0x140 },
    { bunny_hop_remix_3_pal, rom_bunny_hop_remix_3_pal, 0x140 },
    { cafe_bg_pal, rom_cafe_bg_pal, 0x200 },
    { cafe_obj_pal, rom_cafe_obj_pal, 0x200 },
    { cat_machine_pal, rom_cat_machine_pal, 0x140 },
    { clappy_trio_bg_pal, rom_clappy_trio_bg_pal, 0x140 },
    { clappy_trio_obj_pal, rom_clappy_trio_obj_pal, 0x140 },
    { clappy_trio_prologue_bg_pal, rom_clappy_trio_prologue_bg_pal, 0x140 },
    { clappy_trio_prologue_obj_pal, rom_clappy_trio_prologue_obj_pal, 0x140 },
    { cosmic_dance_bg_pal, rom_cosmic_dance_bg_pal, 0x140 },
    { cosmic_dance_obj_pal, rom_cosmic_dance_obj_pal, 0x140 },
    { cosmic_dance_prologue_bg_pal, rom_cosmic_dance_prologue_bg_pal, 0x140 },
    { cosmic_dance_prologue_obj_pal, rom_cosmic_dance_prologue_obj_pal, 0x140 },
    { data_room_pal, rom_data_room_pal, 0x200 },
    { drum_boys_bg_pal, rom_drum_boys_bg_pal, 0x140 },
    { drum_boys_obj_pal, rom_drum_boys_obj_pal, 0x140 },
    { drum_girls_bg_pal, rom_drum_girls_bg_pal, 0x140 },
    { drum_girls_obj_pal, rom_drum_girls_obj_pal, 0x140 },
    { drum_intro_play_pal, rom_drum_intro_play_pal, 0x140 },
    { drum_intro_talk_pal, rom_drum_intro_talk_pal, 0x140 },
    { drum_lessons_bg_screen_pal, rom_drum_lessons_bg_screen_pal, 0x200 },
    { drum_lessons_obj_pal, rom_drum_lessons_obj_pal, 0x200 },
    { drum_live_menu_pal, rom_drum_live_menu_pal, 0x140 },
    { drum_samurai_band_bg_pal, rom_drum_samurai_band_bg_pal, 0x140 },
    { drum_samurai_band_obj_pal, rom_drum_samurai_band_obj_pal, 0x140 },
    { endless_menu_pal, rom_endless_menu_pal, 0x200 },
    { game_select_bg_overlay_pal, rom_game_select_bg_overlay_pal, 0x100 },
    { game_select_obj_pal, rom_game_select_obj_pal, 0x200 },
    { karate_man_2_pal, rom_karate_man_2_pal, 0x140 },
    { karate_man_pal, rom_karate_man_pal, 0x200 },
    { karate_man_prologue_bg_pal, rom_karate_man_prologue_bg_pal, 0x140 },
    { karate_man_prologue_obj_pal, rom_karate_man_prologue_obj_pal, 0x140 },
    { lessons_menu_pal, rom_lessons_menu_pal, 0x200 },
    { love_machine_pal, rom_love_machine_pal, 0x140 },
    { main_menu_pal, rom_main_menu_pal, 0x200 },
    { mannequin_factory_pal, rom_mannequin_factory_pal, 0x140 },
    { marching_orders_2_bg_pal, rom_marching_orders_2_bg_pal, 0x140 },
    { marching_orders_2_obj_pal, rom_marching_orders_2_obj_pal, 0x140 },
    { marching_orders_2_prologue_bg_pal, rom_marching_orders_2_prologue_bg_pal, 0x140 },
    { marching_orders_2_prologue_obj_pal, rom_marching_orders_2_prologue_obj_pal, 0x140 },
    { marching_orders_bg_pal, rom_marching_orders_bg_pal, 0x140 },
    { marching_orders_obj_pal, rom_marching_orders_obj_pal, 0x140 },
    { marching_orders_prologue_bg_pal, rom_marching_orders_prologue_bg_pal, 0x140 },
    { marching_orders_prologue_obj_pal, rom_marching_orders_prologue_obj_pal, 0x140 },
    { marching_orders_remix_7_bg_pal, rom_marching_orders_remix_7_bg_pal, 0x140 },
    { marching_orders_remix_7_obj_pal, rom_marching_orders_remix_7_obj_pal, 0x140 },
    { metronome_pal, rom_metronome_pal, 0x140 },
    { night_walk_prologue_pal, rom_night_walk_prologue_pal, 0x140 },
    { ninja_bodyguard_bg_pal, rom_ninja_bodyguard_bg_pal, 0x140 },
    { ninja_bodyguard_obj_pal, rom_ninja_bodyguard_obj_pal, 0x140 },
    { ninja_bodyguard_prologue_pal, rom_ninja_bodyguard_prologue_pal, 0x140 },
    { ninja_reincarnate_bg_pal, rom_ninja_reincarnate_bg_pal, 0x140 },
    { ninja_reincarnate_obj_pal, rom_ninja_reincarnate_obj_pal, 0x140 },
    { ninja_reincarnate_prologue_pal, rom_ninja_reincarnate_prologue_pal, 0x140 },
    { options_pal, rom_options_pal, 0x200 },
    { perfect_certificate_pal, rom_perfect_certificate_pal, 0x200 },
    { power_calligraphy_prologue_pal, rom_power_calligraphy_prologue_pal, 0x140 },
    { quiz_show_bg_pal, rom_quiz_show_bg_pal, 0x140 },
    { quiz_show_obj_pal, rom_quiz_show_obj_pal, 0x140 },
    { quiz_show_prologue_pal, rom_quiz_show_prologue_pal, 0x140 },
    { rank_results_pal, rom_rank_results_pal, 0x200 },
    { rap_machine_pal, rom_rap_machine_pal, 0x140 },
    { rap_men_bg_pal, rom_rap_men_bg_pal, 0x140 },
    { rap_men_obj_pal, rom_rap_men_obj_pal, 0x140 },
    { rap_men_prologue_pal, rom_rap_men_prologue_pal, 0x140 },
    { rap_women_bg_pal, rom_rap_women_bg_pal, 0x140 },
    { rap_women_obj_pal, rom_rap_women_obj_pal, 0x140 },
    { rap_women_prologue_pal, rom_rap_women_prologue_pal, 0x140 },
    { rat_race_prologue_pal, rom_rat_race_prologue_pal, 0x140 },
    { reading_obj_pal, rom_reading_obj_pal, 0x200 },
    { reading_style_bulletin_pal, rom_reading_style_bulletin_pal, 0x200 },
    { reading_style_cherry_pal, rom_reading_style_cherry_pal, 0x200 },
    { reading_style_classroom_pal, rom_reading_style_classroom_pal, 0x200 },
    { reading_style_cooking_pal, rom_reading_style_cooking_pal, 0x200 },
    { reading_style_haiku_pal, rom_reading_style_haiku_pal, 0x200 },
    { reading_style_mail_pal, rom_reading_style_mail_pal, 0x200 },
    { reading_style_manzai_pal, rom_reading_style_manzai_pal, 0x200 },
    { reading_style_sea_pal, rom_reading_style_sea_pal, 0x200 },
    { reading_style_train_pal, rom_reading_style_train_pal, 0x200 },
    { remix_1_prologue_bg_pal, rom_remix_1_prologue_bg_pal, 0x140 },
    { remix_1_prologue_obj_pal, rom_remix_1_prologue_obj_pal, 0x140 },
    { remix_2_prologue_pal, rom_remix_2_prologue_pal, 0x140 },
    { remix_3_prologue_pal, rom_remix_3_prologue_pal, 0x140 },
    { remix_4_prologue_pal, rom_remix_4_prologue_pal, 0x140 },
    { remix_5_prologue_pal, rom_remix_5_prologue_pal, 0x140 },
    { remix_6_prologue_pal, rom_remix_6_prologue_pal, 0x140 },
    { remix_7_prologue_pal, rom_remix_7_prologue_pal, 0x140 },
    { remix_8_prologue_pal, rom_remix_8_prologue_pal, 0x140 },
    { rhythm_tweezers_2_pal, rom_rhythm_tweezers_2_pal, 0x140 },
    { rhythm_tweezers_pal, rom_rhythm_tweezers_pal, 0x140 },
    { rhythm_tweezers_prologue_bg_pal, rom_rhythm_tweezers_prologue_bg_pal, 0x140 },
    { rhythm_tweezers_prologue_obj_pal, rom_rhythm_tweezers_prologue_obj_pal, 0x140 },
    { samurai_slice_prologue_pal, rom_samurai_slice_prologue_pal, 0x140 },
    { score_results_pal, rom_score_results_pal, 0x200 },
    { showtime_bg_pal, rom_showtime_bg_pal, 0x140 },
    { showtime_obj_pal, rom_showtime_obj_pal, 0x140 },
    { showtime_prologue_pal, rom_showtime_prologue_pal, 0x140 },
    { showtime_remix_3_bg_pal, rom_showtime_remix_3_bg_pal, 0x140 },
    { sick_beats_prologue_pal, rom_sick_beats_prologue_pal, 0x140 },
    { snappy_trio_bg_pal, rom_snappy_trio_bg_pal, 0x140 },
    { snappy_trio_prologue_pal, rom_snappy_trio_prologue_pal, 0x140 },
    { sneaky_spirits_prologue_pal, rom_sneaky_spirits_prologue_pal, 0x140 },
    { space_dance_bg_pal, rom_space_dance_bg_pal, 0x140 },
    { space_dance_obj_pal, rom_space_dance_obj_pal, 0x140 },
    { space_dance_prologue_pal, rom_space_dance_prologue_pal, 0x140 },
    { space_dance_remix_3_bg_pal, rom_space_dance_remix_3_bg_pal, 0x140 },
    { spaceball_prologue_bg_pal, rom_spaceball_prologue_bg_pal, 0x140 },
    { spaceball_prologue_obj_pal, rom_spaceball_prologue_obj_pal, 0x140 },
    { studio_bg_pal, rom_studio_bg_pal, 0x200 },
    { tanuki_and_monkey_bg_pal, rom_tanuki_and_monkey_bg_pal, 0x140 },
    { tanuki_and_monkey_obj_pal, rom_tanuki_and_monkey_obj_pal, 0xc0 },
    { tap_trial_2_bg_pal, rom_tap_trial_2_bg_pal, 0x140 },
    { tap_trial_2_obj_pal, rom_tap_trial_2_obj_pal, 0x140 },
    { tap_trial_2_prologue_bg_pal, rom_tap_trial_2_prologue_bg_pal, 0x140 },
    { tap_trial_2_prologue_obj_pal, rom_tap_trial_2_prologue_obj_pal, 0x140 },
    { tap_trial_bg_pal, rom_tap_trial_bg_pal, 0x140 },
    { tap_trial_obj_pal, rom_tap_trial_obj_pal, 0x140 },
    { tap_trial_prologue_bg_pal, rom_tap_trial_prologue_bg_pal, 0x140 },
    { tap_trial_prologue_obj_pal, rom_tap_trial_prologue_obj_pal, 0x140 },
    { tap_trial_remix_5_bg_pal, rom_tap_trial_remix_5_bg_pal, 0x140 },
    { tap_trial_remix_5_obj_pal, rom_tap_trial_remix_5_obj_pal, 0x140 },
    { tap_trial_remix_7_bg_pal, rom_tap_trial_remix_7_bg_pal, 0x140 },
    { tap_trial_remix_7_obj_pal, rom_tap_trial_remix_7_obj_pal, 0x140 },
    { tap_trial_remix_8_bg_pal, rom_tap_trial_remix_8_bg_pal, 0x140 },
    { tap_trial_remix_8_obj_pal, rom_tap_trial_remix_8_obj_pal, 0x140 },
    { title_pal, rom_title_pal, 0x200 },
    { toss_boys_2_prologue_bg_pal, rom_toss_boys_2_prologue_bg_pal, 0x140 },
    { toss_boys_2_prologue_obj_pal, rom_toss_boys_2_prologue_obj_pal, 0x140 },
    { toss_boys_prologue_bg_pal, rom_toss_boys_prologue_bg_pal, 0x140 },
    { toss_boys_prologue_obj_pal, rom_toss_boys_prologue_obj_pal, 0x140 },
    { toys_menu_pal, rom_toys_menu_pal, 0x200 },
    { tram_pauline_obj_pal, rom_tram_pauline_obj_pal, 0x140 },
    { tram_pauline_prologue_pal, rom_tram_pauline_prologue_pal, 0x140 },
    { tram_pauline_remix_3_bg_pal, rom_tram_pauline_remix_3_bg_pal, 0x140 },
    { tram_pauline_tutorial_pal, rom_tram_pauline_tutorial_pal, 0x140 },
    { wizards_waltz_prologue_pal, rom_wizards_waltz_prologue_pal, 0x140 },
};

const u32 gPcPalOverreadCount = ARRAY_COUNT(gPcPalOverreads);
